{"layout":"docs","title":"Breadcrumb","description":"Indicate the current page's location within a navigational hierarchy that automatically adds separators via CSS.","group":"components","body":"<h2 id=\"example\">Example</h2>\n<p>{{capture ‘example’}}</p>\n<nav aria-label=\"breadcrumb\">\n  <ol class=\"breadcrumb\">\n    <li class=\"breadcrumb-item active\" aria-current=\"page\">Home</li>\n  </ol>\n</nav>\n\n<nav aria-label=\"breadcrumb\">\n  <ol class=\"breadcrumb\">\n    <li class=\"breadcrumb-item\"><a href=\"#\">Home</a></li>\n    <li class=\"breadcrumb-item active\" aria-current=\"page\">Library</li>\n  </ol>\n</nav>\n\n<p><nav aria-label=\"breadcrumb\">\n  <ol class=\"breadcrumb\">\n    <li class=\"breadcrumb-item\"><a href=\"#\">Home</a></li>\n    <li class=\"breadcrumb-item\"><a href=\"#\">Library</a></li>\n    <li class=\"breadcrumb-item active\" aria-current=\"page\">Data</li>\n  </ol></p>\n<p></nav></p>\n<p></div>\n{{include ‘example’ content=example}}</p>\n<h2 id=\"changing-the-separator\">Changing the separator</h2>\n<p>Separators are automatically added in CSS through <a href=\"https://developer.mozilla.org/en-US/docs/Web/CSS/::before\"><code>::before</code></a> and <a href=\"https://developer.mozilla.org/en-US/docs/Web/CSS/content\"><code>content</code></a>. They can be changed by changing <code>$breadcrumb-divider</code>. The <a href=\"https://sass-lang.com/documentation/Sass/Script/Functions.html#quote-instance_method\">quote</a> function is needed to generate the quotes around a string, so if you want <code>&gt;</code> as seperator, you can use this:</p>\n<p><code>scss\n$breadcrumb-divider: quote(&quot;&gt;&quot;);</code></p>\n<p>It’s also possible to use a <strong>base64 embedded SVG icon</strong>:</p>\n<p><code>scss\n$breadcrumb-divider: url(data:image/svg+xml;base64,PHN2ZyB4bWxucz0iaHR0cDovL3d3dy53My5vcmcvMjAwMC9zdmciIHdpZHRoPSI4IiBoZWlnaHQ9IjgiPjxwYXRoIGQ9Ik0yLjUgMEwxIDEuNSAzLjUgNCAxIDYuNSAyLjUgOGw0LTQtNC00eiIgZmlsbD0iY3VycmVudENvbG9yIi8+PC9zdmc+);</code></p>\n<p>The separator can be removed by setting <code>$breadcrumb-divider</code> to <code>none</code>:</p>\n<p><code>scss\n$breadcrumb-divider: none;</code></p>\n<h2 id=\"accessibility\">Accessibility</h2>\n<p>Since breadcrumbs provide a navigation, it’s a good idea to add a meaningful label such as <code>aria-label=&quot;breadcrumb&quot;</code> to describe the type of navigation provided in the <code>&lt;nav&gt;</code> element, as well as applying an <code>aria-current=&quot;page&quot;</code> to the last item of the set to indicate that it represents the current page.</p>\n<p>For more information, see the <a href=\"https://www.w3.org/TR/wai-aria-practices/#breadcrumb\">WAI-ARIA Authoring Practices for the breadcrumb pattern</a>.</p>\n","updatedAt":"2018-06-06T20:04:50.000Z"}