{"layout":"docs","title":"Button group","description":"Group a series of buttons together on a single line with the button group, and super-power them with JavaScript.","group":"components","toc":true,"body":"<h2 id=\"basic-example\">Basic example</h2>\n<p>Wrap a series of buttons with <code>.btn</code> in <code>.btn-group</code>. Add on optional JavaScript radio and checkbox style behavior with <a href=\"%7B%7B%20shared.baseurl%20%7D%7D/docs/%7B%7B%20shared.docs_version%20%7D%7D/components/buttons/#button-plugin\">our buttons plugin</a>.</p>\n<p>{{capture ‘example’}}</p>\n<div class=\"btn-group\" role=\"group\" aria-label=\"Basic example\">\n  <button type=\"button\" class=\"btn btn-secondary\">Left</button>\n  <button type=\"button\" class=\"btn btn-secondary\">Middle</button>\n  <button type=\"button\" class=\"btn btn-secondary\">Right</button>\n</div>\n</div>\n{{include 'example' content=example}}\n\n<div class=\"fkd-callout fkd-callout-warning\">\n##### Ensure correct `role` and provide a label\n\nIn order for assistive technologies (such as screen readers) to convey that a series of buttons is grouped, an appropriate `role` attribute needs to be provided. For button groups, this would be `role=\"group\"`, while toolbars should have a `role=\"toolbar\"`.\n\nIn addition, groups and toolbars should be given an explicit label, as most assistive technologies will otherwise not announce them, despite the presence of the correct role attribute. In the examples provided here, we use `aria-label`, but alternatives such as `aria-labelledby` can also be used.\n</div>\n\n\n<h2 id=\"button-toolbar\">Button toolbar</h2>\n<p>Combine sets of button groups into button toolbars for more complex components. Use utility classes as needed to space out groups, buttons, and more.</p>\n<p>{{capture ‘example’}}</p>\n<div class=\"btn-toolbar\" role=\"toolbar\" aria-label=\"Toolbar with button groups\">\n  <div class=\"btn-group mr-2\" role=\"group\" aria-label=\"First group\">\n    <button type=\"button\" class=\"btn btn-secondary\">1</button>\n    <button type=\"button\" class=\"btn btn-secondary\">2</button>\n    <button type=\"button\" class=\"btn btn-secondary\">3</button>\n    <button type=\"button\" class=\"btn btn-secondary\">4</button>\n  </div>\n  <div class=\"btn-group mr-2\" role=\"group\" aria-label=\"Second group\">\n    <button type=\"button\" class=\"btn btn-secondary\">5</button>\n    <button type=\"button\" class=\"btn btn-secondary\">6</button>\n    <button type=\"button\" class=\"btn btn-secondary\">7</button>\n  </div>\n  <div class=\"btn-group\" role=\"group\" aria-label=\"Third group\">\n    <button type=\"button\" class=\"btn btn-secondary\">8</button>\n  </div>\n</div>\n</div>\n{{include 'example' content=example}}\n\nFeel free to mix input groups with button groups in your toolbars. Similar to the example above, you'll likely need some utilities though to space things properly.\n\n{{capture 'example'}}\n<div class=\"btn-toolbar mb-3\" role=\"toolbar\" aria-label=\"Toolbar with button groups\">\n  <div class=\"btn-group mr-2\" role=\"group\" aria-label=\"First group\">\n    <button type=\"button\" class=\"btn btn-secondary\">1</button>\n    <button type=\"button\" class=\"btn btn-secondary\">2</button>\n    <button type=\"button\" class=\"btn btn-secondary\">3</button>\n    <button type=\"button\" class=\"btn btn-secondary\">4</button>\n  </div>\n  <div class=\"input-group\">\n    <div class=\"input-group-prepend\">\n      <div class=\"input-group-text\" id=\"btnGroupAddon\">@</div>\n    </div>\n    <input type=\"text\" class=\"form-control\" placeholder=\"Input group example\" aria-label=\"Input group example\" aria-describedby=\"btnGroupAddon\">\n  </div>\n</div>\n\n<div class=\"btn-toolbar justify-content-between\" role=\"toolbar\" aria-label=\"Toolbar with button groups\">\n  <div class=\"btn-group\" role=\"group\" aria-label=\"First group\">\n    <button type=\"button\" class=\"btn btn-secondary\">1</button>\n    <button type=\"button\" class=\"btn btn-secondary\">2</button>\n    <button type=\"button\" class=\"btn btn-secondary\">3</button>\n    <button type=\"button\" class=\"btn btn-secondary\">4</button>\n  </div>\n  <div class=\"input-group\">\n    <div class=\"input-group-prepend\">\n      <div class=\"input-group-text\" id=\"btnGroupAddon2\">@</div>\n    </div>\n    <input type=\"text\" class=\"form-control\" placeholder=\"Input group example\" aria-label=\"Input group example\" aria-describedby=\"btnGroupAddon2\">\n  </div>\n</div>\n</div>\n{{include 'example' content=example}}\n\n## Sizing\n\nInstead of applying button sizing classes to every button in a group, just add `.btn-group-*` to each `.btn-group`, including each one when nesting multiple groups.\n\n<div class=\"fkd-example\">\n  <div class=\"btn-group btn-group-lg\" role=\"group\" aria-label=\"Large button group\">\n    <button type=\"button\" class=\"btn btn-secondary\">Left</button>\n    <button type=\"button\" class=\"btn btn-secondary\">Middle</button>\n    <button type=\"button\" class=\"btn btn-secondary\">Right</button>\n  </div>\n  <br>\n  <div class=\"btn-group\" role=\"group\" aria-label=\"Default button group\">\n    <button type=\"button\" class=\"btn btn-secondary\">Left</button>\n    <button type=\"button\" class=\"btn btn-secondary\">Middle</button>\n    <button type=\"button\" class=\"btn btn-secondary\">Right</button>\n  </div>\n  <br>\n  <div class=\"btn-group btn-group-sm\" role=\"group\" aria-label=\"Small button group\">\n    <button type=\"button\" class=\"btn btn-secondary\">Left</button>\n    <button type=\"button\" class=\"btn btn-secondary\">Middle</button>\n    <button type=\"button\" class=\"btn btn-secondary\">Right</button>\n  </div>\n</div>\n\n<p><code>`</code>html</p>\n<div class=\"btn-group btn-group-lg\" role=\"group\" aria-label=\"...\">...</div>\n<div class=\"btn-group\" role=\"group\" aria-label=\"...\">...</div>\n<div class=\"btn-group btn-group-sm\" role=\"group\" aria-label=\"...\">...</div>\n```\n\n## Nesting\n\nPlace a `.btn-group` within another `.btn-group` when you want dropdown menus mixed with a series of buttons.\n\n{{capture 'example'}}\n<div class=\"btn-group\" role=\"group\" aria-label=\"Button group with nested dropdown\">\n  <button type=\"button\" class=\"btn btn-secondary\">1</button>\n  <button type=\"button\" class=\"btn btn-secondary\">2</button>\n\n  <div class=\"btn-group\" role=\"group\">\n    <button id=\"btnGroupDrop1\" type=\"button\" class=\"btn btn-secondary dropdown-toggle\" data-toggle=\"dropdown\" aria-haspopup=\"true\" aria-expanded=\"false\">\n      Dropdown\n    </button>\n    <div class=\"dropdown-menu\" aria-labelledby=\"btnGroupDrop1\">\n      <a class=\"dropdown-item\" href=\"#\">Dropdown link</a>\n      <a class=\"dropdown-item\" href=\"#\">Dropdown link</a>\n    </div>\n  </div>\n</div>\n</div>\n{{include 'example' content=example}}\n\n## Vertical variation\n\nMake a set of buttons appear vertically stacked rather than horizontally. **Split button dropdowns are not supported here.**\n\n<div class=\"fkd-example\">\n  <div class=\"btn-group-vertical\" role=\"group\" aria-label=\"Vertical button group\">\n    <button type=\"button\" class=\"btn btn-secondary\">Button</button>\n    <button type=\"button\" class=\"btn btn-secondary\">Button</button>\n    <button type=\"button\" class=\"btn btn-secondary\">Button</button>\n    <button type=\"button\" class=\"btn btn-secondary\">Button</button>\n    <button type=\"button\" class=\"btn btn-secondary\">Button</button>\n    <button type=\"button\" class=\"btn btn-secondary\">Button</button>\n  </div>\n</div>\n\n\n<div class=\"fkd-example\">\n  <div class=\"btn-group-vertical\" role=\"group\" aria-label=\"Vertical button group\">\n    <button type=\"button\" class=\"btn btn-secondary\">Button</button>\n    <button type=\"button\" class=\"btn btn-secondary\">Button</button>\n    <div class=\"btn-group\" role=\"group\">\n      <button id=\"btnGroupVerticalDrop1\" type=\"button\" class=\"btn btn-secondary dropdown-toggle\" data-toggle=\"dropdown\" aria-haspopup=\"true\" aria-expanded=\"false\">\n        Dropdown\n      </button>\n      <div class=\"dropdown-menu\" aria-labelledby=\"btnGroupVerticalDrop1\">\n        <a class=\"dropdown-item\" href=\"#\">Dropdown link</a>\n        <a class=\"dropdown-item\" href=\"#\">Dropdown link</a>\n      </div>\n    </div>\n    <button type=\"button\" class=\"btn btn-secondary\">Button</button>\n    <button type=\"button\" class=\"btn btn-secondary\">Button</button>\n    <div class=\"btn-group\" role=\"group\">\n      <button id=\"btnGroupVerticalDrop2\" type=\"button\" class=\"btn btn-secondary dropdown-toggle\" data-toggle=\"dropdown\" aria-haspopup=\"true\" aria-expanded=\"false\">\n        Dropdown\n      </button>\n      <div class=\"dropdown-menu\" aria-labelledby=\"btnGroupVerticalDrop2\">\n        <a class=\"dropdown-item\" href=\"#\">Dropdown link</a>\n        <a class=\"dropdown-item\" href=\"#\">Dropdown link</a>\n      </div>\n    </div>\n    <div class=\"btn-group\" role=\"group\">\n      <button id=\"btnGroupVerticalDrop3\" type=\"button\" class=\"btn btn-secondary dropdown-toggle\" data-toggle=\"dropdown\" aria-haspopup=\"true\" aria-expanded=\"false\">\n        Dropdown\n      </button>\n      <div class=\"dropdown-menu\" aria-labelledby=\"btnGroupVerticalDrop3\">\n        <a class=\"dropdown-item\" href=\"#\">Dropdown link</a>\n        <a class=\"dropdown-item\" href=\"#\">Dropdown link</a>\n      </div>\n    </div>\n    <div class=\"btn-group\" role=\"group\">\n      <button id=\"btnGroupVerticalDrop4\" type=\"button\" class=\"btn btn-secondary dropdown-toggle\" data-toggle=\"dropdown\" aria-haspopup=\"true\" aria-expanded=\"false\">\n        Dropdown\n      </button>\n      <div class=\"dropdown-menu\" aria-labelledby=\"btnGroupVerticalDrop4\">\n        <a class=\"dropdown-item\" href=\"#\">Dropdown link</a>\n        <a class=\"dropdown-item\" href=\"#\">Dropdown link</a>\n      </div>\n    </div>\n  </div>\n</div>\n\n<p><code>`</code>html</p>\n<p><div class=\"btn-group-vertical\">\n  …</p>\n<p></div>\n<code>`</code></p>\n","updatedAt":"2018-06-06T20:04:50.000Z"}