{"layout":"docs","title":"Carousel","description":"A slideshow component for cycling through elements—images or slides of text—like a carousel.","group":"components","toc":true,"body":"<h2 id=\"how-it-works\">How it works</h2>\n<p>The carousel is a slideshow for cycling through a series of content, built with CSS 3D transforms and a bit of JavaScript. It works with a series of images, text, or custom markup. It also includes support for previous/next controls and indicators.</p>\n<p>In browsers where the <a href=\"https://www.w3.org/TR/page-visibility/\">Page Visibility API</a> is supported, the carousel will avoid sliding when the webpage is not visible to the user (such as when the browser tab is inactive, the browser window is minimized, etc.).</p>\n<p>Please be aware that nested carousels are not supported, and carousels are generally not compliant with accessibility standards.</p>\n<p>Lastly, if you’re building our JavaScript from source, it <a href=\"%7B%7B%20shared.baseurl%20%7D%7D/docs/%7B%7B%20shared.docs_version%20%7D%7D/getting-started/javascript/#util\">requires <code>util.js</code></a>.</p>\n<h2 id=\"example\">Example</h2>\n<p>Carousels don’t automatically normalize slide dimensions. As such, you may need to use additional utilities or custom styles to appropriately size content. While carousels support previous/next controls and indicators, they’re not explicitly required. Add and customize as you see fit.</p>\n<p><strong>The <code>.active</code> class needs to be added to one of the slides</strong> otherwise the carousel will not be visible. Also be sure to set a unique id on the <code>.carousel</code> for optional controls, especially if you’re using multiple carousels on a single page. Control and indicator elements must have a <code>data-target</code> attribute (or <code>href</code> for links) that matches the id of the <code>.carousel</code> element.</p>\n<h3 id=\"slides-only\">Slides only</h3>\n<p>Here’s a carousel with slides only. Note the presence of the <code>.d-block</code> and <code>.w-100</code> on carousel images to prevent browser default image alignment.</p>\n<p>{{capture ‘example’}}</p>\n<div id=\"carouselExampleSlidesOnly\" class=\"carousel slide\" data-ride=\"carousel\">\n  <div class=\"carousel-inner\">\n    <div class=\"carousel-item active\">\n      <img class=\"d-block w-100\" data-src=\"holder.js/800x400?auto=yes&bg=777&fg=555&text=First slide\" alt=\"First slide\">\n    </div>\n    <div class=\"carousel-item\">\n      <img class=\"d-block w-100\" data-src=\"holder.js/800x400?auto=yes&bg=666&fg=444&text=Second slide\" alt=\"Second slide\">\n    </div>\n    <div class=\"carousel-item\">\n      <img class=\"d-block w-100\" data-src=\"holder.js/800x400?auto=yes&bg=555&fg=333&text=Third slide\" alt=\"Third slide\">\n    </div>\n  </div>\n</div>\n</div>\n{{include 'example' content=example}}\n\n### With controls\n\nAdding in the previous and next controls:\n\n{{capture 'example'}}\n<div id=\"carouselExampleControls\" class=\"carousel slide\" data-ride=\"carousel\">\n  <div class=\"carousel-inner\">\n    <div class=\"carousel-item active\">\n      <img class=\"d-block w-100\" data-src=\"holder.js/800x400?auto=yes&bg=777&fg=555&text=First slide\" alt=\"First slide\">\n    </div>\n    <div class=\"carousel-item\">\n      <img class=\"d-block w-100\" data-src=\"holder.js/800x400?auto=yes&bg=666&fg=444&text=Second slide\" alt=\"Second slide\">\n    </div>\n    <div class=\"carousel-item\">\n      <img class=\"d-block w-100\" data-src=\"holder.js/800x400?auto=yes&bg=555&fg=333&text=Third slide\" alt=\"Third slide\">\n    </div>\n  </div>\n  <a class=\"carousel-control-prev\" href=\"#carouselExampleControls\" role=\"button\" data-slide=\"prev\">\n    <span class=\"carousel-control-prev-icon\" aria-hidden=\"true\"></span>\n    <span class=\"sr-only\">Previous</span>\n  </a>\n  <a class=\"carousel-control-next\" href=\"#carouselExampleControls\" role=\"button\" data-slide=\"next\">\n    <span class=\"carousel-control-next-icon\" aria-hidden=\"true\"></span>\n    <span class=\"sr-only\">Next</span>\n  </a>\n</div>\n</div>\n{{include 'example' content=example}}\n\n### With indicators\n\nYou can also add the indicators to the carousel, alongside the controls, too.\n\n{{capture 'example'}}\n<div id=\"carouselExampleIndicators\" class=\"carousel slide\" data-ride=\"carousel\">\n  <ol class=\"carousel-indicators\">\n    <li data-target=\"#carouselExampleIndicators\" data-slide-to=\"0\" class=\"active\"></li>\n    <li data-target=\"#carouselExampleIndicators\" data-slide-to=\"1\"></li>\n    <li data-target=\"#carouselExampleIndicators\" data-slide-to=\"2\"></li>\n  </ol>\n  <div class=\"carousel-inner\">\n    <div class=\"carousel-item active\">\n      <img class=\"d-block w-100\" data-src=\"holder.js/800x400?auto=yes&bg=777&fg=555&text=First slide\" alt=\"First slide\">\n    </div>\n    <div class=\"carousel-item\">\n      <img class=\"d-block w-100\" data-src=\"holder.js/800x400?auto=yes&bg=666&fg=444&text=Second slide\" alt=\"Second slide\">\n    </div>\n    <div class=\"carousel-item\">\n      <img class=\"d-block w-100\" data-src=\"holder.js/800x400?auto=yes&bg=555&fg=333&text=Third slide\" alt=\"Third slide\">\n    </div>\n  </div>\n  <a class=\"carousel-control-prev\" href=\"#carouselExampleIndicators\" role=\"button\" data-slide=\"prev\">\n    <span class=\"carousel-control-prev-icon\" aria-hidden=\"true\"></span>\n    <span class=\"sr-only\">Previous</span>\n  </a>\n  <a class=\"carousel-control-next\" href=\"#carouselExampleIndicators\" role=\"button\" data-slide=\"next\">\n    <span class=\"carousel-control-next-icon\" aria-hidden=\"true\"></span>\n    <span class=\"sr-only\">Next</span>\n  </a>\n</div>\n</div>\n{{include 'example' content=example}}\n\n### With captions\n\nAdd captions to your slides easily with the `.carousel-caption` element within any `.carousel-item`. They can be easily hidden on smaller viewports, as shown below, with optional [display utilities]({{ shared.baseurl }}/docs/{{ shared.docs_version }}/utilities/display/). We hide them initially with `.d-none` and bring them back on medium-sized devices with `.d-md-block`.\n\n<div class=\"fkd-example\">\n  <div id=\"carouselExampleCaptions\" class=\"carousel slide\" data-ride=\"carousel\">\n    <ol class=\"carousel-indicators\">\n      <li data-target=\"#carouselExampleCaptions\" data-slide-to=\"0\" class=\"active\"></li>\n      <li data-target=\"#carouselExampleCaptions\" data-slide-to=\"1\"></li>\n      <li data-target=\"#carouselExampleCaptions\" data-slide-to=\"2\"></li>\n    </ol>\n    <div class=\"carousel-inner\">\n      <div class=\"carousel-item active\">\n        <img class=\"d-block w-100\" data-src=\"holder.js/800x400?auto=yes&bg=777&fg=555&text=First slide\" alt=\"First slide\">\n        <div class=\"carousel-caption d-none d-md-block\">\n          <h5>First slide label</h5>\n          <p>Nulla vitae elit libero, a pharetra augue mollis interdum.</p>\n        </div>\n      </div>\n      <div class=\"carousel-item\">\n        <img class=\"d-block w-100\" data-src=\"holder.js/800x400?auto=yes&bg=666&fg=444&text=Second slide\" alt=\"Second slide\">\n        <div class=\"carousel-caption d-none d-md-block\">\n          <h5>Second slide label</h5>\n          <p>Lorem ipsum dolor sit amet, consectetur adipiscing elit.</p>\n        </div>\n      </div>\n      <div class=\"carousel-item\">\n        <img class=\"d-block w-100\" data-src=\"holder.js/800x400?auto=yes&bg=555&fg=333&text=Third slide\" alt=\"Third slide\">\n        <div class=\"carousel-caption d-none d-md-block\">\n          <h5>Third slide label</h5>\n          <p>Praesent commodo cursus magna, vel scelerisque nisl consectetur.</p>\n        </div>\n      </div>\n    </div>\n    <a class=\"carousel-control-prev\" href=\"#carouselExampleCaptions\" role=\"button\" data-slide=\"prev\">\n      <span class=\"carousel-control-prev-icon\" aria-hidden=\"true\"></span>\n      <span class=\"sr-only\">Previous</span>\n    </a>\n    <a class=\"carousel-control-next\" href=\"#carouselExampleCaptions\" role=\"button\" data-slide=\"next\">\n      <span class=\"carousel-control-next-icon\" aria-hidden=\"true\"></span>\n      <span class=\"sr-only\">Next</span>\n    </a>\n  </div>\n</div>\n\n<p><code>`</code>html</p>\n<p><div class=\"carousel-item\">\n  <img src=\"...\" alt=\"...\">\n  <div class=\"carousel-caption d-none d-md-block\">\n    <h5>…</h5>\n    <p>…</p>\n  </div></p>\n<p></div>\n<code>`</code></p>\n<h3 id=\"crossfade\">Crossfade</h3>\n<p>Add <code>.carousel-fade</code> to your carousel to animate slides with a fade transition instead of a slide.</p>\n<p>{{capture ‘example’}}</p>\n<p><div id=\"carouselExampleFade\" class=\"carousel slide carousel-fade\" data-ride=\"carousel\">\n  <div class=\"carousel-inner\">\n    <div class=\"carousel-item active\">\n      <img class=\"d-block w-100\" data-src=\"holder.js/800x400?auto=yes&bg=777&fg=555&text=First slide\" alt=\"First slide\">\n    </div>\n    <div class=\"carousel-item\">\n      <img class=\"d-block w-100\" data-src=\"holder.js/800x400?auto=yes&bg=666&fg=444&text=Second slide\" alt=\"Second slide\">\n    </div>\n    <div class=\"carousel-item\">\n      <img class=\"d-block w-100\" data-src=\"holder.js/800x400?auto=yes&bg=555&fg=333&text=Third slide\" alt=\"Third slide\">\n    </div>\n  </div>\n  <a class=\"carousel-control-prev\" href=\"#carouselExampleFade\" role=\"button\" data-slide=\"prev\">\n    <span class=\"carousel-control-prev-icon\" aria-hidden=\"true\"></span>\n    <span class=\"sr-only\">Previous</span>\n  </a>\n  <a class=\"carousel-control-next\" href=\"#carouselExampleFade\" role=\"button\" data-slide=\"next\">\n    <span class=\"carousel-control-next-icon\" aria-hidden=\"true\"></span>\n    <span class=\"sr-only\">Next</span>\n  </a></p>\n<p></div></p>\n<p></div>\n{{include ‘example’ content=example}}</p>\n<h2 id=\"usage\">Usage</h2>\n<h3 id=\"via-data-attributes\">Via data attributes</h3>\n<p>Use data attributes to easily control the position of the carousel. <code>data-slide</code> accepts the keywords <code>prev</code> or <code>next</code>, which alters the slide position relative to its current position. Alternatively, use <code>data-slide-to</code> to pass a raw slide index to the carousel <code>data-slide-to=&quot;2&quot;</code>, which shifts the slide position to a particular index beginning with <code>0</code>.</p>\n<p>The <code>data-ride=&quot;carousel&quot;</code> attribute is used to mark a carousel as animating starting at page load. <strong>It cannot be used in combination with (redundant and unnecessary) explicit JavaScript initialization of the same carousel.</strong></p>\n<h3 id=\"via-javascript\">Via JavaScript</h3>\n<p>Call carousel manually with:</p>\n<p><code>js\n$(&#39;.carousel&#39;).carousel()</code></p>\n<h3 id=\"options\">Options</h3>\n<p>Options can be passed via data attributes or JavaScript. For data attributes, append the option name to <code>data-</code>, as in <code>data-interval=&quot;&quot;</code>.</p>\n<table class=\"table table-bordered table-striped\">\n  <thead>\n    <tr>\n      <th style=\"width: 100px;\">Name</th>\n      <th style=\"width: 50px;\">Type</th>\n      <th style=\"width: 50px;\">Default</th>\n      <th>Description</th>\n    </tr>\n  </thead>\n  <tbody>\n    <tr>\n      <td>interval</td>\n      <td>number</td>\n      <td>5000</td>\n      <td>The amount of time to delay between automatically cycling an item. If false, carousel will not automatically cycle.</td>\n    </tr>\n    <tr>\n      <td>keyboard</td>\n      <td>boolean</td>\n      <td>true</td>\n      <td>Whether the carousel should react to keyboard events.</td>\n    </tr>\n    <tr>\n      <td>pause</td>\n      <td>string | boolean</td>\n      <td>\"hover\"</td>\n      <td><p>If set to <code>\"hover\"</code>, pauses the cycling of the carousel on <code>mouseenter</code> and resumes the cycling of the carousel on <code>mouseleave</code>. If set to <code>false</code>, hovering over the carousel won't pause it.</p>\n      <p>On touch-enabled devices, when set to <code>\"hover\"</code>, cycling will pause on <code>touchend</code> (once the user finished interacting with the carousel) for two intervals, before automatically resuming. Note that this is in addition to the above mouse behavior.</p></td>\n    </tr>\n    <tr>\n      <td>ride</td>\n      <td>string</td>\n      <td>false</td>\n      <td>Autoplays the carousel after the user manually cycles the first item. If \"carousel\", autoplays the carousel on load.</td>\n    </tr>\n    <tr>\n      <td>wrap</td>\n      <td>boolean</td>\n      <td>true</td>\n      <td>Whether the carousel should cycle continuously or have hard stops.</td>\n    </tr>\n  </tbody>\n</table>\n\n<h3 id=\"methods\">Methods</h3>\n<p>{{include ‘callout-danger-async-methods.md’}}</p>\n<h4 id=\"-carousel-options-\"><code>.carousel(options)</code></h4>\n<p>Initializes the carousel with an optional options <code>object</code> and starts cycling through items.</p>\n<p><code>js\n$(&#39;.carousel&#39;).carousel({\n  interval: 2000\n})</code></p>\n<h4 id=\"-carousel-cycle-\"><code>.carousel(&#39;cycle&#39;)</code></h4>\n<p>Cycles through the carousel items from left to right.</p>\n<h4 id=\"-carousel-pause-\"><code>.carousel(&#39;pause&#39;)</code></h4>\n<p>Stops the carousel from cycling through items.</p>\n<h4 id=\"-carousel-number-\"><code>.carousel(number)</code></h4>\n<p>Cycles the carousel to a particular frame (0 based, similar to an array). <strong>Returns to the caller before the target item has been shown</strong> (i.e. before the <code>slid.bs.carousel</code> event occurs).</p>\n<h4 id=\"-carousel-prev-\"><code>.carousel(&#39;prev&#39;)</code></h4>\n<p>Cycles to the previous item. <strong>Returns to the caller before the previous item has been shown</strong> (i.e. before the <code>slid.bs.carousel</code> event occurs).</p>\n<h4 id=\"-carousel-next-\"><code>.carousel(&#39;next&#39;)</code></h4>\n<p>Cycles to the next item. <strong>Returns to the caller before the next item has been shown</strong> (i.e. before the <code>slid.bs.carousel</code> event occurs).</p>\n<h4 id=\"-carousel-dispose-\"><code>.carousel(&#39;dispose&#39;)</code></h4>\n<p>Destroys an element’s carousel.</p>\n<h3 id=\"events\">Events</h3>\n<p>framekit’s carousel class exposes two events for hooking into carousel functionality. Both events have the following additional properties:</p>\n<ul>\n<li><code>direction</code>: The direction in which the carousel is sliding (either <code>&quot;left&quot;</code> or <code>&quot;right&quot;</code>).</li>\n<li><code>relatedTarget</code>: The DOM element that is being slid into place as the active item.</li>\n<li><code>from</code>: The index of the current item</li>\n<li><code>to</code>: The index of the next item</li>\n</ul>\n<p>All carousel events are fired at the carousel itself (i.e. at the <code>&lt;div class=&quot;carousel&quot;&gt;</code>).</p>\n<table class=\"table table-bordered table-striped\">\n  <thead>\n    <tr>\n      <th style=\"width: 150px;\">Event Type</th>\n      <th>Description</th>\n    </tr>\n  </thead>\n  <tbody>\n    <tr>\n      <td>slide.bs.carousel</td>\n      <td>This event fires immediately when the <code>slide</code> instance method is invoked.</td>\n    </tr>\n    <tr>\n      <td>slid.bs.carousel</td>\n      <td>This event is fired when the carousel has completed its slide transition.</td>\n    </tr>\n  </tbody>\n</table>\n\n<p><code>js\n$(&#39;#myCarousel&#39;).on(&#39;slide.bs.carousel&#39;, function () {\n  // do something…\n})</code></p>\n<h3 id=\"change-transition-duration\">Change transition duration</h3>\n<p>The transition duration of <code>.carousel-item</code> can be changed with the <code>$carousel-transition</code> Sass variable before compiling or custom styles if you’re using the compiled CSS. If multiple transitions are applied, make sure the transform transition is defined first (eg. <code>transition: transform 2s ease, opacity .5s ease-out</code>).</p>\n","updatedAt":"2018-06-06T20:04:50.000Z"}