{"layout":"docs","title":"Download","description":"Download framekit to get the compiled CSS and JavaScript, source code, or include it with your favorite package managers like npm, RubyGems, and more.","group":"getting-started","toc":true,"body":"<h2 id=\"compiled-css-and-js\">Compiled CSS and JS</h2>\n<p>Download ready-to-use compiled code for <strong>framekit v{{ shared.current_version }}</strong> to easily drop into your project, which includes:</p>\n<ul>\n<li>Compiled and minified CSS bundles (see <a href=\"%7B%7B%20shared.baseurl%20%7D%7D/docs/%7B%7B%20shared.docs_version%20%7D%7D/getting-started/contents/#css-files\">CSS files comparison</a>)</li>\n<li>Compiled and minified JavaScript plugins</li>\n</ul>\n<p>This doesn’t include documentation, source files, or any optional JavaScript dependencies (jQuery and Popper.js).</p>\n<p><a href=\"{{ shared.download.dist }}\" class=\"btn btn-fkd-primary\" onclick=\"ga('send', 'event', 'Getting started', 'Download', 'Download framekit');\">Download</a></p>\n<h2 id=\"source-files\">Source files</h2>\n<p>Compile framekit with your own asset pipeline by downloading our source Sass, JavaScript, and documentation files. This option requires some additional tooling:</p>\n<ul>\n<li>Sass compiler (Libsass or Ruby Sass is supported) for compiling your CSS.</li>\n<li><a href=\"https://github.com/postcss/autoprefixer\">Autoprefixer</a> for CSS vendor prefixing</li>\n</ul>\n<p>Should you require <a href=\"%7B%7B%20shared.baseurl%20%7D%7D/docs/%7B%7B%20shared.docs_version%20%7D%7D/getting-started/build-tools/#tooling-setup\">build tools</a>, they are included for developing framekit and its docs, but they’re likely unsuitable for your own purposes.</p>\n<p><a href=\"{{ shared.download.source }}\" class=\"btn btn-fkd-primary\" onclick=\"ga('send', 'event', 'Getting started', 'Download', 'Download source');\">Download source</a></p>\n<h2 id=\"framekitcdn\">framekitCDN</h2>\n<p>Skip the download with <a href=\"https://www.framekitcdn.com/\">framekitCDN</a> to deliver cached version of framekit’s compiled CSS and JS to your project.</p>\n<p><code>`</code>html</p>\n<p><link rel=\"stylesheet\" href=\"{{ shared.cdn.css }}\" integrity=\"{{ shared.cdn.css_hash }}\" crossorigin=\"anonymous\"></p>\n<p><script src=\"{{ shared.cdn.js }}\" integrity=\"{{ shared.cdn.js_hash }}\" crossorigin=\"anonymous\"></script>\n<code>`</code></p>\n<p>If you’re using our compiled JavaScript, don’t forget to include CDN versions of jQuery and Popper.js before it.</p>\n<p><code>`</code>html</p>\n<p><script src=\"{{ shared.cdn.jquery }}\" integrity=\"{{ shared.cdn.jquery_hash }}\" crossorigin=\"anonymous\"></script></p>\n<p><script src=\"{{ shared.cdn.popper }}\" integrity=\"{{ shared.cdn.popper_hash }}\" crossorigin=\"anonymous\"></script>\n<code>`</code></p>\n<h2 id=\"package-managers\">Package managers</h2>\n<p>Pull in framekit’s <strong>source files</strong> into nearly any project with some of the most popular package managers. No matter the package manager, framekit will <strong>require a Sass compiler and <a href=\"https://github.com/postcss/autoprefixer\">Autoprefixer</a></strong> for a setup that matches our official compiled versions.</p>\n<h3 id=\"npm\">npm</h3>\n<p>Install framekit in your Node.js powered apps with <a href=\"https://www.npmjs.com/package/framekit\">the npm package</a>:</p>\n<p><code>sh\nnpm install framekit</code></p>\n<p><code>require(&#39;framekit&#39;)</code> will load all of framekit’s jQuery plugins onto the jQuery object. The <code>framekit</code> module itself does not export anything. You can manually load framekit’s jQuery plugins individually by loading the <code>/js/*.js</code> files under the package’s top-level directory.</p>\n<p>framekit’s <code>package.json</code> contains some additional metadata under the following keys:</p>\n<ul>\n<li><code>sass</code> - path to framekit’s main <a href=\"https://sass-lang.com/\">Sass</a> source file</li>\n<li><code>style</code> - path to framekit’s non-minified CSS that’s been precompiled using the default settings (no customization)</li>\n</ul>\n<h3 id=\"rubygems\">RubyGems</h3>\n<p>Install framekit in your Ruby apps using <a href=\"https://bundler.io/\">Bundler</a> (<strong>recommended</strong>) and <a href=\"https://rubygems.org/\">RubyGems</a> by adding the following line to your <a href=\"https://bundler.io/gemfile.html\"><code>Gemfile</code></a>:</p>\n<p><code>ruby\ngem &#39;framekit&#39;, &#39;~&gt; {{ shared.current_ruby_version }}&#39;</code></p>\n<p>Alternatively, if you’re not using Bundler, you can install the gem by running this command:</p>\n<p><code>sh\ngem install framekit -v {{ shared.current_ruby_version }}</code></p>\n<p><a href=\"https://github.com/twbs/framekit-rubygem/blob/master/README.md\">See the gem’s README</a> for further details.</p>\n<h3 id=\"composer\">Composer</h3>\n<p>You can also install and manage framekit’s Sass and JavaScript using <a href=\"https://getcomposer.org/\">Composer</a>:</p>\n<p><code>sh\ncomposer require twbs/framekit:{{ shared.current_version }}</code></p>\n<h3 id=\"nuget\">NuGet</h3>\n<p>If you develop in .NET, you can also install and manage framekit’s <a href=\"https://www.nuget.org/packages/framekit/\">CSS</a> or <a href=\"https://www.nuget.org/packages/framekit.sass/\">Sass</a> and JavaScript using <a href=\"https://www.nuget.org/\">NuGet</a>:</p>\n<p><code>powershell\nInstall-Package framekit</code></p>\n<p><code>powershell\nInstall-Package framekit.sass</code></p>\n","updatedAt":"2018-06-06T20:04:50.000Z"}