{"layout":"docs","title":"Figures","description":"Documentation and examples for displaying related images and text with the figure component in framekit.","group":"content","body":"<p>Anytime you need to display a piece of content—like an image with an optional caption, consider using a <code>&lt;figure&gt;</code>.</p>\n<p>Use the included <code>.figure</code> , <code>.figure-img</code> and <code>.figure-caption</code> classes to provide some baseline styles for the HTML5 <code>&lt;figure&gt;</code> and <code>&lt;figcaption&gt;</code> elements. Images in figures have no explicit size, so be sure to add the <code>.img-fluid</code> class to your <code>&lt;img&gt;</code> to make it responsive.</p>\n<div class=\"fkd-example\">\n<figure class=\"figure\">\n  <img data-src=\"holder.js/400x300\" class=\"figure-img img-fluid rounded\" alt=\"A generic square placeholder image with rounded corners in a figure.\">\n  <figcaption class=\"figure-caption\">A caption for the above image.</figcaption>\n</figure>\n</div>\n\n\n<p>Aligning the figure’s caption is easy with our <a href=\"%7B%7B%20%7B%7Bshared.baseurl%20%7D%7D/docs/%7B%7B%20shared.docs_version%20%7D%7D/utilities/text/#text-alignment\">text utilities</a>.</p>\n<div class=\"fkd-example\">\n<figure class=\"figure\">\n  <img data-src=\"holder.js/400x300\" class=\"figure-img img-fluid rounded\" alt=\"A generic square placeholder image with rounded corners in a figure.\">\n  <figcaption class=\"figure-caption text-right\">A caption for the above image.</figcaption>\n</figure>\n</div>\n\n","updatedAt":"2018-06-06T20:04:50.000Z"}