{"layout":"docs","title":"Float","description":"Toggle floats on any element, across any breakpoint, using our responsive float utilities.","group":"utilities","toc":true,"body":"<h2 id=\"overview\">Overview</h2>\n<p>These utility classes float an element to the left or right, or disable floating, based on the current viewport size using the <a href=\"https://developer.mozilla.org/en-US/docs/Web/CSS/float\">CSS <code>float</code> property</a>. <code>!important</code> is included to avoid specificity issues. These use the same viewport breakpoints as our grid system. Please be aware float utilities have no affect on flex items.</p>\n<h2 id=\"classes\">Classes</h2>\n<p>Toggle a float with a class:</p>\n<div class=\"fkd-example\">\n<div class=\"float-left\">Float left on all viewport sizes</div><br>\n<div class=\"float-right\">Float right on all viewport sizes</div><br>\n<div class=\"float-none\">Don't float on all viewport sizes</div>\n</div>\n\n\n<h2 id=\"mixins\">Mixins</h2>\n<p>Or by Sass mixin:</p>\n<p><figure class=\"highlight\"><pre><code class=\"language-scss\" data-lang=\"scss\">\n.element {\n  @include float-left;\n}\n.another-element {\n  @include float-right;\n}\n.one-more {\n  @include float-none;\n}\n</code></pre></p>\n<h2 id=\"responsive\">Responsive</h2>\n<p>Responsive variations also exist for each <code>float</code> value.</p>\n<div class=\"fkd-example\">\n<div class=\"float-sm-left\">Float left on viewports sized SM (small) or wider</div><br>\n<div class=\"float-md-left\">Float left on viewports sized MD (medium) or wider</div><br>\n<div class=\"float-lg-left\">Float left on viewports sized LG (large) or wider</div><br>\n<div class=\"float-xl-left\">Float left on viewports sized XL (extra-large) or wider</div><br>\n</div>\n\n\n<p>Here are all the support classes;</p>\n<p>{% for bp in shared.data.breakpoints %}\n- <code>.float{{ bp.abbr }}-left</code>\n- <code>.float{{ bp.abbr }}-right</code>\n- <code>.float{{ bp.abbr }}-none</code>{% endfor %}</p>\n","updatedAt":"2018-06-06T20:04:50.000Z"}