{"layout":"docs","title":"List group","description":"List groups are a flexible and powerful component for displaying a series of content. Modify and extend them to support just about any content within.","group":"components","toc":true,"body":"<h2 id=\"basic-example\">Basic example</h2>\n<p>The most basic list group is an unordered list with list items and the proper classes. Build upon it with the options that follow, or with your own CSS as needed.</p>\n<p>{{capture ‘example’}}</p>\n<p><ul class=\"list-group\">\n  <li class=\"list-group-item\">Cras justo odio</li>\n  <li class=\"list-group-item\">Dapibus ac facilisis in</li>\n  <li class=\"list-group-item\">Morbi leo risus</li>\n  <li class=\"list-group-item\">Porta ac consectetur ac</li>\n  <li class=\"list-group-item\">Vestibulum at eros</li></p>\n<p></ul></p>\n<p></div>\n{{include ‘example’ content=example}}</p>\n<h2 id=\"active-items\">Active items</h2>\n<p>Add <code>.active</code> to a <code>.list-group-item</code> to indicate the current active selection.</p>\n<p>{{capture ‘example’}}</p>\n<p><ul class=\"list-group\">\n  <li class=\"list-group-item active\">Cras justo odio</li>\n  <li class=\"list-group-item\">Dapibus ac facilisis in</li>\n  <li class=\"list-group-item\">Morbi leo risus</li>\n  <li class=\"list-group-item\">Porta ac consectetur ac</li>\n  <li class=\"list-group-item\">Vestibulum at eros</li></p>\n<p></ul></p>\n<p></div>\n{{include ‘example’ content=example}}</p>\n<h2 id=\"disabled-items\">Disabled items</h2>\n<p>Add <code>.disabled</code> to a <code>.list-group-item</code> to make it <em>appear</em> disabled. Note that some elements with <code>.disabled</code> will also require custom JavaScript to fully disable their click events (e.g., links).</p>\n<p>{{capture ‘example’}}</p>\n<p><ul class=\"list-group\">\n  <li class=\"list-group-item disabled\">Cras justo odio</li>\n  <li class=\"list-group-item\">Dapibus ac facilisis in</li>\n  <li class=\"list-group-item\">Morbi leo risus</li>\n  <li class=\"list-group-item\">Porta ac consectetur ac</li>\n  <li class=\"list-group-item\">Vestibulum at eros</li></p>\n<p></ul></p>\n<p></div>\n{{include ‘example’ content=example}}</p>\n<h2 id=\"links-and-buttons\">Links and buttons</h2>\n<p>Use <code>&lt;a&gt;</code>s or <code>&lt;button&gt;</code>s to create <em>actionable</em> list group items with hover, disabled, and active states by adding <code>.list-group-item-action</code>. We separate these pseudo-classes to ensure list groups made of non-interactive elements (like <code>&lt;li&gt;</code>s or <code>&lt;div&gt;</code>s) don’t provide a click or tap affordance.</p>\n<p>Be sure to <strong>not use the standard <code>.btn</code> classes here</strong>.</p>\n<p>{{capture ‘example’}}</p>\n<div class=\"list-group\">\n  <a href=\"#\" class=\"list-group-item list-group-item-action active\">\n    Cras justo odio\n  </a>\n  <a href=\"#\" class=\"list-group-item list-group-item-action\">Dapibus ac facilisis in</a>\n  <a href=\"#\" class=\"list-group-item list-group-item-action\">Morbi leo risus</a>\n  <a href=\"#\" class=\"list-group-item list-group-item-action\">Porta ac consectetur ac</a>\n  <a href=\"#\" class=\"list-group-item list-group-item-action disabled\">Vestibulum at eros</a>\n</div>\n</div>\n{{include 'example' content=example}}\n\nWith `<button>`s, you can also make use of the `disabled` attribute instead of the `.disabled` class. Sadly, `<a>`s don't support the disabled attribute.\n\n{{capture 'example'}}\n<div class=\"list-group\">\n  <button type=\"button\" class=\"list-group-item list-group-item-action active\">\n    Cras justo odio\n  </button>\n  <button type=\"button\" class=\"list-group-item list-group-item-action\">Dapibus ac facilisis in</button>\n  <button type=\"button\" class=\"list-group-item list-group-item-action\">Morbi leo risus</button>\n  <button type=\"button\" class=\"list-group-item list-group-item-action\">Porta ac consectetur ac</button>\n  <button type=\"button\" class=\"list-group-item list-group-item-action\" disabled>Vestibulum at eros</button>\n</div>\n</div>\n{{include 'example' content=example}}\n\n## Flush\n\nAdd `.list-group-flush` to remove some borders and rounded corners to render list group items edge-to-edge in a parent container (e.g., cards).\n\n{{capture 'example'}}\n<ul class=\"list-group list-group-flush\">\n  <li class=\"list-group-item\">Cras justo odio</li>\n  <li class=\"list-group-item\">Dapibus ac facilisis in</li>\n  <li class=\"list-group-item\">Morbi leo risus</li>\n  <li class=\"list-group-item\">Porta ac consectetur ac</li>\n  <li class=\"list-group-item\">Vestibulum at eros</li>\n</ul>\n</div>\n{{include 'example' content=example}}\n\n## Contextual classes\n\nUse contextual classes to style list items with a stateful background and shared.color.\n\n{{capture 'example'}}\n<ul class=\"list-group\">\n  <li class=\"list-group-item\">Dapibus ac facilisis in</li>\n\n  {{each shared.data.theme-colors as |color|}}\n  <li class=\"list-group-item list-group-item-{{ shared.color.name }}\">A simple {{ shared.color.name }} list group item</li>{{/each}}\n</ul>\n</div>\n{{include 'example' content=example}}\n\nContextual classes also work with `.list-group-item-action`. Note the addition of the hover styles here not present in the previous example. Also supported is the `.active` state; apply it to indicate an active selection on a contextual list group item.\n\n{{capture 'example'}}\n<div class=\"list-group\">\n  <a href=\"#\" class=\"list-group-item list-group-item-action\">Dapibus ac facilisis in</a>\n\n  {{each shared.data.theme-colors as |color|}}\n  <a href=\"#\" class=\"list-group-item list-group-item-action list-group-item-{{ shared.color.name }}\">A simple {{ shared.color.name }} list group item</a>{{/each}}\n</div>\n</div>\n{{include 'example' content=example}}\n\n{{include 'callout-warning-color-assistive-technologies.md'}}\n\n## With badges\n\nAdd badges to any list group item to show unread counts, activity, and more with the help of some [utilities]({{ shared.baseurl }}/docs/{{ shared.docs_version }}/utilities/flex/).\n\n{{capture 'example'}}\n<ul class=\"list-group\">\n  <li class=\"list-group-item d-flex justify-content-between align-items-center\">\n    Cras justo odio\n    <span class=\"badge badge-primary badge-pill\">14</span>\n  </li>\n  <li class=\"list-group-item d-flex justify-content-between align-items-center\">\n    Dapibus ac facilisis in\n    <span class=\"badge badge-primary badge-pill\">2</span>\n  </li>\n  <li class=\"list-group-item d-flex justify-content-between align-items-center\">\n    Morbi leo risus\n    <span class=\"badge badge-primary badge-pill\">1</span>\n  </li>\n</ul>\n</div>\n{{include 'example' content=example}}\n\n## Custom content\n\nAdd nearly any HTML within, even for linked list groups like the one below, with the help of [flexbox utilities]({{ shared.baseurl }}/docs/{{ shared.docs_version }}/utilities/flex/).\n\n{{capture 'example'}}\n<div class=\"list-group\">\n  <a href=\"#\" class=\"list-group-item list-group-item-action flex-column align-items-start active\">\n    <div class=\"d-flex w-100 justify-content-between\">\n      <h5 class=\"mb-1\">List group item heading</h5>\n      <small>3 days ago</small>\n    </div>\n    <p class=\"mb-1\">Donec id elit non mi porta gravida at eget metus. Maecenas sed diam eget risus varius blandit.</p>\n    <small>Donec id elit non mi porta.</small>\n  </a>\n  <a href=\"#\" class=\"list-group-item list-group-item-action flex-column align-items-start\">\n    <div class=\"d-flex w-100 justify-content-between\">\n      <h5 class=\"mb-1\">List group item heading</h5>\n      <small class=\"text-muted\">3 days ago</small>\n    </div>\n    <p class=\"mb-1\">Donec id elit non mi porta gravida at eget metus. Maecenas sed diam eget risus varius blandit.</p>\n    <small class=\"text-muted\">Donec id elit non mi porta.</small>\n  </a>\n  <a href=\"#\" class=\"list-group-item list-group-item-action flex-column align-items-start\">\n    <div class=\"d-flex w-100 justify-content-between\">\n      <h5 class=\"mb-1\">List group item heading</h5>\n      <small class=\"text-muted\">3 days ago</small>\n    </div>\n    <p class=\"mb-1\">Donec id elit non mi porta gravida at eget metus. Maecenas sed diam eget risus varius blandit.</p>\n    <small class=\"text-muted\">Donec id elit non mi porta.</small>\n  </a>\n</div>\n</div>\n{{include 'example' content=example}}\n\n## JavaScript behavior\n\nUse the tab JavaScript plugin—include it individually or through the compiled `framekit.js` file—to extend our list group to create tabbable panes of local content.\n\n<div class=\"fkd-example\" role=\"tabpanel\">\n  <div class=\"row\">\n    <div class=\"col-4\">\n      <div class=\"list-group\" id=\"list-tab\" role=\"tablist\">\n        <a class=\"list-group-item list-group-item-action active\" id=\"list-home-list\" data-toggle=\"tab\" href=\"#list-home\" role=\"tab\" aria-controls=\"list-home\">Home</a>\n        <a class=\"list-group-item list-group-item-action\" id=\"list-profile-list\" data-toggle=\"tab\" href=\"#list-profile\" role=\"tab\" aria-controls=\"list-profile\">Profile</a>\n        <a class=\"list-group-item list-group-item-action\" id=\"list-messages-list\" data-toggle=\"tab\" href=\"#list-messages\" role=\"tab\" aria-controls=\"list-messages\">Messages</a>\n        <a class=\"list-group-item list-group-item-action\" id=\"list-settings-list\" data-toggle=\"tab\" href=\"#list-settings\" role=\"tab\" aria-controls=\"list-settings\">Settings</a>\n      </div>\n    </div>\n    <div class=\"col-8\">\n      <div class=\"tab-content\" id=\"nav-tabContent\">\n        <div class=\"tab-pane fade show active\" id=\"list-home\" role=\"tabpanel\" aria-labelledby=\"list-home-list\">\n          <p>Velit aute mollit ipsum ad dolor consectetur a officia culpa adipisicing exercitation fugiat tempor. Voluptate deserunt sit sunt nisi aliqua fugiat proident ea ut. Mollit voluptate reprehenderit occaecat nisi ad non minim tempor sunt voluptate consectetur exercitation id ut a. Ea et fugiat aliquip nostrud sunt incididunt consectetur culpa aliquip eiusmod dolor. Anim ad Lorem aliqua in cupidatat nisi enim eu nostrud do aliquip veniam minim.</p>\n        </div>\n        <div class=\"tab-pane fade\" id=\"list-profile\" role=\"tabpanel\" aria-labelledby=\"list-profile-list\">\n          <p>Cupidatat quis ad sint excepteur laborum in esse qui. Et excepteur consectetur ex nisi eu do cillum ad laborum. Mollit et eu officia dolore sunt Lorem culpa qui commodo velit ex amet id ex. Officia anim incididunt laboris deserunt anim aute dolor incididunt veniam aute dolore do exercitation. Dolor nisi culpa ex ad irure in elit eu dolore. Ad laboris ipsum reprehenderit irure non commodo enim culpa commodo veniam incididunt veniam ad.</p>\n        </div>\n        <div class=\"tab-pane fade\" id=\"list-messages\" role=\"tabpanel\" aria-labelledby=\"list-messages-list\">\n          <p>Ut ut do pariatur aliquip aliqua aliquip exercitation do nostrud commodo reprehenderit aute ipsum voluptate. Irure Lorem et laboris nostrud amet cupidatat cupidatat anim do ut velit mollit consequat enim tempor. Consectetur est minim nostrud nostrud consectetur irure labore voluptate irure. Ipsum id Lorem sit sint voluptate est pariatur eu ad cupidatat et deserunt culpa sit eiusmod deserunt. Consectetur et fugiat anim do eiusmod aliquip a laborum elit adipisicing pariatur cillum.</p>\n        </div>\n        <div class=\"tab-pane fade\" id=\"list-settings\" role=\"tabpanel\" aria-labelledby=\"list-settings-list\">\n          <p>Irure enim occaecat labore sit qui aliquip reprehenderit amet velit. Deserunt ullamco ex elit nostrud ut dolore nisi officia magna sit occaecat laboris sunt dolor. Nisi eu minim cillum occaecat aute est cupidatat aliqua labore aute occaecat ea aliquip sunt amet. Aute mollit dolor ut exercitation irure commodo non amet consectetur quis amet culpa. Quis ullamco nisi amet qui aute irure eu. Magna labore dolor quis ex labore id nostrud deserunt dolor eiusmod eu pariatur culpa mollit in irure.</p>\n        </div>\n      </div>\n    </div>\n  </div>\n</div>\n\n<p><code>`</code>html</p>\n<div class=\"row\">\n  <div class=\"col-4\">\n    <div class=\"list-group\" id=\"list-tab\" role=\"tablist\">\n      <a class=\"list-group-item list-group-item-action active\" id=\"list-home-list\" data-toggle=\"list\" href=\"#list-home\" role=\"tab\" aria-controls=\"home\">Home</a>\n      <a class=\"list-group-item list-group-item-action\" id=\"list-profile-list\" data-toggle=\"list\" href=\"#list-profile\" role=\"tab\" aria-controls=\"profile\">Profile</a>\n      <a class=\"list-group-item list-group-item-action\" id=\"list-messages-list\" data-toggle=\"list\" href=\"#list-messages\" role=\"tab\" aria-controls=\"messages\">Messages</a>\n      <a class=\"list-group-item list-group-item-action\" id=\"list-settings-list\" data-toggle=\"list\" href=\"#list-settings\" role=\"tab\" aria-controls=\"settings\">Settings</a>\n    </div>\n  </div>\n  <div class=\"col-8\">\n    <div class=\"tab-content\" id=\"nav-tabContent\">\n      <div class=\"tab-pane fade show active\" id=\"list-home\" role=\"tabpanel\" aria-labelledby=\"list-home-list\">...</div>\n      <div class=\"tab-pane fade\" id=\"list-profile\" role=\"tabpanel\" aria-labelledby=\"list-profile-list\">...</div>\n      <div class=\"tab-pane fade\" id=\"list-messages\" role=\"tabpanel\" aria-labelledby=\"list-messages-list\">...</div>\n      <div class=\"tab-pane fade\" id=\"list-settings\" role=\"tabpanel\" aria-labelledby=\"list-settings-list\">...</div>\n    </div>\n  </div>\n</div>\n```\n\n### Using data attributes\n\nYou can activate a list group navigation without writing any JavaScript by simply specifying `data-toggle=\"list\"` or on an element. Use these data attributes on `.list-group-item`.\n\n<div role=\"tabpanel\">\n```html\n<!-- List group -->\n<div class=\"list-group\" id=\"myList\" role=\"tablist\">\n  <a class=\"list-group-item list-group-item-action active\" data-toggle=\"list\" href=\"#home\" role=\"tab\">Home</a>\n  <a class=\"list-group-item list-group-item-action\" data-toggle=\"list\" href=\"#profile\" role=\"tab\">Profile</a>\n  <a class=\"list-group-item list-group-item-action\" data-toggle=\"list\" href=\"#messages\" role=\"tab\">Messages</a>\n  <a class=\"list-group-item list-group-item-action\" data-toggle=\"list\" href=\"#settings\" role=\"tab\">Settings</a>\n</div>\n\n<!-- Tab panes -->\n<div class=\"tab-content\">\n  <div class=\"tab-pane active\" id=\"home\" role=\"tabpanel\">...</div>\n  <div class=\"tab-pane\" id=\"profile\" role=\"tabpanel\">...</div>\n  <div class=\"tab-pane\" id=\"messages\" role=\"tabpanel\">...</div>\n  <div class=\"tab-pane\" id=\"settings\" role=\"tabpanel\">...</div>\n</div>\n```\n</div>\n\n<h3 id=\"via-javascript\">Via JavaScript</h3>\n<p>Enable tabbable list item via JavaScript (each list item needs to be activated individually):</p>\n<p><code>js\n$(&#39;#myList a&#39;).on(&#39;click&#39;, function (e) {\n  e.preventDefault()\n  $(this).tab(&#39;show&#39;)\n})</code></p>\n<p>You can activate individual list item in several ways:</p>\n<p><code>js\n$(&#39;#myList a[href=&quot;#profile&quot;]&#39;).tab(&#39;show&#39;) // Select tab by name\n$(&#39;#myList a:first-child&#39;).tab(&#39;show&#39;) // Select first tab\n$(&#39;#myList a:last-child&#39;).tab(&#39;show&#39;) // Select last tab\n$(&#39;#myList a:nth-child(3)&#39;).tab(&#39;show&#39;) // Select third tab</code></p>\n<h3 id=\"fade-effect\">Fade effect</h3>\n<p>To make tabs panel fade in, add <code>.fade</code> to each <code>.tab-pane</code>. The first tab pane must also have <code>.show</code> to make the initial content visible.</p>\n<p><code>`</code>html</p>\n<div class=\"tab-content\">\n  <div class=\"tab-pane fade show active\" id=\"home\" role=\"tabpanel\">...</div>\n  <div class=\"tab-pane fade\" id=\"profile\" role=\"tabpanel\">...</div>\n  <div class=\"tab-pane fade\" id=\"messages\" role=\"tabpanel\">...</div>\n  <div class=\"tab-pane fade\" id=\"settings\" role=\"tabpanel\">...</div>\n</div>\n```\n\n### Methods\n\n#### $().tab\n\nActivates a list item element and content container. Tab should have either a `data-target` or an `href` targeting a container node in the DOM.\n\n```html\n<div class=\"list-group\" id=\"myList\" role=\"tablist\">\n  <a class=\"list-group-item list-group-item-action active\" data-toggle=\"list\" href=\"#home\" role=\"tab\">Home</a>\n  <a class=\"list-group-item list-group-item-action\" data-toggle=\"list\" href=\"#profile\" role=\"tab\">Profile</a>\n  <a class=\"list-group-item list-group-item-action\" data-toggle=\"list\" href=\"#messages\" role=\"tab\">Messages</a>\n  <a class=\"list-group-item list-group-item-action\" data-toggle=\"list\" href=\"#settings\" role=\"tab\">Settings</a>\n</div>\n\n<div class=\"tab-content\">\n  <div class=\"tab-pane active\" id=\"home\" role=\"tabpanel\">...</div>\n  <div class=\"tab-pane\" id=\"profile\" role=\"tabpanel\">...</div>\n  <div class=\"tab-pane\" id=\"messages\" role=\"tabpanel\">...</div>\n  <div class=\"tab-pane\" id=\"settings\" role=\"tabpanel\">...</div>\n</div>\n\n<p><script>\n  $(function () {\n    $(‘#myList a:last-child’).tab(‘show’)\n  })\n</script>\n<code>`</code></p>\n<h4 id=\"-tab-show-\">.tab(‘show’)</h4>\n<p>Selects the given list item and shows its associated pane. Any other list item that was previously selected becomes unselected and its associated pane is hidden. <strong>Returns to the caller before the tab pane has actually been shown</strong> (for example, before the <code>shown.bs.tab</code> event occurs).</p>\n<p><code>js\n$(&#39;#someListItem&#39;).tab(&#39;show&#39;)</code></p>\n<h3 id=\"events\">Events</h3>\n<p>When showing a new tab, the events fire in the following order:</p>\n<ol>\n<li><code>hide.bs.tab</code> (on the current active tab)</li>\n<li><code>show.bs.tab</code> (on the to-be-shown tab)</li>\n<li><code>hidden.bs.tab</code> (on the previous active tab, the same one as for the <code>hide.bs.tab</code> event)</li>\n<li><code>shown.bs.tab</code> (on the newly-active just-shown tab, the same one as for the <code>show.bs.tab</code> event)</li>\n</ol>\n<p>If no tab was already active, the <code>hide.bs.tab</code> and <code>hidden.bs.tab</code> events will not be fired.</p>\n<table class=\"table table-bordered table-striped\">\n  <thead>\n    <tr>\n      <th style=\"width: 150px;\">Event type</th>\n      <th>Description</th>\n    </tr>\n  </thead>\n  <tbody>\n    <tr>\n      <td>show.bs.tab</td>\n      <td>This event fires on tab show, but before the new tab has been shown. Use <code>event.target</code> and <code>event.relatedTarget</code> to target the active tab and the previous active tab (if available) respectively.</td>\n    </tr>\n    <tr>\n      <td>shown.bs.tab</td>\n      <td>This event fires on tab show after a tab has been shown. Use <code>event.target</code> and <code>event.relatedTarget</code> to target the active tab and the previous active tab (if available) respectively.</td>\n    </tr>\n    <tr>\n      <td>hide.bs.tab</td>\n      <td>This event fires when a new tab is to be shown (and thus the previous active tab is to be hidden). Use <code>event.target</code> and <code>event.relatedTarget</code> to target the current active tab and the new soon-to-be-active tab, respectively.</td>\n    </tr>\n    <tr>\n      <td>hidden.bs.tab</td>\n      <td>This event fires after a new tab is shown (and thus the previous active tab is hidden). Use <code>event.target</code> and <code>event.relatedTarget</code> to target the previous active tab and the new active tab, respectively.</td>\n    </tr>\n  </tbody>\n</table>\n\n<p><code>js\n$(&#39;a[data-toggle=&quot;list&quot;]&#39;).on(&#39;shown.bs.tab&#39;, function (e) {\n  e.target // newly activated tab\n  e.relatedTarget // previous active tab\n})</code></p>\n","updatedAt":"2018-06-06T20:04:50.000Z"}