{"layout":"docs","title":"Media object","description":"Documentation and examples for framekit's media object to construct highly repetitive components like blog comments, tweets, and the like.","group":"layout","toc":true,"body":"<h2 id=\"example\">Example</h2>\n<p>The <a href=\"http://www.stubbornella.org/content/2010/06/25/the-media-object-saves-hundreds-of-lines-of-code/\">media object</a> helps build complex and repetitive components where some media is positioned alongside content that doesn’t wrap around said media. Plus, it does this with only two required classes thanks to flexbox.</p>\n<p>Below is an example of a single media object. Only two classes are required—the wrapping <code>.media</code> and the <code>.media-body</code> around your content. Optional padding and margin can be controlled through <a href=\"%7B%7B%20%7B%7Bshared.baseurl%20%7D%7D/docs/%7B%7B%20shared.docs_version%20%7D%7D/utilities/spacing/\">spacing utilities</a>.</p>\n<div class=\"fkd-example\">\n<div class=\"media\">\n  <img class=\"mr-3\" data-src=\"holder.js/64x64\" alt=\"Generic placeholder image\">\n  <div class=\"media-body\">\n    <h5 class=\"mt-0\">Media heading</h5>\n    Cras sit amet nibh libero, in gravida a. Nulla vel metus scelerisque ante sollicitudin. Cras purus odio, vestibulum in vulputate at, tempus viverra turpis. Fusce condimentum nunc ac nisi vulputate fringilla. Donec lacinia congue felis in faucibus.\n  </div>\n</div>\n</div>\n\n\n<div class=\"fkd-callout fkd-callout-warning\">\n##### Flexbug #12: Inline elements aren't treated as flex items\n\nInternet Explorer 10-11 do not render inline elements like links or images (or `::before` and `::after` pseudo-elements) as flex items. The only workaround is to set a non-inline `display` value (e.g., `block`, `inline-block`, or `flex`). We suggest using `.d-flex`, one of our [display utilities]({{ {{shared.baseurl }}/docs/{{ shared.docs_version }}/utilities/display/), as an easy fix.\n\n**Source:** [Flexbugs on GitHub](https://github.com/philipwalton/flexbugs#flexbug-12)\n</div>\n{% include callout.html content=callout type=\"warning\" %}\n\n## Nesting\n\nMedia objects can be infinitely nested, though we suggest you stop at some point. Place nested `.media` within the `.media-body` of a parent media object.\n\n<div class=\"fkd-example\">\n<div class=\"media\">\n  <img class=\"mr-3\" data-src=\"holder.js/64x64\" alt=\"Generic placeholder image\">\n  <div class=\"media-body\">\n    <h5 class=\"mt-0\">Media heading</h5>\n    Cras sit amet nibh libero, in gravida a. Nulla vel metus scelerisque ante sollicitudin. Cras purus odio, vestibulum in vulputate at, tempus viverra turpis. Fusce condimentum nunc ac nisi vulputate fringilla. Donec lacinia congue felis in faucibus.\n\n    <div class=\"media mt-3\">\n      <a class=\"pr-3\" href=\"#\">\n        <img data-src=\"holder.js/64x64\" alt=\"Generic placeholder image\">\n      </a>\n      <div class=\"media-body\">\n        <h5 class=\"mt-0\">Media heading</h5>\n        Cras sit amet nibh libero, in gravida a. Nulla vel metus scelerisque ante sollicitudin. Cras purus odio, vestibulum in vulputate at, tempus viverra turpis. Fusce condimentum nunc ac nisi vulputate fringilla. Donec lacinia congue felis in faucibus.\n      </div>\n    </div>\n  </div>\n</div>\n</div>\n\n\n<h2 id=\"alignment\">Alignment</h2>\n<p>Media in a media object can be aligned with flexbox utilities to the top (default), middle, or end of your <code>.media-body</code> content.</p>\n<div class=\"fkd-example\">\n<div class=\"media\">\n  <img class=\"align-self-start mr-3\" data-src=\"holder.js/64x64\" alt=\"Generic placeholder image\">\n  <div class=\"media-body\">\n    <h5 class=\"mt-0\">Top-aligned media</h5>\n    <p>Cras sit amet nibh libero, in gravida a. Nulla vel metus scelerisque ante sollicitudin. Cras purus odio, vestibulum in vulputate at, tempus viverra turpis. Fusce condimentum nunc ac nisi vulputate fringilla. Donec lacinia congue felis in faucibus.</p>\n    <p>Donec sed odio dui. Nullam quis risus eget urna mollis ornare vel eu leo. Cum sociis natoque penatibus et magnis dis parturient montes, nascetur ridiculus mus.</p>\n  </div>\n</div>\n</div>\n\n\n<div class=\"fkd-example\">\n<div class=\"media\">\n  <img class=\"align-self-center mr-3\" data-src=\"holder.js/64x64\" alt=\"Generic placeholder image\">\n  <div class=\"media-body\">\n    <h5 class=\"mt-0\">Center-aligned media</h5>\n    <p>Cras sit amet nibh libero, in gravida a. Nulla vel metus scelerisque ante sollicitudin. Cras purus odio, vestibulum in vulputate at, tempus viverra turpis. Fusce condimentum nunc ac nisi vulputate fringilla. Donec lacinia congue felis in faucibus.</p>\n    <p class=\"mb-0\">Donec sed odio dui. Nullam quis risus eget urna mollis ornare vel eu leo. Cum sociis natoque penatibus et magnis dis parturient montes, nascetur ridiculus mus.</p>\n  </div>\n</div>\n</div>\n\n\n<div class=\"fkd-example\">\n<div class=\"media\">\n  <img class=\"align-self-end mr-3\" data-src=\"holder.js/64x64\" alt=\"Generic placeholder image\">\n  <div class=\"media-body\">\n    <h5 class=\"mt-0\">Bottom-aligned media</h5>\n    <p>Cras sit amet nibh libero, in gravida a. Nulla vel metus scelerisque ante sollicitudin. Cras purus odio, vestibulum in vulputate at, tempus viverra turpis. Fusce condimentum nunc ac nisi vulputate fringilla. Donec lacinia congue felis in faucibus.</p>\n    <p class=\"mb-0\">Donec sed odio dui. Nullam quis risus eget urna mollis ornare vel eu leo. Cum sociis natoque penatibus et magnis dis parturient montes, nascetur ridiculus mus.</p>\n  </div>\n</div>\n</div>\n\n\n<h2 id=\"order\">Order</h2>\n<p>Change the order of content in media objects by modifying the HTML itself, or by adding some custom flexbox CSS to set the <code>order</code> property (to an integer of your choosing).</p>\n<div class=\"fkd-example\">\n<div class=\"media\">\n  <div class=\"media-body\">\n    <h5 class=\"mt-0 mb-1\">Media object</h5>\n    Cras sit amet nibh libero, in gravida a. Nulla vel metus scelerisque ante sollicitudin. Cras purus odio, vestibulum in vulputate at, tempus viverra turpis. Fusce condimentum nunc ac nisi vulputate fringilla. Donec lacinia congue felis in faucibus.\n  </div>\n  <img class=\"ml-3\" data-src=\"holder.js/64x64\" alt=\"Generic placeholder image\">\n</div>\n</div>\n\n\n<h2 id=\"media-list\">Media list</h2>\n<p>Because the media object has so few structural requirements, you can also use these classes on list HTML elements. On your <code>&lt;ul&gt;</code> or <code>&lt;ol&gt;</code>, add the <code>.list-unstyled</code> to remove any browser default list styles, and then apply <code>.media</code> to your <code>&lt;li&gt;</code>s. As always, use spacing utilities wherever needed to fine tune.</p>\n<div class=\"fkd-example\">\n<ul class=\"list-unstyled\">\n  <li class=\"media\">\n    <img class=\"mr-3\" data-src=\"holder.js/64x64\" alt=\"Generic placeholder image\">\n    <div class=\"media-body\">\n      <h5 class=\"mt-0 mb-1\">List-based media object</h5>\n      Cras sit amet nibh libero, in gravida a. Nulla vel metus scelerisque ante sollicitudin. Cras purus odio, vestibulum in vulputate at, tempus viverra turpis. Fusce condimentum nunc ac nisi vulputate fringilla. Donec lacinia congue felis in faucibus.\n    </div>\n  </li>\n  <li class=\"media my-4\">\n    <img class=\"mr-3\" data-src=\"holder.js/64x64\" alt=\"Generic placeholder image\">\n    <div class=\"media-body\">\n      <h5 class=\"mt-0 mb-1\">List-based media object</h5>\n      Cras sit amet nibh libero, in gravida a. Nulla vel metus scelerisque ante sollicitudin. Cras purus odio, vestibulum in vulputate at, tempus viverra turpis. Fusce condimentum nunc ac nisi vulputate fringilla. Donec lacinia congue felis in faucibus.\n    </div>\n  </li>\n  <li class=\"media\">\n    <img class=\"mr-3\" data-src=\"holder.js/64x64\" alt=\"Generic placeholder image\">\n    <div class=\"media-body\">\n      <h5 class=\"mt-0 mb-1\">List-based media object</h5>\n      Cras sit amet nibh libero, in gravida a. Nulla vel metus scelerisque ante sollicitudin. Cras purus odio, vestibulum in vulputate at, tempus viverra turpis. Fusce condimentum nunc ac nisi vulputate fringilla. Donec lacinia congue felis in faucibus.\n    </div>\n  </li>\n</ul>\n</div>\n\n","updatedAt":"2018-06-06T20:04:50.000Z"}