{"layout":"docs","title":"Modal","description":"Use framekit's JavaScript modal plugin to add dialogs to your site for lightboxes, user notifications, or completely custom content.","group":"components","toc":true,"body":"<h2 id=\"how-it-works\">How it works</h2>\n<p>Before getting started with framekit’s modal component, be sure to read the following as our menu options have recently changed.</p>\n<ul>\n<li>Modals are built with HTML, CSS, and JavaScript. They’re positioned over everything else in the document and remove scroll from the <code>&lt;body&gt;</code> so that modal content scrolls instead.</li>\n<li>Clicking on the modal “backdrop” will automatically close the modal.</li>\n<li>framekit only supports one modal window at a time. Nested modals aren’t supported as we believe them to be poor user experiences.</li>\n<li>Modals use <code>position: fixed</code>, which can sometimes be a bit particular about its rendering. Whenever possible, place your modal HTML in a top-level position to avoid potential interference from other elements. You’ll likely run into issues when nesting a <code>.modal</code> within another fixed element.</li>\n<li>Once again, due to <code>position: fixed</code>, there are some caveats with using modals on mobile devices. <a href=\"%7B%7B%20shared.baseurl%20%7D%7D/docs/%7B%7B%20shared.docs_version%20%7D%7D/getting-started/browsers-devices/#modals-and-dropdowns-on-mobile\">See our browser support docs</a> for details.</li>\n<li>Due to how HTML5 defines its semantics, <a href=\"https://developer.mozilla.org/en-US/docs/Web/HTML/Element/input#attr-autofocus\">the <code>autofocus</code> HTML attribute</a> has no effect in framekit modals. To achieve the same effect, use some custom JavaScript:</li>\n</ul>\n<p><code>js\n$(&#39;#myModal&#39;).on(&#39;shown.bs.modal&#39;, function () {\n  $(&#39;#myInput&#39;).trigger(&#39;focus&#39;)\n})</code></p>\n<p>Keep reading for demos and usage guidelines.</p>\n<h2 id=\"examples\">Examples</h2>\n<h3 id=\"modal-components\">Modal components</h3>\n<p>Below is a <em>static</em> modal example (meaning its <code>position</code> and <code>display</code> have been overridden). Included are the modal header, modal body (required for <code>padding</code>), and modal footer (optional). We ask that you include modal headers with dismiss actions whenever possible, or provide another explicit dismiss action.</p>\n<div class=\"fkd-example fkd-example-modal\">\n  <div class=\"modal\" tabindex=\"-1\" role=\"dialog\">\n    <div class=\"modal-dialog\" role=\"document\">\n      <div class=\"modal-content\">\n        <div class=\"modal-header\">\n          <h5 class=\"fk-modal-title\">Modal title</h5>\n          <button type=\"button\" class=\"close\" data-dismiss=\"modal\" aria-label=\"Close\">\n            <span aria-hidden=\"true\">&times;</span>\n          </button>\n        </div>\n        <div class=\"modal-body\">\n          <p>Modal body text goes here.</p>\n        </div>\n        <div class=\"modal-footer\">\n          <button type=\"button\" class=\"btn btn-secondary\" data-dismiss=\"modal\">Close</button>\n          <button type=\"button\" class=\"btn btn-primary\">Save changes</button>\n        </div>\n      </div>\n    </div>\n  </div>\n</div>\n\n<p><code>`</code>html</p>\n<div class=\"modal\" tabindex=\"-1\" role=\"dialog\">\n  <div class=\"modal-dialog\" role=\"document\">\n    <div class=\"modal-content\">\n      <div class=\"modal-header\">\n        <h5 class=\"fk-modal-title\">Modal title</h5>\n        <button type=\"button\" class=\"close\" data-dismiss=\"modal\" aria-label=\"Close\">\n          <span aria-hidden=\"true\">&times;</span>\n        </button>\n      </div>\n      <div class=\"modal-body\">\n        <p>Modal body text goes here.</p>\n      </div>\n      <div class=\"modal-footer\">\n        <button type=\"button\" class=\"btn btn-secondary\" data-dismiss=\"modal\">Close</button>\n        <button type=\"button\" class=\"btn btn-primary\">Save changes</button>\n      </div>\n    </div>\n  </div>\n</div>\n```\n\n### Live demo\n\nToggle a working modal demo by clicking the button below. It will slide down and fade in from the top of the page.\n\n<div id=\"exampleModalLive\" class=\"modal fade\" tabindex=\"-1\" role=\"dialog\" aria-labelledby=\"exampleModalLiveLabel\" aria-hidden=\"true\">\n  <div class=\"modal-dialog\" role=\"document\">\n    <div class=\"modal-content\">\n      <div class=\"modal-header\">\n        <h5 class=\"fk-modal-title\" id=\"exampleModalLiveLabel\">Modal title</h5>\n        <button type=\"button\" class=\"close\" data-dismiss=\"modal\" aria-label=\"Close\">\n          <span aria-hidden=\"true\">&times;</span>\n        </button>\n      </div>\n      <div class=\"modal-body\">\n        <p>Woohoo, you're reading this text in a modal!</p>\n      </div>\n      <div class=\"modal-footer\">\n        <button type=\"button\" class=\"btn btn-secondary\" data-dismiss=\"modal\">Close</button>\n        <button type=\"button\" class=\"btn btn-primary\">Save changes</button>\n      </div>\n    </div>\n  </div>\n</div>\n\n<div class=\"fkd-example\">\n  <button type=\"button\" class=\"btn btn-primary\" data-toggle=\"modal\" data-target=\"#exampleModalLive\">\n    Launch demo modal\n  </button>\n</div>\n\n<p><code>`</code>html</p>\n<!-- Button trigger modal -->\n<button type=\"button\" class=\"btn btn-primary\" data-toggle=\"modal\" data-target=\"#exampleModal\">\n  Launch demo modal\n</button>\n\n<!-- Modal -->\n<div class=\"modal fade\" id=\"exampleModal\" tabindex=\"-1\" role=\"dialog\" aria-labelledby=\"exampleModalLabel\" aria-hidden=\"true\">\n  <div class=\"modal-dialog\" role=\"document\">\n    <div class=\"modal-content\">\n      <div class=\"modal-header\">\n        <h5 class=\"fk-modal-title\" id=\"exampleModalLabel\">Modal title</h5>\n        <button type=\"button\" class=\"close\" data-dismiss=\"modal\" aria-label=\"Close\">\n          <span aria-hidden=\"true\">&times;</span>\n        </button>\n      </div>\n      <div class=\"modal-body\">\n        ...\n      </div>\n      <div class=\"modal-footer\">\n        <button type=\"button\" class=\"btn btn-secondary\" data-dismiss=\"modal\">Close</button>\n        <button type=\"button\" class=\"btn btn-primary\">Save changes</button>\n      </div>\n    </div>\n  </div>\n</div>\n```\n\n### Scrolling long content\n\nWhen modals become too long for the user's viewport or device, they scroll independent of the page itself. Try the demo below to see what we mean.\n\n<div id=\"exampleModalLong\" class=\"modal fade\" tabindex=\"-1\" role=\"dialog\" aria-labelledby=\"exampleModalLongTitle\" aria-hidden=\"true\">\n  <div class=\"modal-dialog\" role=\"document\">\n    <div class=\"modal-content\">\n      <div class=\"modal-header\">\n        <h5 class=\"fk-modal-title\" id=\"exampleModalLongTitle\">Modal title</h5>\n        <button type=\"button\" class=\"close\" data-dismiss=\"modal\" aria-label=\"Close\">\n          <span aria-hidden=\"true\">&times;</span>\n        </button>\n      </div>\n      <div class=\"modal-body\">\n        <p>Cras mattis consectetur purus sit amet fermentum. Cras justo odio, dapibus ac facilisis in, egestas eget quam. Morbi leo risus, porta ac consectetur ac, vestibulum at eros.</p>\n        <p>Praesent commodo cursus magna, vel scelerisque nisl consectetur et. Vivamus sagittis lacus vel augue laoreet rutrum faucibus dolor auctor.</p>\n        <p>Aenean lacinia bibendum a sed consectetur. Praesent commodo cursus magna, vel scelerisque nisl consectetur et. Donec sed odio dui. Donec ullamcorper a non metus auctor fringilla.</p>\n        <p>Cras mattis consectetur purus sit amet fermentum. Cras justo odio, dapibus ac facilisis in, egestas eget quam. Morbi leo risus, porta ac consectetur ac, vestibulum at eros.</p>\n        <p>Praesent commodo cursus magna, vel scelerisque nisl consectetur et. Vivamus sagittis lacus vel augue laoreet rutrum faucibus dolor auctor.</p>\n        <p>Aenean lacinia bibendum a sed consectetur. Praesent commodo cursus magna, vel scelerisque nisl consectetur et. Donec sed odio dui. Donec ullamcorper a non metus auctor fringilla.</p>\n        <p>Cras mattis consectetur purus sit amet fermentum. Cras justo odio, dapibus ac facilisis in, egestas eget quam. Morbi leo risus, porta ac consectetur ac, vestibulum at eros.</p>\n        <p>Praesent commodo cursus magna, vel scelerisque nisl consectetur et. Vivamus sagittis lacus vel augue laoreet rutrum faucibus dolor auctor.</p>\n        <p>Aenean lacinia bibendum a sed consectetur. Praesent commodo cursus magna, vel scelerisque nisl consectetur et. Donec sed odio dui. Donec ullamcorper a non metus auctor fringilla.</p>\n        <p>Cras mattis consectetur purus sit amet fermentum. Cras justo odio, dapibus ac facilisis in, egestas eget quam. Morbi leo risus, porta ac consectetur ac, vestibulum at eros.</p>\n        <p>Praesent commodo cursus magna, vel scelerisque nisl consectetur et. Vivamus sagittis lacus vel augue laoreet rutrum faucibus dolor auctor.</p>\n        <p>Aenean lacinia bibendum a sed consectetur. Praesent commodo cursus magna, vel scelerisque nisl consectetur et. Donec sed odio dui. Donec ullamcorper a non metus auctor fringilla.</p>\n        <p>Cras mattis consectetur purus sit amet fermentum. Cras justo odio, dapibus ac facilisis in, egestas eget quam. Morbi leo risus, porta ac consectetur ac, vestibulum at eros.</p>\n        <p>Praesent commodo cursus magna, vel scelerisque nisl consectetur et. Vivamus sagittis lacus vel augue laoreet rutrum faucibus dolor auctor.</p>\n        <p>Aenean lacinia bibendum a sed consectetur. Praesent commodo cursus magna, vel scelerisque nisl consectetur et. Donec sed odio dui. Donec ullamcorper a non metus auctor fringilla.</p>\n        <p>Cras mattis consectetur purus sit amet fermentum. Cras justo odio, dapibus ac facilisis in, egestas eget quam. Morbi leo risus, porta ac consectetur ac, vestibulum at eros.</p>\n        <p>Praesent commodo cursus magna, vel scelerisque nisl consectetur et. Vivamus sagittis lacus vel augue laoreet rutrum faucibus dolor auctor.</p>\n        <p>Aenean lacinia bibendum a sed consectetur. Praesent commodo cursus magna, vel scelerisque nisl consectetur et. Donec sed odio dui. Donec ullamcorper a non metus auctor fringilla.</p>\n      </div>\n      <div class=\"modal-footer\">\n        <button type=\"button\" class=\"btn btn-secondary\" data-dismiss=\"modal\">Close</button>\n        <button type=\"button\" class=\"btn btn-primary\">Save changes</button>\n      </div>\n    </div>\n  </div>\n</div>\n\n<div class=\"fkd-example\">\n  <button type=\"button\" class=\"btn btn-primary\" data-toggle=\"modal\" data-target=\"#exampleModalLong\">\n    Launch demo modal\n  </button>\n</div>\n\n<p><code>`</code>html</p>\n<!-- Button trigger modal -->\n<button type=\"button\" class=\"btn btn-primary\" data-toggle=\"modal\" data-target=\"#exampleModalLong\">\n  Launch demo modal\n</button>\n\n<!-- Modal -->\n<div class=\"modal fade\" id=\"exampleModalLong\" tabindex=\"-1\" role=\"dialog\" aria-labelledby=\"exampleModalLongTitle\" aria-hidden=\"true\">\n  <div class=\"modal-dialog\" role=\"document\">\n    <div class=\"modal-content\">\n      <div class=\"modal-header\">\n        <h5 class=\"fk-modal-title\" id=\"exampleModalLongTitle\">Modal title</h5>\n        <button type=\"button\" class=\"close\" data-dismiss=\"modal\" aria-label=\"Close\">\n          <span aria-hidden=\"true\">&times;</span>\n        </button>\n      </div>\n      <div class=\"modal-body\">\n        ...\n      </div>\n      <div class=\"modal-footer\">\n        <button type=\"button\" class=\"btn btn-secondary\" data-dismiss=\"modal\">Close</button>\n        <button type=\"button\" class=\"btn btn-primary\">Save changes</button>\n      </div>\n    </div>\n  </div>\n</div>\n```\n\n### Vertically centered\n\nAdd `.modal-dialog-centered` to `.modal-dialog` to vertically center the modal.\n\n<div id=\"exampleModalCenter\" class=\"modal fade\" tabindex=\"-1\" role=\"dialog\" aria-labelledby=\"exampleModalCenterTitle\" aria-hidden=\"true\">\n  <div class=\"modal-dialog modal-dialog-centered\" role=\"document\">\n    <div class=\"modal-content\">\n      <div class=\"modal-header\">\n        <h5 class=\"fk-modal-title\" id=\"exampleModalCenterTitle\">Modal title</h5>\n        <button type=\"button\" class=\"close\" data-dismiss=\"modal\" aria-label=\"Close\">\n          <span aria-hidden=\"true\">&times;</span>\n        </button>\n      </div>\n      <div class=\"modal-body\">\n        <p>Cras mattis consectetur purus sit amet fermentum. Cras justo odio, dapibus ac facilisis in, egestas eget quam. Morbi leo risus, porta ac consectetur ac, vestibulum at eros.</p>\n      </div>\n      <div class=\"modal-footer\">\n        <button type=\"button\" class=\"btn btn-secondary\" data-dismiss=\"modal\">Close</button>\n        <button type=\"button\" class=\"btn btn-primary\">Save changes</button>\n      </div>\n    </div>\n  </div>\n</div>\n\n<div class=\"fkd-example\">\n  <button type=\"button\" class=\"btn btn-primary\" data-toggle=\"modal\" data-target=\"#exampleModalCenter\">\n    Launch demo modal\n  </button>\n</div>\n\n<p><code>`</code>html</p>\n<!-- Button trigger modal -->\n<button type=\"button\" class=\"btn btn-primary\" data-toggle=\"modal\" data-target=\"#exampleModalCenter\">\n  Launch demo modal\n</button>\n\n<!-- Modal -->\n<div class=\"modal fade\" id=\"exampleModalCenter\" tabindex=\"-1\" role=\"dialog\" aria-labelledby=\"exampleModalCenterTitle\" aria-hidden=\"true\">\n  <div class=\"modal-dialog modal-dialog-centered\" role=\"document\">\n    <div class=\"modal-content\">\n      <div class=\"modal-header\">\n        <h5 class=\"fk-modal-title\" id=\"exampleModalCenterTitle\">Modal title</h5>\n        <button type=\"button\" class=\"close\" data-dismiss=\"modal\" aria-label=\"Close\">\n          <span aria-hidden=\"true\">&times;</span>\n        </button>\n      </div>\n      <div class=\"modal-body\">\n        ...\n      </div>\n      <div class=\"modal-footer\">\n        <button type=\"button\" class=\"btn btn-secondary\" data-dismiss=\"modal\">Close</button>\n        <button type=\"button\" class=\"btn btn-primary\">Save changes</button>\n      </div>\n    </div>\n  </div>\n</div>\n```\n\n### Tooltips and popovers\n\n[Tooltips]({{ shared.baseurl }}/docs/{{ shared.docs_version }}/components/tooltips/) and [popovers]({{ shared.baseurl }}/docs/{{ shared.docs_version }}/components/popovers/) can be placed within modals as needed. When modals are closed, any tooltips and popovers within are also automatically dismissed.\n\n<div id=\"exampleModalPopovers\" class=\"modal fade\" tabindex=\"-1\" role=\"dialog\" aria-labelledby=\"exampleModalPopoversLabel\" aria-hidden=\"true\">\n  <div class=\"modal-dialog\" role=\"document\">\n    <div class=\"modal-content\">\n      <div class=\"modal-header\">\n        <h5 class=\"fk-modal-title\" id=\"exampleModalPopoversLabel\">Modal title</h5>\n        <button type=\"button\" class=\"close\" data-dismiss=\"modal\" aria-label=\"Close\">\n          <span aria-hidden=\"true\">&times;</span>\n        </button>\n      </div>\n      <div class=\"modal-body\">\n        <h5>Popover in a modal</h5>\n        <p>This <a href=\"#\" role=\"button\" class=\"btn btn-secondary popover-test\" title=\"Popover title\" data-content=\"Popover body content is set in this attribute.\" data-container=\"#exampleModalPopovers\">button</a> triggers a popover on click.</p>\n        <hr>\n        <h5>Tooltips in a modal</h5>\n        <p><a href=\"#\" class=\"tooltip-test\" title=\"Tooltip\" data-container=\"#exampleModalPopovers\">This link</a> and <a href=\"#\" class=\"tooltip-test\" title=\"Tooltip\" data-container=\"#exampleModalPopovers\">that link</a> have tooltips on hover.</p>\n      </div>\n      <div class=\"modal-footer\">\n        <button type=\"button\" class=\"btn btn-secondary\" data-dismiss=\"modal\">Close</button>\n        <button type=\"button\" class=\"btn btn-primary\">Save changes</button>\n      </div>\n    </div>\n  </div>\n</div>\n\n<div class=\"fkd-example\">\n  <button type=\"button\" class=\"btn btn-primary\" data-toggle=\"modal\" data-target=\"#exampleModalPopovers\">\n    Launch demo modal\n  </button>\n</div>\n\n<p><code>`</code>html</p>\n<div class=\"modal-body\">\n  <h5>Popover in a modal</h5>\n  <p>This <a href=\"#\" role=\"button\" class=\"btn btn-secondary popover-test\" title=\"Popover title\" data-content=\"Popover body content is set in this attribute.\">button</a> triggers a popover on click.</p>\n  <hr>\n  <h5>Tooltips in a modal</h5>\n  <p><a href=\"#\" class=\"tooltip-test\" title=\"Tooltip\">This link</a> and <a href=\"#\" class=\"tooltip-test\" title=\"Tooltip\">that link</a> have tooltips on hover.</p>\n</div>\n```\n\n### Using the grid\n\nUtilize the framekit grid system within a modal by nesting `.container-fluid` within the `.modal-body`. Then, use the normal grid system classes as you would anywhere else.\n\n<div id=\"gridSystemModal\" class=\"modal fade\" tabindex=\"-1\" role=\"dialog\" aria-labelledby=\"gridModalLabel\" aria-hidden=\"true\">\n  <div class=\"modal-dialog\" role=\"document\">\n    <div class=\"modal-content\">\n      <div class=\"modal-header\">\n        <h5 class=\"fk-modal-title\" id=\"gridModalLabel\">Grids in modals</h5>\n        <button type=\"button\" class=\"close\" data-dismiss=\"modal\" aria-label=\"Close\"><span aria-hidden=\"true\">&times;</span></button>\n      </div>\n      <div class=\"modal-body\">\n        <div class=\"container-fluid fkd-example-row\">\n          <div class=\"row\">\n            <div class=\"col-md-4\">.col-md-4</div>\n            <div class=\"col-md-4 ml-auto\">.col-md-4 .ml-auto</div>\n          </div>\n          <div class=\"row\">\n            <div class=\"col-md-3 ml-auto\">.col-md-3 .ml-auto</div>\n            <div class=\"col-md-2 ml-auto\">.col-md-2 .ml-auto</div>\n          </div>\n          <div class=\"row\">\n            <div class=\"col-md-6 ml-auto\">.col-md-6 .ml-auto</div>\n          </div>\n          <div class=\"row\">\n            <div class=\"col-sm-9\">\n              Level 1: .col-sm-9\n              <div class=\"row\">\n                <div class=\"col-8 col-sm-6\">\n                  Level 2: .col-8 .col-sm-6\n                </div>\n                <div class=\"col-4 col-sm-6\">\n                  Level 2: .col-4 .col-sm-6\n                </div>\n              </div>\n            </div>\n          </div>\n        </div>\n      </div>\n      <div class=\"modal-footer\">\n        <button type=\"button\" class=\"btn btn-secondary\" data-dismiss=\"modal\">Close</button>\n        <button type=\"button\" class=\"btn btn-primary\">Save changes</button>\n      </div>\n    </div>\n  </div>\n</div>\n\n<div class=\"fkd-example\">\n<button type=\"button\" class=\"btn btn-primary\" data-toggle=\"modal\" data-target=\"#gridSystemModal\">\n  Launch demo modal\n</button>\n</div>\n\n<p><code>`</code>html</p>\n<div class=\"modal-body\">\n  <div class=\"container-fluid\">\n    <div class=\"row\">\n      <div class=\"col-md-4\">.col-md-4</div>\n      <div class=\"col-md-4 ml-auto\">.col-md-4 .ml-auto</div>\n    </div>\n    <div class=\"row\">\n      <div class=\"col-md-3 ml-auto\">.col-md-3 .ml-auto</div>\n      <div class=\"col-md-2 ml-auto\">.col-md-2 .ml-auto</div>\n    </div>\n    <div class=\"row\">\n      <div class=\"col-md-6 ml-auto\">.col-md-6 .ml-auto</div>\n    </div>\n    <div class=\"row\">\n      <div class=\"col-sm-9\">\n        Level 1: .col-sm-9\n        <div class=\"row\">\n          <div class=\"col-8 col-sm-6\">\n            Level 2: .col-8 .col-sm-6\n          </div>\n          <div class=\"col-4 col-sm-6\">\n            Level 2: .col-4 .col-sm-6\n          </div>\n        </div>\n      </div>\n    </div>\n  </div>\n</div>\n```\n\n### Varying modal content\n\nHave a bunch of buttons that all trigger the same modal with slightly different contents? Use `event.relatedTarget` and [HTML `data-*` attributes](https://developer.mozilla.org/en-US/docs/Learn/HTML/Howto/Use_data_attributes) (possibly [via jQuery](https://api.jquery.com/data/)) to vary the contents of the modal depending on which button was clicked.\n\nBelow is a live demo followed by example HTML and JavaScript. For more information, [read the modal events docs](#events) for details on `relatedTarget`.\n\n{{capture 'example'}}\n<button type=\"button\" class=\"btn btn-primary\" data-toggle=\"modal\" data-target=\"#exampleModal\" data-whatever=\"@mdo\">Open modal for @mdo</button>\n<button type=\"button\" class=\"btn btn-primary\" data-toggle=\"modal\" data-target=\"#exampleModal\" data-whatever=\"@fat\">Open modal for @fat</button>\n<button type=\"button\" class=\"btn btn-primary\" data-toggle=\"modal\" data-target=\"#exampleModal\" data-whatever=\"@getframekit\">Open modal for @getframekit</button>\n\n<div class=\"modal fade\" id=\"exampleModal\" tabindex=\"-1\" role=\"dialog\" aria-labelledby=\"exampleModalLabel\" aria-hidden=\"true\">\n  <div class=\"modal-dialog\" role=\"document\">\n    <div class=\"modal-content\">\n      <div class=\"modal-header\">\n        <h5 class=\"fk-modal-title\" id=\"exampleModalLabel\">New message</h5>\n        <button type=\"button\" class=\"close\" data-dismiss=\"modal\" aria-label=\"Close\">\n          <span aria-hidden=\"true\">&times;</span>\n        </button>\n      </div>\n      <div class=\"modal-body\">\n        <form>\n          <div class=\"form-group\">\n            <label for=\"recipient-name\" class=\"col-form-label\">Recipient:</label>\n            <input type=\"text\" class=\"form-control\" id=\"recipient-name\">\n          </div>\n          <div class=\"form-group\">\n            <label for=\"message-text\" class=\"col-form-label\">Message:</label>\n            <textarea class=\"form-control\" id=\"message-text\"></textarea>\n          </div>\n        </form>\n      </div>\n      <div class=\"modal-footer\">\n        <button type=\"button\" class=\"btn btn-secondary\" data-dismiss=\"modal\">Close</button>\n        <button type=\"button\" class=\"btn btn-primary\">Send message</button>\n      </div>\n    </div>\n  </div>\n</div>\n</div>\n{{include 'example' content=example}}\n\n```js\n$('#exampleModal').on('show.bs.modal', function (event) {\n  var button = $(event.relatedTarget) // Button that triggered the modal\n  var recipient = button.data('whatever') // Extract info from data-* attributes\n  // If necessary, you could initiate an AJAX request here (and then do the updating in a callback).\n  // Update the modal's content. We'll use jQuery here, but you could use a data binding library or other methods instead.\n  var modal = $(this)\n  modal.find('.fk-modal-title').text('New message to ' + recipient)\n  modal.find('.fk-modal-body input').val(recipient)\n})\n```\n\n### Remove animation\n\nFor modals that simply appear rather than fade in to view, remove the `.fade` class from your modal markup.\n\n```html\n<div class=\"modal\" tabindex=\"-1\" role=\"dialog\" aria-labelledby=\"...\" aria-hidden=\"true\">\n  ...\n</div>\n```\n\n### Dynamic heights\n\nIf the height of a modal changes while it is open, you should call `$('#myModal').modal('handleUpdate')` to readjust the modal's position in case a scrollbar appears.\n\n### Accessibility\n\nBe sure to add `role=\"dialog\"` and `aria-labelledby=\"...\"`, referencing the modal title, to `.modal`, and `role=\"document\"` to the `.modal-dialog` itself. Additionally, you may give a description of your modal dialog with `aria-describedby` on `.modal`.\n\n### Embedding YouTube videos\n\nEmbedding YouTube videos in modals requires additional JavaScript not in framekit to automatically stop playback and more. [See this helpful Stack Overflow post](https://stackoverflow.com/questions/18622508/framekit-3-and-youtube-in-modal) for more information.\n\n## Optional sizes\n\nModals have two optional sizes, available via modifier classes to be placed on a `.modal-dialog`. These sizes kick in at certain breakpoints to avoid horizontal scrollbars on narrower viewports.\n\n<div class=\"fkd-example\">\n  <button type=\"button\" class=\"btn btn-primary\" data-toggle=\"modal\" data-target=\"fkd-example-modal-lg\">Large modal</button>\n  <button type=\"button\" class=\"btn btn-primary\" data-toggle=\"modal\" data-target=\"fkd-example-modal-sm\">Small modal</button>\n</div>\n\n<p><code>`</code>html</p>\n<!-- Large modal -->\n<button type=\"button\" class=\"btn btn-primary\" data-toggle=\"modal\" data-target=\"fkd-example-modal-lg\">Large modal</button>\n\n<div class=\"modal fade fkd-example-modal-lg\" tabindex=\"-1\" role=\"dialog\" aria-labelledby=\"myLargeModalLabel\" aria-hidden=\"true\">\n  <div class=\"modal-dialog modal-lg\">\n    <div class=\"modal-content\">\n      ...\n    </div>\n  </div>\n</div>\n\n<!-- Small modal -->\n<button type=\"button\" class=\"btn btn-primary\" data-toggle=\"modal\" data-target=\"fkd-example-modal-sm\">Small modal</button>\n\n<div class=\"modal fade fkd-example-modal-sm\" tabindex=\"-1\" role=\"dialog\" aria-labelledby=\"mySmallModalLabel\" aria-hidden=\"true\">\n  <div class=\"modal-dialog modal-sm\">\n    <div class=\"modal-content\">\n      ...\n    </div>\n  </div>\n</div>\n```\n\n<div class=\"modal fade fkd-example-modal-lg\" tabindex=\"-1\" role=\"dialog\" aria-labelledby=\"myLargeModalLabel\" aria-hidden=\"true\">\n  <div class=\"modal-dialog modal-lg\">\n    <div class=\"modal-content\">\n\n      <div class=\"modal-header\">\n        <h5 class=\"fk-modal-title h4\" id=\"myLargeModalLabel\">Large modal</h5>\n        <button type=\"button\" class=\"close\" data-dismiss=\"modal\" aria-label=\"Close\">\n          <span aria-hidden=\"true\">&times;</span>\n        </button>\n      </div>\n      <div class=\"modal-body\">\n        ...\n      </div>\n    </div>\n  </div>\n</div>\n\n<div class=\"modal fade fkd-example-modal-sm\" tabindex=\"-1\" role=\"dialog\" aria-labelledby=\"mySmallModalLabel\" aria-hidden=\"true\">\n  <div class=\"modal-dialog modal-sm\">\n    <div class=\"modal-content\">\n      <div class=\"modal-header\">\n        <h5 class=\"fk-modal-title h4\" id=\"mySmallModalLabel\">Small modal</h5>\n        <button type=\"button\" class=\"close\" data-dismiss=\"modal\" aria-label=\"Close\">\n          <span aria-hidden=\"true\">&times;</span>\n        </button>\n      </div>\n      <div class=\"modal-body\">\n        ...\n      </div>\n    </div>\n  </div>\n</div>\n\n<h2 id=\"usage\">Usage</h2>\n<p>The modal plugin toggles your hidden content on demand, via data attributes or JavaScript. It also adds <code>.modal-open</code> to the <code>&lt;body&gt;</code> to override default scrolling behavior and generates a <code>.modal-backdrop</code> to provide a click area for dismissing shown modals when clicking outside the modal.</p>\n<h3 id=\"via-data-attributes\">Via data attributes</h3>\n<p>Activate a modal without writing JavaScript. Set <code>data-toggle=&quot;modal&quot;</code> on a controller element, like a button, along with a <code>data-target=&quot;#foo&quot;</code> or <code>href=&quot;#foo&quot;</code> to target a specific modal to toggle.</p>\n<p><code>html\n&lt;button type=&quot;button&quot; data-toggle=&quot;modal&quot; data-target=&quot;#myModal&quot;&gt;Launch modal&lt;/button&gt;</code></p>\n<h3 id=\"via-javascript\">Via JavaScript</h3>\n<p>Call a modal with id <code>myModal</code> with a single line of JavaScript:</p>\n<p><code>js$(&#39;#myModal&#39;).modal(options)</code></p>\n<h3 id=\"options\">Options</h3>\n<p>Options can be passed via data attributes or JavaScript. For data attributes, append the option name to <code>data-</code>, as in <code>data-backdrop=&quot;&quot;</code>.</p>\n<table class=\"table table-bordered table-striped\">\n  <thead>\n    <tr>\n      <th style=\"width: 100px;\">Name</th>\n      <th style=\"width: 50px;\">Type</th>\n      <th style=\"width: 50px;\">Default</th>\n      <th>Description</th>\n    </tr>\n  </thead>\n  <tbody>\n    <tr>\n      <td>backdrop</td>\n      <td>boolean or the string <code>'static'</code></td>\n      <td>true</td>\n      <td>Includes a modal-backdrop element. Alternatively, specify <code>static</code> for a backdrop which doesn't close the modal on click.</td>\n    </tr>\n    <tr>\n      <td>keyboard</td>\n      <td>boolean</td>\n      <td>true</td>\n      <td>Closes the modal when escape key is pressed</td>\n    </tr>\n    <tr>\n      <td>focus</td>\n      <td>boolean</td>\n      <td>true</td>\n      <td>Puts the focus on the modal when initialized.</td>\n    </tr>\n    <tr>\n      <td>show</td>\n      <td>boolean</td>\n      <td>true</td>\n      <td>Shows the modal when initialized.</td>\n    </tr>\n  </tbody>\n</table>\n\n<h3 id=\"methods\">Methods</h3>\n<p>{{include ‘callout-danger-async-methods.md’}}</p>\n<h4 id=\"-modal-options-\"><code>.modal(options)</code></h4>\n<p>Activates your content as a modal. Accepts an optional options <code>object</code>.</p>\n<p><code>js\n$(&#39;#myModal&#39;).modal({\n  keyboard: false\n})</code></p>\n<h4 id=\"-modal-toggle-\"><code>.modal(&#39;toggle&#39;)</code></h4>\n<p>Manually toggles a modal. <strong>Returns to the caller before the modal has actually been shown or hidden</strong> (i.e. before the <code>shown.bs.modal</code> or <code>hidden.bs.modal</code> event occurs).</p>\n<p><code>js$(&#39;#myModal&#39;).modal(&#39;toggle&#39;)</code></p>\n<h4 id=\"-modal-show-\"><code>.modal(&#39;show&#39;)</code></h4>\n<p>Manually opens a modal. <strong>Returns to the caller before the modal has actually been shown</strong> (i.e. before the <code>shown.bs.modal</code> event occurs).</p>\n<p><code>js$(&#39;#myModal&#39;).modal(&#39;show&#39;)</code></p>\n<h4 id=\"-modal-hide-\"><code>.modal(&#39;hide&#39;)</code></h4>\n<p>Manually hides a modal. <strong>Returns to the caller before the modal has actually been hidden</strong> (i.e. before the <code>hidden.bs.modal</code> event occurs).</p>\n<p><code>js$(&#39;#myModal&#39;).modal(&#39;hide&#39;)</code></p>\n<h4 id=\"-modal-handleupdate-\"><code>.modal(&#39;handleUpdate&#39;)</code></h4>\n<p>Manually readjust the modal’s position if the height of a modal changes while it is open (i.e. in case a scrollbar appears).</p>\n<p><code>js$(&#39;#myModal&#39;).modal(&#39;handleUpdate&#39;)</code></p>\n<h4 id=\"-modal-dispose-\"><code>.modal(&#39;dispose&#39;)</code></h4>\n<p>Destroys an element’s modal.</p>\n<h3 id=\"events\">Events</h3>\n<p>framekit’s modal class exposes a few events for hooking into modal functionality. All modal events are fired at the modal itself (i.e. at the <code>&lt;div class=&quot;modal&quot;&gt;</code>).</p>\n<table class=\"table table-bordered table-striped\">\n  <thead>\n    <tr>\n      <th style=\"width: 150px;\">Event Type</th>\n      <th>Description</th>\n    </tr>\n  </thead>\n  <tbody>\n    <tr>\n      <td>show.bs.modal</td>\n      <td>This event fires immediately when the <code>show</code> instance method is called. If caused by a click, the clicked element is available as the <code>relatedTarget</code> property of the event.</td>\n    </tr>\n    <tr>\n      <td>shown.bs.modal</td>\n      <td>This event is fired when the modal has been made visible to the user (will wait for CSS transitions to complete). If caused by a click, the clicked element is available as the <code>relatedTarget</code> property of the event.</td>\n    </tr>\n    <tr>\n      <td>hide.bs.modal</td>\n      <td>This event is fired immediately when the <code>hide</code> instance method has been called.</td>\n    </tr>\n    <tr>\n      <td>hidden.bs.modal</td>\n      <td>This event is fired when the modal has finished being hidden from the user (will wait for CSS transitions to complete).</td>\n    </tr>\n  </tbody>\n</table>\n\n<p><code>js\n$(&#39;#myModal&#39;).on(&#39;hidden.bs.modal&#39;, function (e) {\n  // do something...\n})</code></p>\n","updatedAt":"2018-06-06T20:04:50.000Z"}