{"layout":"docs","title":"Navbar","description":"Documentation and examples for framekit's powerful, responsive navigation header, the navbar. Includes support for branding, navigation, and more, including support for our collapse plugin.","group":"components","toc":true,"body":"<h2 id=\"how-it-works\">How it works</h2>\n<p>Here’s what you need to know before getting started with the navbar:</p>\n<ul>\n<li>Navbars require a wrapping <code>.navbar</code> with <code>.navbar-expand{-sm|-md|-lg|-xl}</code> for responsive collapsing and <a href=\"&num;color-schemes\">color scheme</a> classes.</li>\n<li>Navbars and their contents are fluid by default. Use <a href=\"&num;containers\">optional containers</a> to limit their horizontal width.</li>\n<li>Use our <a href=\"%7B%7B%20shared.baseurl%20%7D%7D/docs/%7B%7B%20shared.docs_version%20%7D%7D/utilities/spacing/\">spacing</a> and <a href=\"%7B%7B%20shared.baseurl%20%7D%7D/docs/%7B%7B%20shared.docs_version%20%7D%7D/utilities/flex/\">flex</a> utility classes for controlling spacing and alignment within navbars.</li>\n<li>Navbars are responsive by default, but you can easily modify them to change that. Responsive behavior depends on our Collapse JavaScript plugin.</li>\n<li>Navbars are hidden by default when printing. Force them to be printed by adding <code>.d-print</code> to the <code>.navbar</code>. See the <a href=\"%7B%7B%20shared.baseurl%20%7D%7D/docs/%7B%7B%20shared.docs_version%20%7D%7D/utilities/display/\">display</a> utility class.</li>\n<li>Ensure accessibility by using a <code>&lt;nav&gt;</code> element or, if using a more generic element such as a <code>&lt;div&gt;</code>, add a <code>role=&quot;navigation&quot;</code> to every navbar to explicitly identify it as a landmark region for users of assistive technologies.</li>\n</ul>\n<p>Read on for an example and list of supported sub-components.</p>\n<h2 id=\"supported-content\">Supported content</h2>\n<p>Navbars come with built-in support for a handful of sub-components. Choose from the following as needed:</p>\n<ul>\n<li><code>.navbar-brand</code> for your company, product, or project name.</li>\n<li><code>.navbar-nav</code> for a full-height and lightweight navigation (including support for dropdowns).</li>\n<li><code>.navbar-toggler</code> for use with our collapse plugin and other <a href=\"&num;responsive-behaviors\">navigation toggling</a> behaviors.</li>\n<li><code>.form-inline</code> for any form controls and actions.</li>\n<li><code>.navbar-text</code> for adding vertically centered strings of text.</li>\n<li><code>.collapse.navbar-collapse</code> for grouping and hiding navbar contents by a parent breakpoint.</li>\n</ul>\n<p>Here’s an example of all the sub-components included in a responsive light-themed navbar that automatically collapses at the <code>lg</code> (large) breakpoint.</p>\n<p>{"&num;capture ‘example’}}</p>\n<nav class=\"navbar navbar-expand-lg navbar-light bg-light\">\n  <a class=\"navbar-brand\" href=\"&num;\">Navbar</a>\n  <button class=\"navbar-toggler\" type=\"button\" data-toggle=\"collapse\" data-target=\"&num;navbarSupportedContent\" aria-controls=\"navbarSupportedContent\" aria-expanded=\"false\" aria-label=\"Toggle navigation\">\n    <span class=\"navbar-toggler-icon\"></span>\n  </button>\n\n  <div class=\"collapse navbar-collapse\" id=\"navbarSupportedContent\">\n    <ul class=\"navbar-nav mr-auto\">\n      <li class=\"nav-item active\">\n        <a class=\"nav-link\" href=\"&num;\">Home <span class=\"sr-only\">(current)</span></a>\n      </li>\n      <li class=\"nav-item\">\n        <a class=\"nav-link\" href=\"&num;\">Link</a>\n      </li>\n      <li class=\"nav-item dropdown\">\n        <a class=\"nav-link dropdown-toggle\" href=\"&num;\" id=\"navbarDropdown\" role=\"button\" data-toggle=\"dropdown\" aria-haspopup=\"true\" aria-expanded=\"false\">\n          Dropdown\n        </a>\n        <div class=\"dropdown-menu\" aria-labelledby=\"navbarDropdown\">\n          <a class=\"dropdown-item\" href=\"&num;\">Action</a>\n          <a class=\"dropdown-item\" href=\"&num;\">Another action</a>\n          <div class=\"dropdown-divider\"></div>\n          <a class=\"dropdown-item\" href=\"&num;\">Something else here</a>\n        </div>\n      </li>\n      <li class=\"nav-item\">\n        <a class=\"nav-link disabled\" href=\"&num;\">Disabled</a>\n      </li>\n    </ul>\n    <form class=\"form-inline my-2 my-lg-0\">\n      <input class=\"form-control mr-sm-2\" type=\"search\" placeholder=\"Search\" aria-label=\"Search\">\n      <button class=\"btn btn-outline-success my-2 my-sm-0\" type=\"submit\">Search</button>\n    </form>\n  </div>\n</nav>\n</div>\n{{include 'example' content=example}}\n\nThis example uses [color]({{ shared.baseurl }}/docs/{{ shared.docs_version }}/utilities/colors/) (`bg-light`) and [spacing]({{ shared.baseurl }}/docs/{{ shared.docs_version }}/utilities/spacing/) (`my-2`, `my-lg-0`, `mr-sm-0`, `my-sm-0`) utility classes.\n\n### Brand\n\nThe `.navbar-brand` can be applied to most elements, but an anchor works best as some elements might require utility classes or custom styles.\n\n{{capture 'example'}}\n<!-- As a link -->\n<nav class=\"navbar navbar-light bg-light\">\n  <a class=\"navbar-brand\" href=\"&num;\">Navbar</a>\n</nav>\n\n<!-- As a heading -->\n<nav class=\"navbar navbar-light bg-light\">\n  <span class=\"navbar-brand mb-0 h1\">Navbar</span>\n</nav>\n</div>\n{{include 'example' content=example}}\n\nAdding images to the `.navbar-brand` will likely always require custom styles or utilities to properly size. Here are some examples to demonstrate.\n\n{{capture 'example'}}\n<!-- Just an image -->\n<nav class=\"navbar navbar-light bg-light\">\n  <a class=\"navbar-brand\" href=\"&num;\">\n    <img src=\"{{ shared.baseurl }}/assets/brand/framekit-solid.svg\" width=\"30\" height=\"30\" alt=\"\">\n  </a>\n</nav>\n</div>\n{{include 'example' content=example}}\n\n{{capture 'example'}}\n<!-- Image and text -->\n<nav class=\"navbar navbar-light bg-light\">\n  <a class=\"navbar-brand\" href=\"&num;\">\n    <img src=\"{{ shared.baseurl }}/assets/brand/framekit-solid.svg\" width=\"30\" height=\"30\" class=\"d-inline-block align-top\" alt=\"\">\n    framekit\n  </a>\n</nav>\n</div>\n{{include 'example' content=example}}\n\n### Nav\n\nNavbar navigation links build on our `.nav` options with their own modifier class and require the use of [toggler classes](#toggler) for proper responsive styling. **Navigation in navbars will also grow to occupy as much horizontal space as possible** to keep your navbar contents securely aligned.\n\nActive states—with `.active`—to indicate the current page can be applied directly to `.nav-link`s or their immediate parent `.nav-item`s.\n\n{{capture 'example'}}\n<nav class=\"navbar navbar-expand-lg navbar-light bg-light\">\n  <a class=\"navbar-brand\" href=\"&num;\">Navbar</a>\n  <button class=\"navbar-toggler\" type=\"button\" data-toggle=\"collapse\" data-target=\"&num;navbarNav\" aria-controls=\"navbarNav\" aria-expanded=\"false\" aria-label=\"Toggle navigation\">\n    <span class=\"navbar-toggler-icon\"></span>\n  </button>\n  <div class=\"collapse navbar-collapse\" id=\"navbarNav\">\n    <ul class=\"navbar-nav\">\n      <li class=\"nav-item active\">\n        <a class=\"nav-link\" href=\"&num;\">Home <span class=\"sr-only\">(current)</span></a>\n      </li>\n      <li class=\"nav-item\">\n        <a class=\"nav-link\" href=\"&num;\">Features</a>\n      </li>\n      <li class=\"nav-item\">\n        <a class=\"nav-link\" href=\"&num;\">Pricing</a>\n      </li>\n      <li class=\"nav-item\">\n        <a class=\"nav-link disabled\" href=\"&num;\">Disabled</a>\n      </li>\n    </ul>\n  </div>\n</nav>\n</div>\n{{include 'example' content=example}}\n\nAnd because we use classes for our navs, you can avoid the list-based approach entirely if you like.\n\n{{capture 'example'}}\n<nav class=\"navbar navbar-expand-lg navbar-light bg-light\">\n  <a class=\"navbar-brand\" href=\"&num;\">Navbar</a>\n  <button class=\"navbar-toggler\" type=\"button\" data-toggle=\"collapse\" data-target=\"&num;navbarNavAltMarkup\" aria-controls=\"navbarNavAltMarkup\" aria-expanded=\"false\" aria-label=\"Toggle navigation\">\n    <span class=\"navbar-toggler-icon\"></span>\n  </button>\n  <div class=\"collapse navbar-collapse\" id=\"navbarNavAltMarkup\">\n    <div class=\"navbar-nav\">\n      <a class=\"nav-item nav-link active\" href=\"&num;\">Home <span class=\"sr-only\">(current)</span></a>\n      <a class=\"nav-item nav-link\" href=\"&num;\">Features</a>\n      <a class=\"nav-item nav-link\" href=\"&num;\">Pricing</a>\n      <a class=\"nav-item nav-link disabled\" href=\"&num;\">Disabled</a>\n    </div>\n  </div>\n</nav>\n</div>\n{{include 'example' content=example}}\n\nYou may also utilize dropdowns in your navbar nav. Dropdown menus require a wrapping element for positioning, so be sure to use separate and nested elements for `.nav-item` and `.nav-link` as shown below.\n\n{{capture 'example'}}\n<nav class=\"navbar navbar-expand-lg navbar-light bg-light\">\n  <a class=\"navbar-brand\" href=\"&num;\">Navbar</a>\n  <button class=\"navbar-toggler\" type=\"button\" data-toggle=\"collapse\" data-target=\"&num;navbarNavDropdown\" aria-controls=\"navbarNavDropdown\" aria-expanded=\"false\" aria-label=\"Toggle navigation\">\n    <span class=\"navbar-toggler-icon\"></span>\n  </button>\n  <div class=\"collapse navbar-collapse\" id=\"navbarNavDropdown\">\n    <ul class=\"navbar-nav\">\n      <li class=\"nav-item active\">\n        <a class=\"nav-link\" href=\"&num;\">Home <span class=\"sr-only\">(current)</span></a>\n      </li>\n      <li class=\"nav-item\">\n        <a class=\"nav-link\" href=\"&num;\">Features</a>\n      </li>\n      <li class=\"nav-item\">\n        <a class=\"nav-link\" href=\"&num;\">Pricing</a>\n      </li>\n      <li class=\"nav-item dropdown\">\n        <a class=\"nav-link dropdown-toggle\" href=\"&num;\" id=\"navbarDropdownMenuLink\" data-toggle=\"dropdown\" aria-haspopup=\"true\" aria-expanded=\"false\">\n          Dropdown link\n        </a>\n        <div class=\"dropdown-menu\" aria-labelledby=\"navbarDropdownMenuLink\">\n          <a class=\"dropdown-item\" href=\"&num;\">Action</a>\n          <a class=\"dropdown-item\" href=\"&num;\">Another action</a>\n          <a class=\"dropdown-item\" href=\"&num;\">Something else here</a>\n        </div>\n      </li>\n    </ul>\n  </div>\n</nav>\n</div>\n{{include 'example' content=example}}\n\n### Forms\n\nPlace various form controls and components within a navbar with `.form-inline`.\n\n{{capture 'example'}}\n<nav class=\"navbar navbar-light bg-light\">\n  <form class=\"form-inline\">\n    <input class=\"form-control mr-sm-2\" type=\"search\" placeholder=\"Search\" aria-label=\"Search\">\n    <button class=\"btn btn-outline-success my-2 my-sm-0\" type=\"submit\">Search</button>\n  </form>\n</nav>\n</div>\n{{include 'example' content=example}}\n\nImmediate children elements in `.navbar` use flex layout and will default to `justify-content: between`. Use additional [flex utilities]({{ shared.baseurl }}/docs/{{ shared.docs_version }}/utilities/flex/) as needed to adjust this behavior.\n\n{{capture 'example'}}\n<nav class=\"navbar navbar-light bg-light\">\n  <a class=\"navbar-brand\">Navbar</a>\n  <form class=\"form-inline\">\n    <input class=\"form-control mr-sm-2\" type=\"search\" placeholder=\"Search\" aria-label=\"Search\">\n    <button class=\"btn btn-outline-success my-2 my-sm-0\" type=\"submit\">Search</button>\n  </form>\n</nav>\n</div>\n{{include 'example' content=example}}\n\nInput groups work, too:\n\n{{capture 'example'}}\n<nav class=\"navbar navbar-light bg-light\">\n  <form class=\"form-inline\">\n    <div class=\"input-group\">\n      <div class=\"input-group-prepend\">\n        <span class=\"input-group-text\" id=\"basic-addon1\">@</span>\n      </div>\n      <input type=\"text\" class=\"form-control\" placeholder=\"Username\" aria-label=\"Username\" aria-describedby=\"basic-addon1\">\n    </div>\n  </form>\n</nav>\n</div>\n{{include 'example' content=example}}\n\nVarious buttons are supported as part of these navbar forms, too. This is also a great reminder that vertical alignment utilities can be used to align different sized elements.\n\n{{capture 'example'}}\n<nav class=\"navbar navbar-light bg-light\">\n  <form class=\"form-inline\">\n    <button class=\"btn btn-outline-success\" type=\"button\">Main button</button>\n    <button class=\"btn btn-sm btn-outline-secondary\" type=\"button\">Smaller button</button>\n  </form>\n</nav>\n</div>\n{{include 'example' content=example}}\n\n### Text\n\nNavbars may contain bits of text with the help of `.navbar-text`. This class adjusts vertical alignment and horizontal spacing for strings of text.\n\n{{capture 'example'}}\n<nav class=\"navbar navbar-light bg-light\">\n  <span class=\"navbar-text\">\n    Navbar text with an inline element\n  </span>\n</nav>\n</div>\n{{include 'example' content=example}}\n\nMix and match with other components and utilities as needed.\n\n{{capture 'example'}}\n<nav class=\"navbar navbar-expand-lg navbar-light bg-light\">\n  <a class=\"navbar-brand\" href=\"&num;\">Navbar w/ text</a>\n  <button class=\"navbar-toggler\" type=\"button\" data-toggle=\"collapse\" data-target=\"&num;navbarText\" aria-controls=\"navbarText\" aria-expanded=\"false\" aria-label=\"Toggle navigation\">\n    <span class=\"navbar-toggler-icon\"></span>\n  </button>\n  <div class=\"collapse navbar-collapse\" id=\"navbarText\">\n    <ul class=\"navbar-nav mr-auto\">\n      <li class=\"nav-item active\">\n        <a class=\"nav-link\" href=\"&num;\">Home <span class=\"sr-only\">(current)</span></a>\n      </li>\n      <li class=\"nav-item\">\n        <a class=\"nav-link\" href=\"&num;\">Features</a>\n      </li>\n      <li class=\"nav-item\">\n        <a class=\"nav-link\" href=\"&num;\">Pricing</a>\n      </li>\n    </ul>\n    <span class=\"navbar-text\">\n      Navbar text with an inline element\n    </span>\n  </div>\n</nav>\n</div>\n{{include 'example' content=example}}\n\n## Color schemes\n\nTheming the navbar has never been easier thanks to the combination of theming classes and `background-color` utilities. Choose from `.navbar-light` for use with light background colors, or `.navbar-dark` for dark background colors. Then, customize with `.bg-*` utilities.\n\n<div class=\"fkd-example\">\n  <nav class=\"navbar navbar-expand-lg navbar-dark bg-dark\">\n    <a class=\"navbar-brand\" href=\"&num;\">Navbar</a>\n    <button class=\"navbar-toggler\" type=\"button\" data-toggle=\"collapse\" data-target=\"&num;navbarColor01\" aria-controls=\"navbarColor01\" aria-expanded=\"false\" aria-label=\"Toggle navigation\">\n      <span class=\"navbar-toggler-icon\"></span>\n    </button>\n\n    <div class=\"collapse navbar-collapse\" id=\"navbarColor01\">\n      <ul class=\"navbar-nav mr-auto\">\n        <li class=\"nav-item active\">\n          <a class=\"nav-link\" href=\"&num;\">Home <span class=\"sr-only\">(current)</span></a>\n        </li>\n        <li class=\"nav-item\">\n          <a class=\"nav-link\" href=\"&num;\">Features</a>\n        </li>\n        <li class=\"nav-item\">\n          <a class=\"nav-link\" href=\"&num;\">Pricing</a>\n        </li>\n        <li class=\"nav-item\">\n          <a class=\"nav-link\" href=\"&num;\">About</a>\n        </li>\n      </ul>\n      <form class=\"form-inline\">\n        <input class=\"form-control mr-sm-2\" type=\"search\" placeholder=\"Search\" aria-label=\"Search\">\n        <button class=\"btn btn-outline-info my-2 my-sm-0\" type=\"submit\">Search</button>\n      </form>\n    </div>\n  </nav>\n\n  <nav class=\"navbar navbar-expand-lg navbar-dark bg-primary\">\n    <a class=\"navbar-brand\" href=\"&num;\">Navbar</a>\n    <button class=\"navbar-toggler\" type=\"button\" data-toggle=\"collapse\" data-target=\"&num;navbarColor02\" aria-controls=\"navbarColor02\" aria-expanded=\"false\" aria-label=\"Toggle navigation\">\n      <span class=\"navbar-toggler-icon\"></span>\n    </button>\n\n    <div class=\"collapse navbar-collapse\" id=\"navbarColor02\">\n      <ul class=\"navbar-nav mr-auto\">\n        <li class=\"nav-item active\">\n          <a class=\"nav-link\" href=\"&num;\">Home <span class=\"sr-only\">(current)</span></a>\n        </li>\n        <li class=\"nav-item\">\n          <a class=\"nav-link\" href=\"&num;\">Features</a>\n        </li>\n        <li class=\"nav-item\">\n          <a class=\"nav-link\" href=\"&num;\">Pricing</a>\n        </li>\n        <li class=\"nav-item\">\n          <a class=\"nav-link\" href=\"&num;\">About</a>\n        </li>\n      </ul>\n      <form class=\"form-inline\">\n        <input class=\"form-control mr-sm-2\" type=\"search\" placeholder=\"Search\" aria-label=\"Search\">\n        <button class=\"btn btn-outline-light my-2 my-sm-0\" type=\"submit\">Search</button>\n      </form>\n    </div>\n  </nav>\n\n  <nav class=\"navbar navbar-expand-lg navbar-light\" style=\"background-color: #e3f2fd;\">\n    <a class=\"navbar-brand\" href=\"&num;\">Navbar</a>\n    <button class=\"navbar-toggler\" type=\"button\" data-toggle=\"collapse\" data-target=\"&num;navbarColor03\" aria-controls=\"navbarColor03\" aria-expanded=\"false\" aria-label=\"Toggle navigation\">\n      <span class=\"navbar-toggler-icon\"></span>\n    </button>\n\n    <div class=\"collapse navbar-collapse\" id=\"navbarColor03\">\n      <ul class=\"navbar-nav mr-auto\">\n        <li class=\"nav-item active\">\n          <a class=\"nav-link\" href=\"&num;\">Home <span class=\"sr-only\">(current)</span></a>\n        </li>\n        <li class=\"nav-item\">\n          <a class=\"nav-link\" href=\"&num;\">Features</a>\n        </li>\n        <li class=\"nav-item\">\n          <a class=\"nav-link\" href=\"&num;\">Pricing</a>\n        </li>\n        <li class=\"nav-item\">\n          <a class=\"nav-link\" href=\"&num;\">About</a>\n        </li>\n      </ul>\n      <form class=\"form-inline\">\n        <input class=\"form-control mr-sm-2\" type=\"search\" placeholder=\"Search\" aria-label=\"Search\">\n        <button class=\"btn btn-outline-primary my-2 my-sm-0\" type=\"submit\">Search</button>\n      </form>\n    </div>\n  </nav>\n</div>\n\n```html\n<nav class=\"navbar navbar-dark bg-dark\">\n  <!-- Navbar content -->\n</nav>\n\n<nav class=\"navbar navbar-dark bg-primary\">\n  <!-- Navbar content -->\n</nav>\n\n<p><nav class=\"navbar navbar-light\" style=\"background-color: #e3f2fd;\">\n  <!-- Navbar content --></p>\n<p></nav>\n<code>`</code></p>\n<h2 id=\"containers\">Containers</h2>\n<p>Although it’s not required, you can wrap a navbar in a <code>.container</code> to center it on a page or add one within to only center the contents of a <a href=\"&num;placement\">fixed or static top navbar</a>.</p>\n<p>{{capture ‘example’}}</p>\n<p><div class=\"container\">\n  <nav class=\"navbar navbar-expand-lg navbar-light bg-light\">\n    <a class=\"navbar-brand\" href=\"&num;\">Navbar</a>\n  </nav></p>\n<p></div></p>\n<p></div>\n{{include ‘example’ content=example}}</p>\n<p>When the container is within your navbar, its horizontal padding is removed at breakpoints lower than your specified <code>.navbar-expand{-sm|-md|-lg|-xl}</code> class. This ensures we’re not doubling up on padding unnecessarily on lower viewports when your navbar is collapsed.</p>\n<p>{{capture ‘example’}}</p>\n<p><nav class=\"navbar navbar-expand-lg navbar-light bg-light\">\n  <div class=\"container\">\n    <a class=\"navbar-brand\" href=\"&num;\">Navbar</a>\n  </div></p>\n<p></nav></p>\n<p></div>\n{{include ‘example’ content=example}}</p>\n<h2 id=\"placement\">Placement</h2>\n<p>Use our <a href=\"%7B%7B%20shared.baseurl%20%7D%7D/docs/%7B%7B%20shared.docs_version%20%7D%7D/utilities/position/\">position utilities</a> to place navbars in non-static positions. Choose from fixed to the top, fixed to the bottom, or stickied to the top (scrolls with the page until it reaches the top, then stays there). Fixed navbars use <code>position: fixed</code>, meaning they’re pulled from the normal flow of the DOM and may require custom CSS (e.g., <code>padding-top</code> on the <code>&lt;body&gt;</code>) to prevent overlap with other elements.</p>\n<p>Also note that <strong><code>.sticky-top</code> uses <code>position: sticky</code>, which <a href=\"https://caniuse.com/#feat=css-sticky\">isn’t fully supported in every browser</a></strong>.</p>\n<p>{{capture ‘example’}}</p>\n<p><nav class=\"navbar navbar-light bg-light\">\n  <a class=\"navbar-brand\" href=\"&num;\">Default</a></p>\n<p></nav></p>\n<p></div>\n{{include ‘example’ content=example}}</p>\n<p>{{capture ‘example’}}</p>\n<p><nav class=\"navbar fixed-top navbar-light bg-light\">\n  <a class=\"navbar-brand\" href=\"&num;\">Fixed top</a></p>\n<p></nav></p>\n<p></div>\n{{include ‘example’ content=example}}</p>\n<p>{{capture ‘example’}}</p>\n<p><nav class=\"navbar fixed-bottom navbar-light bg-light\">\n  <a class=\"navbar-brand\" href=\"&num;\">Fixed bottom</a></p>\n<p></nav></p>\n<p></div>\n{{include ‘example’ content=example}}</p>\n<p>{{capture ‘example’}}</p>\n<p><nav class=\"navbar sticky-top navbar-light bg-light\">\n  <a class=\"navbar-brand\" href=\"&num;\">Sticky top</a></p>\n<p></nav></p>\n<p></div>\n{{include ‘example’ content=example}}</p>\n<h2 id=\"responsive-behaviors\">Responsive behaviors</h2>\n<p>Navbars can utilize <code>.navbar-toggler</code>, <code>.navbar-collapse</code>, and <code>.navbar-expand{-sm|-md|-lg|-xl}</code> classes to change when their content collapses behind a button. In combination with other utilities, you can easily choose when to show or hide particular elements.</p>\n<p>For navbars that never collapse, add the <code>.navbar-expand</code> class on the navbar. For navbars that always collapse, don’t add any <code>.navbar-expand</code> class.</p>\n<h3 id=\"toggler\">Toggler</h3>\n<p>Navbar togglers are left-aligned by default, but should they follow a sibling element like a <code>.navbar-brand</code>, they’ll automatically be aligned to the far right. Reversing your markup will reverse the placement of the toggler. Below are examples of different toggle styles.</p>\n<p>With no <code>.navbar-brand</code> shown in lowest breakpoint:</p>\n<p>{{capture ‘example’}}</p>\n<p><nav class=\"navbar navbar-expand-lg navbar-light bg-light\">\n  <button class=\"navbar-toggler\" type=\"button\" data-toggle=\"collapse\" data-target=\"&num;navbarTogglerDemo01\" aria-controls=\"navbarTogglerDemo01\" aria-expanded=\"false\" aria-label=\"Toggle navigation\">\n    <span class=\"navbar-toggler-icon\"></span>\n  </button>\n  <div class=\"collapse navbar-collapse\" id=\"navbarTogglerDemo01\">\n    <a class=\"navbar-brand\" href=\"&num;\">Hidden brand</a>\n    <ul class=\"navbar-nav mr-auto mt-2 mt-lg-0\">\n      <li class=\"nav-item active\">\n        <a class=\"nav-link\" href=\"&num;\">Home <span class=\"sr-only\">(current)</span></a>\n      </li>\n      <li class=\"nav-item\">\n        <a class=\"nav-link\" href=\"&num;\">Link</a>\n      </li>\n      <li class=\"nav-item\">\n        <a class=\"nav-link disabled\" href=\"&num;\">Disabled</a>\n      </li>\n    </ul>\n    <form class=\"form-inline my-2 my-lg-0\">\n      <input class=\"form-control mr-sm-2\" type=\"search\" placeholder=\"Search\" aria-label=\"Search\">\n      <button class=\"btn btn-outline-success my-2 my-sm-0\" type=\"submit\">Search</button>\n    </form>\n  </div></p>\n<p></nav></p>\n<p></div>\n{{include ‘example’ content=example}}</p>\n<p>With a brand name shown on the left and toggler on the right:</p>\n<p>{{capture ‘example’}}</p>\n<p><nav class=\"navbar navbar-expand-lg navbar-light bg-light\">\n  <a class=\"navbar-brand\" href=\"&num;\">Navbar</a>\n  <button class=\"navbar-toggler\" type=\"button\" data-toggle=\"collapse\" data-target=\"&num;navbarTogglerDemo02\" aria-controls=\"navbarTogglerDemo02\" aria-expanded=\"false\" aria-label=\"Toggle navigation\">\n    <span class=\"navbar-toggler-icon\"></span>\n  </button></p>\n<p>  <div class=\"collapse navbar-collapse\" id=\"navbarTogglerDemo02\">\n    <ul class=\"navbar-nav mr-auto mt-2 mt-lg-0\">\n      <li class=\"nav-item active\">\n        <a class=\"nav-link\" href=\"&num;\">Home <span class=\"sr-only\">(current)</span></a>\n      </li>\n      <li class=\"nav-item\">\n        <a class=\"nav-link\" href=\"&num;\">Link</a>\n      </li>\n      <li class=\"nav-item\">\n        <a class=\"nav-link disabled\" href=\"&num;\">Disabled</a>\n      </li>\n    </ul>\n    <form class=\"form-inline my-2 my-lg-0\">\n      <input class=\"form-control mr-sm-2\" type=\"search\" placeholder=\"Search\">\n      <button class=\"btn btn-outline-success my-2 my-sm-0\" type=\"submit\">Search</button>\n    </form>\n  </div></p>\n<p></nav></p>\n<p></div>\n{{include ‘example’ content=example}}</p>\n<p>With a toggler on the left and brand name on the right:</p>\n<p>{{capture ‘example’}}</p>\n<p><nav class=\"navbar navbar-expand-lg navbar-light bg-light\">\n  <button class=\"navbar-toggler\" type=\"button\" data-toggle=\"collapse\" data-target=\"&num;navbarTogglerDemo03\" aria-controls=\"navbarTogglerDemo03\" aria-expanded=\"false\" aria-label=\"Toggle navigation\">\n    <span class=\"navbar-toggler-icon\"></span>\n  </button>\n  <a class=\"navbar-brand\" href=\"&num;\">Navbar</a></p>\n<p>  <div class=\"collapse navbar-collapse\" id=\"navbarTogglerDemo03\">\n    <ul class=\"navbar-nav mr-auto mt-2 mt-lg-0\">\n      <li class=\"nav-item active\">\n        <a class=\"nav-link\" href=\"&num;\">Home <span class=\"sr-only\">(current)</span></a>\n      </li>\n      <li class=\"nav-item\">\n        <a class=\"nav-link\" href=\"&num;\">Link</a>\n      </li>\n      <li class=\"nav-item\">\n        <a class=\"nav-link disabled\" href=\"&num;\">Disabled</a>\n      </li>\n    </ul>\n    <form class=\"form-inline my-2 my-lg-0\">\n      <input class=\"form-control mr-sm-2\" type=\"search\" placeholder=\"Search\" aria-label=\"Search\">\n      <button class=\"btn btn-outline-success my-2 my-sm-0\" type=\"submit\">Search</button>\n    </form>\n  </div></p>\n<p></nav></p>\n<p></div>\n{{include ‘example’ content=example}}</p>\n<h3 id=\"external-content\">External content</h3>\n<p>Sometimes you want to use the collapse plugin to trigger hidden content elsewhere on the page. Because our plugin works on the <code>id</code> and <code>data-target</code> matching, that’s easily done!</p>\n<p>{{capture ‘example’}}</p>\n<p><div class=\"pos-f-t\">\n  <div class=\"collapse\" id=\"navbarToggleExternalContent\">\n    <div class=\"bg-dark p-4\">\n      <h5 class=\"text-white h4\">Collapsed content</h5>\n      <span class=\"text-muted\">Toggleable via the navbar brand.</span>\n    </div>\n  </div>\n  <nav class=\"navbar navbar-dark bg-dark\">\n    <button class=\"navbar-toggler\" type=\"button\" data-toggle=\"collapse\" data-target=\"&num;navbarToggleExternalContent\" aria-controls=\"navbarToggleExternalContent\" aria-expanded=\"false\" aria-label=\"Toggle navigation\">\n      <span class=\"navbar-toggler-icon\"></span>\n    </button>\n  </nav></p>\n<p></div></p>\n<p></div>\n{{include ‘example’ content=example}}</p>\n","updatedAt":"2018-06-06T20:04:50.000Z"}