{
  "markdown": "kramdown",
  "highlighter": "highlight.js",
  "kramdown": {
    "auto_ids": true
  },
  "permalink": "pretty",
  "server": [{
    "source": ".",
    "destination": "docs/2.0",
    "host": "localhost",
    "port": 9001,
    "baseurl": "http://localhost:3000",
    "url": "https://fmframekit.com",
    "repo": "https://sxuhms@bitbucket:8443/scm/flk/cxd-ds-toolkit.git",
    "encoding": "UTF-8",
    "exclude": [
      ".git/",
      ".github/",
      "assets/scss/",
      "build/",
      "js/",
      "node_modules/",
      "nuget/",
      "scss/",
      "vendor/",
      "CODE_OF_CONDUCT.md",
      "composer.json",
      "Gemfile",
      "Gemfile.lock",
      "package.js",
      "package.json",
      "package-lock.json",
      "README.md",
      "sache.json"
    ],
    "plugins": [
      "handlebars",
      "gulp-liquid-to-handlebars",
      "gulp-compile-handlebars",
      "gulp-handlebars-html"
    ]
  }],
  "social": [{
    "title": "framekit",
    "description": "Fannie Mae Design System - framekit",
    "twitter": "fm-framekit",
    "authors": "Chris Gray, Matthew Schueurman, Heath Shults",
    "social_image_path": "/assets/brand/framekit.png",
    "social_logo_path": "/assets/brand/framekit.png"
  }],

  "current_version": "2.0",
  "docs_version": "2.0",
  "repo": "https://bitbucket:8443/users/sxuhms/repos/fm-blueprint-component-html.git",
  "themes": "https://themes.getframekit.com",
  "source-code": "https://bitbucket:8443/users/sxuhms/repos/fm-blueprint-component-html/archive/v1.0.0.zip",
  "dist": "https://bitbucket:8443/users/sxuhms/repos/fm-blueprint-component-html/releases/download/v1.0.0/framekit-1.0.0-dist.zip",
  "download": [{
    "source": "https://fm-framekit.com/framekit/archive/v2.0.zip",
    "dist": "https://fm-framekit.com/framekit/releases/download/v2.0/framekit-2.0-dist.zip"
  }],
  "cdn": [{
    "css": "https://stackpath.framekitcdn.com/framekit/1.0.0/css/framekit.min.css",
    "css_hash": "sha384-9gVQ4dYFwwWSjIDZnLEWnxCjeSWFphJiwGPXr1jddIhOegiu1FwO5qRGvFXOdJZ4",
    "js": "https://stackpath.framekitcdn.com/framekit/1.0.0/js/framekit.min.js",
    "js_hash": "sha384-uefMccjFJAIv6A+rW+L4AHf99KvxDjWSu1z9VI8SKNVmz4sk7buKt/6v9KI65qnm",
    "jquery": "https://code.jquery.com/jquery-3.3.1.slim.min.js",
    "jquery_hash": "sha384-q8i/X+965DzO0rT7abK41JStQIAqVgRVzpbzo5smXKp4YfRvH+8abtTE1Pi6jizo",
    "popper": "https://cdnjs.cloudflare.com/ajax/libs/popper.js/1.14.3/umd/popper.min.js",
    "popper_hash": "sha384-ZMP7rVo3mIykV+2+9J3UJ46jBk0WLaUAdn689aCwoqbBJiSnjAK/l8WvCWPIPm49"
  }],
  "breakpoints": [{
      "breakpoint": "xs",
      "abbr": "-xs",
      "name": "Extra small",
      "min-width": "0px",
      "container": ""
    },
    {
      "breakpoint": "sm",
      "abbr": "-sm",
      "name": "Small",
      "min-width": "576px",
      "container": "540px"
    },
    {
      "breakpoint": "md",
      "abbr": "-md",
      "name": "Medium",
      "min-width": "768px",
      "container": "720px"
    },
    {
      "breakpoint": "lg",
      "abbr": "-lg",
      "name": "Large",
      "min-width": "992px",
      "container": "960px"
    },
    {
      "breakpoint": "xl",
      "abbr": "-xl",
      "name": "Extra large",
      "min-width": "1200px",
      "container": "1140px"
    }
  ]
}
