{"layout":"docs","title":"Text","description":"Documentation and examples for common text utilities to control alignment, wrapping, weight, and more.","group":"utilities","toc":true,"body":"<h2 id=\"text-alignment\">Text alignment</h2>\n<p>Easily realign text to components with text alignment classes.</p>\n<div class=\"fkd-example\">\n<p class=\"text-justify\">Ambitioni dedisse scripsisse iudicaretur. Cras mattis iudicium purus sit amet fermentum. Donec sed odio operae, eu vulputate felis rhoncus. Praeterea iter est quasdam res quas ex communi. At nos hinc posthac, sitientis piros Afros. Petierunt uti sibi concilium totius Galliae in diem certam indicere. Cras mattis iudicium purus sit amet fermentum.</p>\n</div>\n\n\n<p>For left, right, and center alignment, responsive classes are available that use the same viewport width breakpoints as the grid system.</p>\n<div class=\"fkd-example\">\n<p class=\"text-left\">Left aligned text on all viewport sizes.</p>\n<p class=\"text-center\">Center aligned text on all viewport sizes.</p>\n<p class=\"text-right\">Right aligned text on all viewport sizes.</p>\n\n<p class=\"text-sm-left\">Left aligned text on viewports sized SM (small) or wider.</p>\n<p class=\"text-md-left\">Left aligned text on viewports sized MD (medium) or wider.</p>\n<p class=\"text-lg-left\">Left aligned text on viewports sized LG (large) or wider.</p>\n<p class=\"text-xl-left\">Left aligned text on viewports sized XL (extra-large) or wider.</p>\n</div>\n\n\n<h2 id=\"text-wrapping-and-overflow\">Text wrapping and overflow</h2>\n<p>Prevent text from wrapping with a <code>.text-nowrap</code> class.</p>\n<div class=\"fkd-example\">\n<div class=\"text-nowrap fkd-highlight\" style=\"width: 8rem;\">\n  This text should overflow the parent.\n</div>\n</div>\n\n\n<p>For longer content, you can add a <code>.text-truncate</code> class to truncate the text with an ellipsis. <strong>Requires <code>display: inline-block</code> or <code>display: block</code>.</strong></p>\n<div class=\"fkd-example\">\n<!-- Block level -->\n<div class=\"row\">\n  <div class=\"col-2 text-truncate\">\n    Praeterea iter est quasdam res quas ex communi.\n  </div>\n</div>\n\n<!-- Inline level -->\n<p><span class=\"d-inline-block text-truncate\" style=\"max-width: 150px;\">\n  Praeterea iter est quasdam res quas ex communi.\n</span></p>\n<p></div></p>\n<h2 id=\"text-transform\">Text transform</h2>\n<p>Transform text in components with text capitalization classes.</p>\n<div class=\"fkd-example\">\n<p class=\"text-lowercase\">Lowercased text.</p>\n<p class=\"text-uppercase\">Uppercased text.</p>\n<p class=\"text-capitalize\">CapiTaliZed text.</p>\n</div>\n\n\n<p>Note how <code>text-capitalize</code> only changes the first letter of each word, leaving the case of any other letters unaffected.</p>\n<h2 id=\"font-weight-and-italics\">Font weight and italics</h2>\n<p>Quickly change the weight (boldness) of text or italicize text.</p>\n<div class=\"fkd-example\">\n<p class=\"font-weight-bold\">Bold text.</p>\n<p class=\"font-weight-normal\">Normal weight text.</p>\n<p class=\"font-weight-light\">Light weight text.</p>\n<p class=\"font-italic\">Italic text.</p>\n</div>\n\n\n<h2 id=\"monospace\">Monospace</h2>\n<p>Change a selection to our monospace font stack with <code>.text-monospace</code>.</p>\n<div class=\"fkd-example\">\n<p class=\"text-monospace\">This is in monospace</p>\n</div>\n\n","updatedAt":"2018-06-06T20:04:50.000Z"}