{"layout":"docs","title":"Tooltips","description":"Documentation and examples for adding custom framekit tooltips with CSS and JavaScript using CSS3 for animations and data-attributes for local title storage.","group":"components","toc":true,"body":"<h2 id=\"overview\">Overview</h2>\n<p>Things to know when using the tooltip plugin:</p>\n<ul>\n<li>Tooltips rely on the 3rd party library <a href=\"https://popper.js.org/\">Popper.js</a> for positioning. You must include <a href=\"%7B%7B%20shared.cdn.popper%20%7D%7D\">popper.min.js</a> before framekit.js or use <code>framekit.bundle.min.js</code> / <code>framekit.bundle.js</code> which contains Popper.js in order for tooltips to work!</li>\n<li>If you’re building our JavaScript from source, it <a href=\"%7B%7B%20shared.baseurl%20%7D%7D/docs/%7B%7B%20shared.docs_version%20%7D%7D/getting-started/javascript/#util\">requires <code>util.js</code></a>.</li>\n<li>Tooltips are opt-in for performance reasons, so <strong>you must initialize them yourself</strong>.</li>\n<li>Tooltips with zero-length titles are never displayed.</li>\n<li>Specify <code>container: &#39;body&#39;</code> to avoid rendering problems in more complex components (like our input groups, button groups, etc).</li>\n<li>Triggering tooltips on hidden elements will not work.</li>\n<li>Tooltips for <code>.disabled</code> or <code>disabled</code> elements must be triggered on a wrapper element.</li>\n<li>When triggered from hyperlinks that span multiple lines, tooltips will be centered. Use <code>white-space: nowrap;</code> on your <code>&lt;a&gt;</code>s to avoid this behavior.</li>\n<li>Tooltips must be hidden before their corresponding elements have been removed from the DOM.</li>\n</ul>\n<p>Got all that? Great, let’s see how they work with some examples.</p>\n<h2 id=\"example-enable-tooltips-everywhere\">Example: Enable tooltips everywhere</h2>\n<p>One way to initialize all tooltips on a page would be to select them by their <code>data-toggle</code> attribute:</p>\n<p><code>js\n$(function () {\n  $(&#39;[data-toggle=&quot;tooltip&quot;]&#39;).tooltip()\n})</code></p>\n<h2 id=\"examples\">Examples</h2>\n<p>Hover over the links below to see tooltips:</p>\n<div class=\"fkd-example tooltip-demo\">\n  <p class=\"muted\">Tight pants next level keffiyeh <a href=\"#\" data-toggle=\"tooltip\" title=\"Default tooltip\">you probably</a> haven't heard of them. Photo booth beard raw denim letterpress vegan messenger bag stumptown. Farm-to-table seitan, mcsweeney's fixie sustainable quinoa 8-bit american apparel <a href=\"#\" data-toggle=\"tooltip\" title=\"Another tooltip\">have a</a> terry richardson vinyl chambray. Beard stumptown, cardigans banh mi lomo thundercats. Tofu biodiesel williamsburg marfa, four loko mcsweeney's cleanse vegan chambray. A really ironic artisan <a href=\"#\" data-toggle=\"tooltip\" title=\"Another one here too\">whatever keytar</a>, scenester farm-to-table banksy Austin <a href=\"#\" data-toggle=\"tooltip\" title=\"The last tip!\">twitter handle</a> freegan cred raw denim single-origin coffee viral.\n  </p>\n</div>\n\n<p>Hover over the buttons below to see the four tooltips directions: top, right, bottom, and left.</p>\n<div class=\"fkd-example tooltip-demo\">\n  <div class=\"fkd-example-tooltips\">\n    <button type=\"button\" class=\"btn btn-secondary\" data-toggle=\"tooltip\" data-placement=\"top\" title=\"Tooltip on top\">Tooltip on top</button>\n    <button type=\"button\" class=\"btn btn-secondary\" data-toggle=\"tooltip\" data-placement=\"right\" title=\"Tooltip on right\">Tooltip on right</button>\n    <button type=\"button\" class=\"btn btn-secondary\" data-toggle=\"tooltip\" data-placement=\"bottom\" title=\"Tooltip on bottom\">Tooltip on bottom</button>\n    <button type=\"button\" class=\"btn btn-secondary\" data-toggle=\"tooltip\" data-placement=\"left\" title=\"Tooltip on left\">Tooltip on left</button>\n    <button type=\"button\" class=\"btn btn-secondary\" data-toggle=\"tooltip\" data-html=\"true\" title=\"<em>Tooltip</em> <u>with</u> <b>HTML</b>\">Tooltip with HTML</button>\n  </div>\n</div>\n\n<p><code>html\n&lt;button type=&quot;button&quot; class=&quot;btn btn-secondary&quot; data-toggle=&quot;tooltip&quot; data-placement=&quot;top&quot; title=&quot;Tooltip on top&quot;&gt;\n  Tooltip on top\n&lt;/button&gt;\n&lt;button type=&quot;button&quot; class=&quot;btn btn-secondary&quot; data-toggle=&quot;tooltip&quot; data-placement=&quot;right&quot; title=&quot;Tooltip on right&quot;&gt;\n  Tooltip on right\n&lt;/button&gt;\n&lt;button type=&quot;button&quot; class=&quot;btn btn-secondary&quot; data-toggle=&quot;tooltip&quot; data-placement=&quot;bottom&quot; title=&quot;Tooltip on bottom&quot;&gt;\n  Tooltip on bottom\n&lt;/button&gt;\n&lt;button type=&quot;button&quot; class=&quot;btn btn-secondary&quot; data-toggle=&quot;tooltip&quot; data-placement=&quot;left&quot; title=&quot;Tooltip on left&quot;&gt;\n  Tooltip on left\n&lt;/button&gt;</code></p>\n<p>And with custom HTML added:</p>\n<p><code>html\n&lt;button type=&quot;button&quot; class=&quot;btn btn-secondary&quot; data-toggle=&quot;tooltip&quot; data-html=&quot;true&quot; title=&quot;&lt;em&gt;Tooltip&lt;/em&gt; &lt;u&gt;with&lt;/u&gt; &lt;b&gt;HTML&lt;/b&gt;&quot;&gt;\n  Tooltip with HTML\n&lt;/button&gt;</code></p>\n<h2 id=\"usage\">Usage</h2>\n<p>The tooltip plugin generates content and markup on demand, and by default places tooltips after their trigger element.</p>\n<p>Trigger the tooltip via JavaScript:</p>\n<p><code>js\n$(&#39;#example&#39;).tooltip(options)</code></p>\n<h3 id=\"markup\">Markup</h3>\n<p>The required markup for a tooltip is only a <code>data</code> attribute and <code>title</code> on the HTML element you wish to have a tooltip. The generated markup of a tooltip is rather simple, though it does require a position (by default, set to <code>top</code> by the plugin).</p>\n<div class=\"fkd-callout fkd-callout-warning\">\n##### Making tooltips work for keyboard and assistive technology users\n\nYou should only add tooltips to HTML elements that are traditionally keyboard-focusable and interactive (such as links or form controls). Although arbitrary HTML elements (such as `<span>`s) can be made focusable by adding the `tabindex=\"0\"` attribute, this will add potentially annoying and confusing tab stops on non-interactive elements for keyboard users. In addition, most assistive technologies currently do not announce the tooltip in this situation.\n\nAdditionally, do not rely solely on `hover` as the trigger for your tooltip, as this will make your tooltips impossible to trigger for keyboard users.\n</div>\n\n\n<p><code>`</code>html</p>\n<!-- HTML to write -->\n<p><a href=\"#\" data-toggle=\"tooltip\" title=\"Some tooltip text!\">Hover over me</a></p>\n<!-- Generated markup by the plugin -->\n<div class=\"tooltip bs-tooltip-top\" role=\"tooltip\">\n  <div class=\"arrow\"></div>\n  <div class=\"tooltip-inner\">\n    Some tooltip text!\n  </div>\n</div>\n```\n\n### Disabled elements\n\nElements with the `disabled` attribute aren't interactive, meaning users cannot focus, hover, or click them to trigger a tooltip (or popover). As a workaround, you'll want to trigger the tooltip from a wrapper `<div>` or `<span>`, ideally made keyboard-focusable using `tabindex=\"0\"`, and override the `pointer-events` on the disabled element.\n\n<div class=\"tooltip-demo\">\n{{capture 'example'}}\n<span class=\"d-inline-block\" tabindex=\"0\" data-toggle=\"tooltip\" title=\"Disabled tooltip\">\n  <button class=\"btn btn-primary\" style=\"pointer-events: none;\" type=\"button\" disabled>Disabled button</button>\n</span>\n</div>\n{{include 'example' content=example}}\n</div>\n\n<h3 id=\"options\">Options</h3>\n<p>Options can be passed via data attributes or JavaScript. For data attributes, append the option name to <code>data-</code>, as in <code>data-animation=&quot;&quot;</code>.</p>\n<table class=\"table table-bordered table-striped\">\n  <thead>\n    <tr>\n      <th style=\"width: 100px;\">Name</th>\n      <th style=\"width: 100px;\">Type</th>\n      <th style=\"width: 50px;\">Default</th>\n      <th>Description</th>\n    </tr>\n  </thead>\n  <tbody>\n    <tr>\n      <td>animation</td>\n      <td>boolean</td>\n      <td>true</td>\n      <td>Apply a CSS fade transition to the tooltip</td>\n    </tr>\n    <tr>\n      <td>container</td>\n      <td>string | element | false</td>\n      <td>false</td>\n      <td>\n        <p>Appends the tooltip to a specific element. Example: <code>container: 'body'</code>. This option is particularly useful in that it allows you to position the tooltip in the flow of the document near the triggering element - which will prevent the tooltip from floating away from the triggering element during a window resize.</p>\n      </td>\n    </tr>\n    <tr>\n      <td>delay</td>\n      <td>number | object</td>\n      <td>0</td>\n      <td>\n        <p>Delay showing and hiding the tooltip (ms) - does not apply to manual trigger type</p>\n        <p>If a number is supplied, delay is applied to both hide/show</p>\n        <p>Object structure is: <code>delay: { \"show\": 500, \"hide\": 100 }</code></p>\n      </td>\n    </tr>\n    <tr>\n      <td>html</td>\n      <td>boolean</td>\n      <td>false</td>\n      <td>\n        <p>Allow HTML in the tooltip.</p>\n        <p>If true, HTML tags in the tooltip's <code>title</code> will be rendered in the tooltip. If false, jQuery's <code>text</code> method will be used to insert content into the DOM.</p>\n        <p>Use text if you're worried about XSS attacks.</p>\n      </td>\n    </tr>\n    <tr>\n      <td>placement</td>\n      <td>string | function</td>\n      <td>'top'</td>\n      <td>\n        <p>How to position the tooltip - auto | top | bottom | left | right.<br>When <code>auto</code> is specified, it will dynamically reorient the tooltip.</p>\n        <p>When a function is used to determine the placement, it is called with the tooltip DOM node as its first argument and the triggering element DOM node as its second. The <code>this</code> context is set to the tooltip instance.</p>\n      </td>\n    </tr>\n    <tr>\n      <td>selector</td>\n      <td>string | false</td>\n      <td>false</td>\n      <td>If a selector is provided, tooltip objects will be delegated to the specified targets. In practice, this is used to enable dynamic HTML content to have popovers added. See <a href=\"https://github.com/twbs/framekit/issues/4215\">this</a> and <a href=\"https://jsbin.com/zopod/1/edit\">an informative example</a>.</td>\n    </tr>\n    <tr>\n      <td>template</td>\n      <td>string</td>\n      <td><code>'&lt;div class=\"tooltip\" role=\"tooltip\"&gt;&lt;div class=\"arrow\"&gt;&lt;/div&gt;&lt;div class=\"tooltip-inner\"&gt;&lt;/div&gt;&lt;/div&gt;'</code></td>\n      <td>\n        <p>Base HTML to use when creating the tooltip.</p>\n        <p>The tooltip's <code>title</code> will be injected into the <code>.tooltip-inner</code>.</p>\n        <p><code>.arrow</code> will become the tooltip's arrow.</p>\n        <p>The outermost wrapper element should have the <code>.tooltip</code> class and <code>role=\"tooltip\"</code>.</p>\n      </td>\n    </tr>\n    <tr>\n      <td>title</td>\n      <td>string | element | function</td>\n      <td>''</td>\n      <td>\n        <p>Default title value if <code>title</code> attribute isn't present.</p>\n        <p>If a function is given, it will be called with its <code>this</code> reference set to the element that the tooltip is attached to.</p>\n      </td>\n    </tr>\n    <tr>\n      <td>trigger</td>\n      <td>string</td>\n      <td>'hover focus'</td>\n      <td>\n        <p>How tooltip is triggered - click | hover | focus | manual. You may pass multiple triggers; separate them with a space.</p>\n        <p><code>'manual'</code> indicates that the tooltip will be triggered programmatically via the <code>.tooltip('show')</code>, <code>.tooltip('hide')</code> and <code>.tooltip('toggle')</code> methods; this value cannot be combined with any other trigger.</p>\n        <p><code>'hover'</code> on its own will result in tooltips that cannot be triggered via the keyboard, and should only be used if alternative methods for conveying the same information for keyboard users is present.</p>\n      </td>\n    </tr>\n    <tr>\n      <td>offset</td>\n      <td>number | string</td>\n      <td>0</td>\n      <td>Offset of the tooltip relative to its target. For more information refer to Popper.js's <a href=\"https://popper.js.org/popper-documentation.html#modifiers..offset.offset\">offset docs</a>.</td>\n    </tr>\n    <tr>\n      <td>fallbackPlacement</td>\n      <td>string | array</td>\n      <td>'flip'</td>\n      <td>Allow to specify which position Popper will use on fallback. For more information refer to\n      Popper.js's <a href=\"https://popper.js.org/popper-documentation.html#modifiers..flip.behavior\">behavior docs</a></td>\n    </tr>\n    <tr>\n      <td>boundary</td>\n      <td>string | element</td>\n      <td>'scrollParent'</td>\n      <td>Overflow constraint boundary of the tooltip. Accepts the values of <code>'viewport'</code>, <code>'window'</code>, <code>'scrollParent'</code>, or an HTMLElement reference (JavaScript only). For more information refer to Popper.js's <a href=\"https://popper.js.org/popper-documentation.html#modifiers..preventOverflow.boundariesElement\">preventOverflow docs</a>.</td>\n    </tr>\n  </tbody>\n</table>\n\n<div class=\"fkd-callout fkd-callout-warning\">\n#### Data attributes for individual tooltips\n\nOptions for individual tooltips can alternatively be specified through the use of data attributes, as explained above.\n</div>\n\n\n<h3 id=\"methods\">Methods</h3>\n<p>{{include ‘callout-danger-async-methods.md’}}</p>\n<h4 id=\"-tooltip-options-\"><code>$().tooltip(options)</code></h4>\n<p>Attaches a tooltip handler to an element collection.</p>\n<h4 id=\"-tooltip-show-\"><code>.tooltip(&#39;show&#39;)</code></h4>\n<p>Reveals an element’s tooltip. <strong>Returns to the caller before the tooltip has actually been shown</strong> (i.e. before the <code>shown.bs.tooltip</code> event occurs). This is considered a “manual” triggering of the tooltip. Tooltips with zero-length titles are never displayed.</p>\n<p><code>js$(&#39;#element&#39;).tooltip(&#39;show&#39;)</code></p>\n<h4 id=\"-tooltip-hide-\"><code>.tooltip(&#39;hide&#39;)</code></h4>\n<p>Hides an element’s tooltip. <strong>Returns to the caller before the tooltip has actually been hidden</strong> (i.e. before the <code>hidden.bs.tooltip</code> event occurs). This is considered a “manual” triggering of the tooltip.</p>\n<p><code>js$(&#39;#element&#39;).tooltip(&#39;hide&#39;)</code></p>\n<h4 id=\"-tooltip-toggle-\"><code>.tooltip(&#39;toggle&#39;)</code></h4>\n<p>Toggles an element’s tooltip. <strong>Returns to the caller before the tooltip has actually been shown or hidden</strong> (i.e. before the <code>shown.bs.tooltip</code> or <code>hidden.bs.tooltip</code> event occurs). This is considered a “manual” triggering of the tooltip.</p>\n<p><code>js$(&#39;#element&#39;).tooltip(&#39;toggle&#39;)</code></p>\n<h4 id=\"-tooltip-dispose-\"><code>.tooltip(&#39;dispose&#39;)</code></h4>\n<p>Hides and destroys an element’s tooltip. Tooltips that use delegation (which are created using <a href=\"#options\">the <code>selector</code> option</a>) cannot be individually destroyed on descendant trigger elements.</p>\n<p><code>js$(&#39;#element&#39;).tooltip(&#39;dispose&#39;)</code></p>\n<h4 id=\"-tooltip-enable-\"><code>.tooltip(&#39;enable&#39;)</code></h4>\n<p>Gives an element’s tooltip the ability to be shown. <strong>Tooltips are enabled by default.</strong></p>\n<p><code>js$(&#39;#element&#39;).tooltip(&#39;enable&#39;)</code></p>\n<h4 id=\"-tooltip-disable-\"><code>.tooltip(&#39;disable&#39;)</code></h4>\n<p>Removes the ability for an element’s tooltip to be shown. The tooltip will only be able to be shown if it is re-enabled.</p>\n<p><code>js$(&#39;#element&#39;).tooltip(&#39;disable&#39;)</code></p>\n<h4 id=\"-tooltip-toggleenabled-\"><code>.tooltip(&#39;toggleEnabled&#39;)</code></h4>\n<p>Toggles the ability for an element’s tooltip to be shown or hidden.</p>\n<p><code>js$(&#39;#element&#39;).tooltip(&#39;toggleEnabled&#39;)</code></p>\n<h4 id=\"-tooltip-update-\"><code>.tooltip(&#39;update&#39;)</code></h4>\n<p>Updates the position of an element’s tooltip.</p>\n<p><code>js$(&#39;#element&#39;).tooltip(&#39;update&#39;)</code></p>\n<h3 id=\"events\">Events</h3>\n<table class=\"table table-bordered table-striped\">\n  <thead>\n    <tr>\n      <th style=\"width: 150px;\">Event Type</th>\n      <th>Description</th>\n    </tr>\n  </thead>\n  <tbody>\n    <tr>\n      <td>show.bs.tooltip</td>\n      <td>This event fires immediately when the <code>show</code> instance method is called.</td>\n    </tr>\n    <tr>\n      <td>shown.bs.tooltip</td>\n      <td>This event is fired when the tooltip has been made visible to the user (will wait for CSS transitions to complete).</td>\n    </tr>\n    <tr>\n      <td>hide.bs.tooltip</td>\n      <td>This event is fired immediately when the <code>hide</code> instance method has been called.</td>\n    </tr>\n    <tr>\n      <td>hidden.bs.tooltip</td>\n      <td>This event is fired when the tooltip has finished being hidden from the user (will wait for CSS transitions to complete).</td>\n    </tr>\n    <tr>\n      <td>inserted.bs.tooltip</td>\n      <td>This event is fired after the <code>show.bs.tooltip</code> event when the tooltip template has been added to the DOM.</td>\n    </tr>\n  </tbody>\n</table>\n\n<p><code>js\n$(&#39;#myTooltip&#39;).on(&#39;hidden.bs.tooltip&#39;, function () {\n  // do something…\n})</code></p>\n","updatedAt":"2018-06-06T20:04:50.000Z"}