{"layout":"docs","title":"Approach","description":"Learn about the guiding principles, strategies, and techniques used to build and maintain framekit so you can more easily customize and extend it yourself.","group":"extend","body":"<p>While the getting started pages provide an introductory tour of the project and what it offers, this document focuses on <em>why</em> we do the things we do in framekit. It explains our philosophy to building on the web so that others can learn from us, contribute with us, and help us improve.</p>\n<p>See something that doesn’t sound right, or perhaps could be done better? <a href=\"https://github.com/twbs/framekit/issues/new\">Open an issue</a>—we’d love to discuss it with you.</p>\n<h2 id=\"summary\">Summary</h2>\n<p>We’ll dive into each of these more throughout, but at a high level, here’s what guides our approach.</p>\n<ul>\n<li>Components should be responsive and mobile-first</li>\n<li>Components should be built with a base class and extended via modifier classes</li>\n<li>Component states should obey a common z-index scale</li>\n<li>Whenever possible, prefer a HTML and CSS implementation over JavaScript</li>\n<li>Whenever possible, use utilities over custom styles</li>\n<li>Whenever possible, avoid enforcing strict HTML requirements (children selectors)</li>\n</ul>\n<h2 id=\"responsive\">Responsive</h2>\n<p>framekit’s responsive styles are built to be responsive, an approach that’s often referred to as <em>mobile-first</em>. We use this term in our docs and largely agree with it, but at times it can be too broad. While not every component <em>must</em> be entirely responsive in framekit, this responsive approach is about reducing CSS overrides by pushing you to add styles as the viewport becomes larger.</p>\n<p>Across framekit, you’ll see this most clearly in our media queries. In most cases, we use <code>min-width</code> queries that begin to apply at a specific breakpoint and carry up through the higher breakpoints. For example, a <code>.d-none</code> applies from <code>min-width: 0</code> to infinity. On the other hand, a <code>.d-md-none</code> applies from the medium breakpoint and up.</p>\n<p>At times we’ll use <code>max-width</code> when a component’s inherent complexity requires it. At times, these overrides are functionally and mentally clearer to implement and support than rewriting core functionality from our components. We strive to limit this approach, but will use it from time to time.</p>\n<h2 id=\"classes\">Classes</h2>\n<p>Aside from our Reboot, a cross-browser normalization stylesheet, all our styles aim to use classes as selectors. This means steering clear of type selectors (e.g., <code>input[type=&quot;text&quot;]</code>) and extraneous parent classes (e.g., <code>.parent .child</code>) that make styles too specific to easily override.</p>\n<p>As such, components should be built with a base class that houses common, not-to-be overridden property-value pairs. For example, <code>.btn</code> and <code>.btn-primary</code>. We use <code>.btn</code> for all the common styles like <code>display</code>, <code>padding</code>, and <code>border-width</code>. We then use modifiers like <code>.btn-primary</code> to add the color, background-color, border-color, etc.</p>\n<p>Modifier classes should only be used when there are multiple properties or values to be changed across multiple variants. Modifiers are not always necessary, so be sure you’re actually saving lines of code and preventing unnecessary overrides when creating them. Good examples of modifiers are our theme color classes and size variants.</p>\n<h2 id=\"z-index-scales\">z-index scales</h2>\n<p>There are two <code>z-index</code> scales in framekit—elements within a component and overlay components.</p>\n<h3 id=\"component-elements\">Component elements</h3>\n<ul>\n<li>Some components in framekit are built with overlapping elements to prevent double borders without modifying the <code>border</code> property. For example, button groups, input groups, and pagination.</li>\n<li>These components share a standard <code>z-index</code> scale of <code>0</code> through <code>3</code>.</li>\n<li><code>0</code> is default (initial), <code>1</code> is <code>:hover</code>, <code>2</code> is <code>:active</code>/<code>.active</code>, and , <code>3</code> is <code>:focus</code>.</li>\n<li>This approach matches our expectations of highest user priority. If an element is focused, it’s in view and at the user’s attention. Active elements are second highest because they indicate state. Hover is third highest because it indicates user intent, but nearly <em>anything</em> can be hovered.</li>\n</ul>\n<h3 id=\"overlay-components\">Overlay components</h3>\n<p>framekit includes several components that function as an overlay of some kind. This includes, in order of highest <code>z-index</code>, dropdowns, fixed and sticky navbars, modals, tooltips, and popovers. These components have their own <code>z-index</code> scale that begins at <code>1000</code>. This starting number is random and serves as a small buffer between our styles and your project’s custom styles.</p>\n<p>Each overlay component increases it’s <code>z-index</code> value slightly in such a way that common UI principles allow user focused or hovered elements to remain in view at all times. For example, a modal is document blocking (e.g., you cannot take any other action save for the modal’s action), so we put that above our navbars.</p>\n<p>Learn more about this in our <a href=\"%7B%7B%20%7B%7Bshared.baseurl%20%7D%7D/docs/%7B%7B%20shared.docs_version%20%7D%7D/layout/overview/#z-index\"><code>z-index</code> layout page</a>.</p>\n<h2 id=\"html-and-css-over-js\">HTML and CSS over JS</h2>\n<p>Whenever possible, we prefer to write HTML and CSS over JavaScript. In general, HTML and CSS are more prolific and accessible to more people of all different experience levels. HTML and CSS are also faster in your browser than JavaScript, and your browser generally provides a great deal of functionality for you.</p>\n<p>This principle is our first-class JavaScript API is <code>data</code> attributes. You don’t need to write nearly any JavaScript to use our JavaScript plugins; instead, write HTML. Read more about this in <a href=\"%7B%7B%20%7B%7Bshared.baseurl%20%7D%7D/docs/%7B%7B%20shared.docs_version%20%7D%7D/getting-started/javascript/#data-attributes\">our JavaScript overview page</a>.</p>\n<p>Lastly, our styles build on the fundamental behaviors of common web elements. Whenever possible, we prefer to use what the browser provides. For example, you can put a <code>.btn</code> class on nearly any element, but most elements don’t provide any semantic value or browser functionality. So instead, we use <code>&lt;button&gt;</code>s and <code>&lt;a&gt;</code>s.</p>\n<p>The same goes for more complex components. While we <em>could</em> write our own form validation plugin to add classes to a parent element based on an input’s state, thereby allowing us to style the text say red, we prefer using the <code>:valid</code>/<code>:invalid</code> pseudo-elements every browser provides us.</p>\n<h2 id=\"utilities\">Utilities</h2>\n<p>Utility classes—formerly helpers in framekit 3—are a powerful ally in combatting CSS bloat and poor page performance. A utility class is typically a single, immutable property-value pairing expressed as a class (e.g., <code>.d-block</code> represents <code>display: block;</code>). Their primary appeal is speed of use while writing HTML and limiting the amount of custom CSS you have to write.</p>\n<p>Specifically regarding custom CSS, utilities can help combat increasing file size by reducing your most commonly repeated property-value pairs into single classes. This can have a dramatic effect at scale in your projects.</p>\n<h2 id=\"flexible-html\">Flexible HTML</h2>\n<p>While not always possible, we strive to avoid being overly dogmatic in our HTML requirements for components. Thus, we focus on single classes in our CSS selectors and try to avoid immediate children selectors (<code>&gt;</code>). This gives you more flexibility in your implementation and helps keep our CSS simpler and less specific.</p>\n","updatedAt":"2018-06-06T20:04:50.000Z"}