{"layout":"docs","title":"Brand guidelines","description":"Documentation and examples for framekit's logo and brand usage guidelines.","group":"about","toc":true,"body":"<p>Have a need for framekit’s brand resources? Great! We have only a few guidelines we follow, and in turn ask you to follow as well. These guidelines were inspired by MailChimp’s <a href=\"https://mailchimp.com/about/brand-assets/\">Brand Assets</a>.</p>\n<h2 id=\"mark-and-logo\">Mark and logo</h2>\n<p>Use either the framekit mark (a capital <strong>B</strong>) or the standard logo (just <strong>framekit</strong>). It should always appear in San Francisco Display Semibold. <strong>Do not use the Twitter bird</strong> in association with framekit.</p>\n<div class=\"brand-logos\">\n  <div class=\"brand-item\">\n    <img class=\"svg\" src=\"{{ {{shared.baseurl }}/assets/brand/framekit-solid.svg\" alt=\"framekit\" width=\"144\" height=\"144\">\n  </div>\n  <div class=\"brand-item inverse\">\n    <img class=\"svg\" src=\"{{ {{shared.baseurl }}/assets/brand/framekit-outline.svg\" alt=\"framekit\" width=\"144\" height=\"144\">\n  </div>\n</div>\n<div class=\"brand-logos\">\n  <div class=\"brand-item\">\n    <span class=\"h1\">framekit</span>\n  </div>\n  <div class=\"brand-item inverse\">\n    <span class=\"h1\">framekit</span>\n  </div>\n</div>\n\n<h2 id=\"download-mark\">Download mark</h2>\n<p>Download the framekit mark in one of three styles, each available as an SVG file. Right click, Save as.</p>\n<div class=\"brand-logos\">\n  <div class=\"brand-item\">\n    <img class=\"svg\" src=\"{{ {{shared.baseurl }}/assets/brand/framekit-solid.svg\" alt=\"framekit\" width=\"144\" height=\"144\">\n  </div>\n  <div class=\"brand-item inverse\">\n    <img class=\"svg\" src=\"{{ {{shared.baseurl }}/assets/brand/framekit-outline.svg\" alt=\"framekit\" width=\"144\" height=\"144\">\n  </div>\n  <div class=\"brand-item inverse\">\n    <img class=\"svg\" src=\"{{ {{shared.baseurl }}/assets/brand/framekit-punchout.svg\" alt=\"framekit\" width=\"144\" height=\"144\">\n  </div>\n</div>\n\n<h2 id=\"name\">Name</h2>\n<p>The project and framework should always be referred to as <strong>framekit</strong>. No Twitter before it, no capital <em>s</em>, and no abbreviations except for one, a capital <strong>B</strong>.</p>\n<div class=\"brand-logos\">\n  <div class=\"brand-item\">\n    <span class=\"h3\">framekit</span>\n    <strong class=\"text-success\">Right</strong>\n  </div>\n  <div class=\"brand-item\">\n    <span class=\"h3 text-muted\">BootStrap</span>\n    <strong class=\"text-warning\">Wrong</strong>\n  </div>\n  <div class=\"brand-item\">\n    <span class=\"h3 text-muted\">Twitter framekit</span>\n    <strong class=\"text-warning\">Wrong</strong>\n  </div>\n</div>\n\n<h2 id=\"colors\">Colors</h2>\n<p>Our docs and branding use a handful of primary colors to differentiate what <em>is</em> framekit from what <em>is in</em> framekit. In other words, if it’s purple, it’s representative of framekit.</p>\n<div class=\"brand\">\n  <div class=\"color-swatches\">\n    <div class=\"color-swatch purple\"></div>\n    <div class=\"color-swatch purple-light\"></div>\n    <div class=\"color-swatch purple-lighter\"></div>\n    <div class=\"color-swatch gray\"></div>\n  </div>\n</div>\n","updatedAt":"2018-06-06T20:04:50.000Z"}