{"layout":"docs","title":"Browsers and devices","description":"Learn about the browsers and devices, from modern to old, that are supported by framekit, including known quirks and bugs for each.","group":"getting-started","toc":true,"body":"<h2 id=\"supported-browsers\">Supported browsers</h2>\n<p>framekit supports the <strong>latest, stable releases</strong> of all major browsers and platforms. On Windows, <strong>we support Internet Explorer 10-11 / Microsoft Edge</strong>.</p>\n<p>Alternative browsers which use the latest version of WebKit, Blink, or Gecko, whether directly or via the platform’s web view API, are not explicitly supported. However, framekit should (in most cases) display and function correctly in these browsers as well. More specific support information is provided below.</p>\n<p>You can find our supported range of browsers and their versions <a href=\"%7B%7B%20shared.repo%20%7D%7D/blob/v4-dev/package.json\">in our <code>package.json</code></a>:</p>\n<p><code>json\n&quot;browserslist&quot;: [\n  &quot;last 1 major version&quot;,\n  &quot;&gt;= 1%&quot;,\n  &quot;Chrome &gt;= 45&quot;,\n  &quot;Firefox &gt;= 38&quot;,\n  &quot;Edge &gt;= 12&quot;,\n  &quot;Explorer &gt;= 10&quot;,\n  &quot;iOS &gt;= 9&quot;,\n  &quot;Safari &gt;= 9&quot;,\n  &quot;Android &gt;= 4.4&quot;,\n  &quot;Opera &gt;= 30&quot;\n]</code></p>\n<p>We use <a href=\"https://github.com/postcss/autoprefixer\">Autoprefixer</a> to handle intended browser support via CSS prefixes, which uses <a href=\"https://github.com/browserslist/browserslist\">Browserslist</a> to manage these browser versions. Consult their documentation for how to integrate these tools into your projects.</p>\n<h3 id=\"mobile-devices\">Mobile devices</h3>\n<p>Generally speaking, framekit supports the latest versions of each major platform’s default browsers. Note that proxy browsers (such as Opera Mini, Opera Mobile’s Turbo mode, UC Browser Mini, Amazon Silk) are not supported.</p>\n<table class=\"table table-bordered table-striped\">\n  <thead>\n    <tr>\n      <td></td>\n      <th>Chrome</th>\n      <th>Firefox</th>\n      <th>Safari</th>\n      <th>Android Browser &amp; WebView</th>\n      <th>Microsoft Edge</th>\n    </tr>\n  </thead>\n  <tbody>\n    <tr>\n      <th scope=\"row\">Android</th>\n      <td class=\"text-success\">Supported</td>\n      <td class=\"text-success\">Supported</td>\n      <td class=\"text-muted\">N/A</td>\n      <td class=\"text-success\">Android v5.0+ supported</td>\n      <td class=\"text-success\">Supported</td>\n    </tr>\n    <tr>\n      <th scope=\"row\">iOS</th>\n      <td class=\"text-success\">Supported</td>\n      <td class=\"text-success\">Supported</td>\n      <td class=\"text-success\">Supported</td>\n      <td class=\"text-muted\">N/A</td>\n      <td class=\"text-success\">Supported</td>\n    </tr>\n    <tr>\n      <th scope=\"row\">Windows 10 Mobile</th>\n      <td class=\"text-muted\">N/A</td>\n      <td class=\"text-muted\">N/A</td>\n      <td class=\"text-muted\">N/A</td>\n      <td class=\"text-muted\">N/A</td>\n      <td class=\"text-success\">Supported</td>\n    </tr>\n  </tbody>\n</table>\n\n<h3 id=\"desktop-browsers\">Desktop browsers</h3>\n<p>Similarly, the latest versions of most desktop browsers are supported.</p>\n<table class=\"table table-bordered table-striped\">\n  <thead>\n    <tr>\n      <td></td>\n      <th>Chrome</th>\n      <th>Firefox</th>\n      <th>Internet Explorer</th>\n      <th>Microsoft Edge</th>\n      <th>Opera</th>\n      <th>Safari</th>\n    </tr>\n  </thead>\n  <tbody>\n    <tr>\n      <th scope=\"row\">Mac</th>\n      <td class=\"text-success\">Supported</td>\n      <td class=\"text-success\">Supported</td>\n      <td class=\"text-muted\">N/A</td>\n      <td class=\"text-muted\">N/A</td>\n      <td class=\"text-success\">Supported</td>\n      <td class=\"text-success\">Supported</td>\n    </tr>\n    <tr>\n      <th scope=\"row\">Windows</th>\n      <td class=\"text-success\">Supported</td>\n      <td class=\"text-success\">Supported</td>\n      <td class=\"text-success\">Supported, IE10+</td>\n      <td class=\"text-success\">Supported</td>\n      <td class=\"text-success\">Supported</td>\n      <td class=\"text-danger\">Not supported</td>\n    </tr>\n  </tbody>\n</table>\n\n<p>For Firefox, in addition to the latest normal stable release, we also support the latest <a href=\"https://www.mozilla.org/en-US/firefox/organizations/#faq\">Extended Support Release (ESR)</a> version of Firefox.</p>\n<p>Unofficially, framekit should look and behave well enough in Chromium and Chrome for Linux, Firefox for Linux, and Internet Explorer 9, though they are not officially supported.</p>\n<p>For a list of some of the browser bugs that framekit has to grapple with, see our <a href=\"%7B%7B%20shared.baseurl%20%7D%7D/docs/%7B%7B%20shared.docs_version%20%7D%7D/browser-bugs/\">Wall of browser bugs</a>.</p>\n<h2 id=\"internet-explorer\">Internet Explorer</h2>\n<p>Internet Explorer 10+ is supported; IE9 and down is not. Please be aware that some CSS3 properties and HTML5 elements are not fully supported in IE10, or require prefixed properties for full functionality. Visit <a href=\"https://caniuse.com/\">Can I use…</a> for details on browser support of CSS3 and HTML5 features.</p>\n<p><strong>If you require IE8-9 support, use framekit 3.</strong> It’s the most stable version of our code and is still supported by our team for critical bugfixes and documentation changes. However, no new features will be added to it.</p>\n<h2 id=\"modals-and-dropdowns-on-mobile\">Modals and dropdowns on mobile</h2>\n<h3 id=\"overflow-and-scrolling\">Overflow and scrolling</h3>\n<p>Support for <code>overflow: hidden;</code> on the <code>&lt;body&gt;</code> element is quite limited in iOS and Android. To that end, when you scroll past the top or bottom of a modal in either of those devices’ browsers, the <code>&lt;body&gt;</code> content will begin to scroll. See <a href=\"https://bugs.chromium.org/p/chromium/issues/detail?id=175502\">Chrome bug #175502</a> (fixed in Chrome v40) and <a href=\"https://bugs.webkit.org/show_bug.cgi?id=153852\">WebKit bug #153852</a>.</p>\n<h3 id=\"ios-text-fields-and-scrolling\">iOS text fields and scrolling</h3>\n<p>As of iOS 9.2, while a modal is open, if the initial touch of a scroll gesture is within the boundary of a textual <code>&lt;input&gt;</code> or a <code>&lt;textarea&gt;</code>, the <code>&lt;body&gt;</code> content underneath the modal will be scrolled instead of the modal itself. See <a href=\"https://bugs.webkit.org/show_bug.cgi?id=153856\">WebKit bug #153856</a>.</p>\n<h3 id=\"navbar-dropdowns\">Navbar Dropdowns</h3>\n<p>The <code>.dropdown-backdrop</code> element isn’t used on iOS in the nav because of the complexity of z-indexing. Thus, to close dropdowns in navbars, you must directly click the dropdown element (or <a href=\"https://developer.mozilla.org/en-US/docs/Web/Events/click#Safari_Mobile\">any other element which will fire a click event in iOS</a>).</p>\n<h2 id=\"browser-zooming\">Browser zooming</h2>\n<p>Page zooming inevitably presents rendering artifacts in some components, both in framekit and the rest of the web. Depending on the issue, we may be able to fix it (search first and then open an issue if need be). However, we tend to ignore these as they often have no direct solution other than hacky workarounds.</p>\n<h2 id=\"sticky-hover-focus-on-ios\">Sticky <code>:hover</code>/<code>:focus</code> on iOS</h2>\n<p>While <code>:hover</code> isn’t possible on most touch devices, iOS emulates this behavior, resulting in “sticky” hover styles that persist after tapping one element. These hover styles are only removed when users tap another element. This behavior is considered largely undesirable and appears to not be an issue on Android or Windows devices.</p>\n<p>Throughout our v4 alpha and beta releases, we included incomplete and commented out code for opting into a media query shim that would disable hover styles in touch device browsers that emulate hovering. This work was never fully completed or enabled, but to avoid complete breakage, we’ve opted to deprecate <a href=\"https://github.com/twbs/mq4-hover-shim\">this shim</a> and keep the mixins as shortcuts for the pseudo-classes.</p>\n<h2 id=\"printing\">Printing</h2>\n<p>Even in some modern browsers, printing can be quirky.</p>\n<p>As of Safari v8.0, use of the fixed-width <code>.container</code> class can cause Safari to use an unusually small font size when printing. See <a href=\"%7B%7B%20shared.repo%20%7D%7D/issues/14868\">issue #14868</a> and <a href=\"https://bugs.webkit.org/show_bug.cgi?id=138192\">WebKit bug #138192</a> for more details. One potential workaround is the following CSS:</p>\n<p><code>css\n@media print {\n  .container {\n    width: auto;\n  }\n}</code></p>\n<h2 id=\"android-stock-browser\">Android stock browser</h2>\n<p>Out of the box, Android 1.0 (and even some newer releases apparently) ship with the Browser app as the default web browser of choice (as opposed to Chrome). Unfortunately, the Browser app has lots of bugs and inconsistencies with CSS in general.</p>\n<h4 id=\"select-menu\">Select menu</h4>\n<p>On <code>&lt;select&gt;</code> elements, the Android stock browser will not display the side controls if there is a <code>border-radius</code> and/or <code>border</code> applied. (See <a href=\"https://stackoverflow.com/questions/14744437/html-select-box-not-showing-drop-down-arrow-on-android-version-4-0-when-set-with\">this StackOverflow question</a> for details.) Use the snippet of code below to remove the offending CSS and render the <code>&lt;select&gt;</code> as an unstyled element on the Android stock browser. The user agent sniffing avoids interference with Chrome, Safari, and Mozilla browsers.</p>\n<p><code>`</code>html</p>\n<p><script>\n$(function () {\n  var nua = navigator.userAgent\n  var isAndroid = (nua.indexOf(‘Mozilla/5.0’) &gt; -1 &amp;&amp; nua.indexOf(‘Android ‘) &gt; -1 &amp;&amp; nua.indexOf(‘AppleWebKit’) &gt; -1 &amp;&amp; nua.indexOf(‘Chrome’) === -1)\n  if (isAndroid) {\n    $(‘select.form-control’).removeClass(‘form-control’).css(‘width’, ‘100%’)\n  }\n})\n</script>\n<code>`</code></p>\n<p>Want to see an example? <a href=\"http://jsbin.com/OyaqoDO/2\">Check out this JS Bin demo.</a></p>\n<h2 id=\"validators\">Validators</h2>\n<p>In order to provide the best possible experience to old and buggy browsers, framekit uses <a href=\"http://browserhacks.com/\">CSS browser hacks</a> in several places to target special CSS to certain browser versions in order to work around bugs in the browsers themselves. These hacks understandably cause CSS validators to complain that they are invalid. In a couple places, we also use bleeding-edge CSS features that aren’t yet fully standardized, but these are used purely for progressive enhancement.</p>\n<p>These validation warnings don’t matter in practice since the non-hacky portion of our CSS does fully validate and the hacky portions don’t interfere with the proper functioning of the non-hacky portion, hence why we deliberately ignore these particular warnings.</p>\n<p>Our HTML docs likewise have some trivial and inconsequential HTML validation warnings due to our inclusion of a workaround for <a href=\"https://bugzilla.mozilla.org/show_bug.cgi?id=654072\">a certain Firefox bug</a>.</p>\n","updatedAt":"2018-06-06T20:04:50.000Z"}