{"layout":"docs","title":"Clearfix","description":"Quickly and easily clear floated content within a container by adding a clearfix utility.","group":"utilities","toc":true,"body":"<p>Easily clear <code>float</code>s by adding <code>.clearfix</code> <strong>to the parent element</strong>. Can also be used as a mixin.</p>\n<p><figure class=\"highlight\"><pre><code class=\"language-html\" data-lang=\"html\"></p>\n<div class=\"clearfix\">...</div>\n</code></pre></figure>\n\n<figure class=\"highlight\"><pre><code class=\"language-scss\" data-lang=\"scss\">\n// Mixin itself\n@mixin clearfix() {\n  &::after {\n    display: block;\n    content: \"\";\n    clear: both;\n  }\n}\n\n// Usage as a mixin\n.element {\n  @include clearfix;\n}\n</code></pre></figure>\n\nThe following example shows how the clearfix can be used. Without the clearfix the wrapping div would not span around the buttons which would cause a broken layout.\n\n<div class=\"bd-example\">\n<div class=\"bg-info clearfix\">\n  <button type=\"button\" class=\"btn btn-secondary float-left\">Example Button floated left</button>\n  <button type=\"button\" class=\"btn btn-secondary float-right\">Example Button floated right</button>\n</div>\n</div>\n\n","updatedAt":"2018-06-06T20:04:50.000Z"}