{"layout":"docs","title":"Contents","description":"Discover what's included in framekit, including our precompiled and source code flavors. Remember, framekit's JavaScript plugins require jQuery.","group":"getting-started","toc":true,"body":"<h2 id=\"precompiled-framekit\">Precompiled framekit</h2>\n<p>Once downloaded, unzip the compressed folder and you’ll see something like this:</p>\n<!-- NOTE: This info is intentionally duplicated in the README. Copy any changes made here over to the README too. -->\n<p><code>plaintext\nframekit/\n├── css/\n│   ├── framekit.css\n│   ├── framekit.css.map\n│   ├── framekit.min.css\n│   ├── framekit.min.css.map\n│   ├── framekit-grid.css\n│   ├── framekit-grid.css.map\n│   ├── framekit-grid.min.css\n│   ├── framekit-grid.min.css.map\n│   ├── framekit-reboot.css\n│   ├── framekit-reboot.css.map\n│   ├── framekit-reboot.min.css\n│   └── framekit-reboot.min.css.map\n└── js/\n    ├── framekit.bundle.js\n    ├── framekit.bundle.min.js\n    ├── framekit.js\n    └── framekit.min.js</code></p>\n<p>This is the most basic form of framekit: precompiled files for quick drop-in usage in nearly any web project. We provide compiled CSS and JS (<code>framekit.*</code>), as well as compiled and minified CSS and JS (<code>framekit.min.*</code>). CSS <a href=\"https://developers.google.com/web/tools/chrome-devtools/javascript/source-maps\">source maps</a> (<code>framekit.*.map</code>) are available for use with certain browsers’ developer tools. Bundled JS files (<code>framekit.bundle.js</code> and minified <code>framekit.bundle.min.js</code>) include <a href=\"https://popper.js.org/\">Popper</a>, but not <a href=\"https://jquery.com/\">jQuery</a>.</p>\n<h2 id=\"css-files\">CSS files</h2>\n<p>framekit includes a handful of options for including some or all of our compiled CSS.</p>\n<table class=\"table table-bordered\">\n  <thead>\n    <tr>\n      <th scope=\"col\">CSS files</th>\n      <th scope=\"col\">Layout</th>\n      <th scope=\"col\">Content</th>\n      <th scope=\"col\">Components</th>\n      <th scope=\"col\">Utilities</th>\n    </tr>\n  </thead>\n  <tbody>\n    <tr>\n      <th scope=\"row\">\n        <div><code class=\"font-weight-normal text-nowrap\">framekit.css</code></div>\n        <div><code class=\"font-weight-normal text-nowrap\">framekit.min.css</code></div>\n      </th>\n      <td class=\"text-success\">Included</td>\n      <td class=\"text-success\">Included</td>\n      <td class=\"text-success\">Included</td>\n      <td class=\"text-success\">Included</td>\n    </tr>\n    <tr>\n      <th scope=\"row\">\n        <div><code class=\"font-weight-normal text-nowrap\">framekit-grid.css</code></div>\n        <div><code class=\"font-weight-normal text-nowrap\">framekit-grid.min.css</code></div>\n      </th>\n      <td><a class=\"text-warning\" href=\"{{ shared.baseurl }}/docs/{{ shared.docs_version }}/layout/grid/\">Only grid system</a></td>\n      <td class=\"bg-light text-muted\">Not included</td>\n      <td class=\"bg-light text-muted\">Not included</td>\n      <td><a class=\"text-warning\" href=\"{{ shared.baseurl }}/docs/{{ shared.docs_version }}/utilities/flex/\">Only flex utilities</a></td>\n    </tr>\n    <tr>\n      <th scope=\"row\">\n        <div><code class=\"font-weight-normal text-nowrap\">framekit-reboot.css</code></div>\n        <div><code class=\"font-weight-normal text-nowrap\">framekit-reboot.min.css</code></div>\n      </th>\n      <td class=\"bg-light text-muted\">Not included</td>\n      <td><a class=\"text-warning\" href=\"{{ shared.baseurl }}/docs/{{ shared.docs_version }}/content/reboot/\">Only Reboot</a></td>\n      <td class=\"bg-light text-muted\">Not included</td>\n      <td class=\"bg-light text-muted\">Not included</td>\n    </tr>\n  </tbody>\n</table>\n\n<h2 id=\"js-files\">JS files</h2>\n<p>Similarly, we have options for including some or all of our compiled JavaScript.</p>\n<table class=\"table table-bordered\">\n  <thead>\n    <tr>\n      <th scope=\"col\">JS files</th>\n      <th scope=\"col\">Popper</th>\n      <th scope=\"col\">jQuery</th>\n    </tr>\n  </thead>\n  <tbody>\n    <tr>\n      <th scope=\"row\">\n        <div><code class=\"font-weight-normal text-nowrap\">framekit.bundle.js</code></div>\n        <div><code class=\"font-weight-normal text-nowrap\">framekit.bundle.min.js</code></div>\n      </th>\n      <td class=\"text-success\">Included</td>\n      <td class=\"bg-light text-muted\">Not included</td>\n    </tr>\n    <tr>\n      <th scope=\"row\">\n        <div><code class=\"font-weight-normal text-nowrap\">framekit.js</code></div>\n        <div><code class=\"font-weight-normal text-nowrap\">framekit.min.js</code></div>\n      </th>\n      <td class=\"bg-light text-muted\">Not included</td>\n      <td class=\"bg-light text-muted\">Not included</td>\n    </tr>\n  </tbody>\n</table>\n\n<h2 id=\"framekit-source-code\">framekit source code</h2>\n<p>The framekit source code download includes the precompiled CSS and JavaScript assets, along with source Sass, JavaScript, and documentation. More specifically, it includes the following and more:</p>\n<p><code>plaintext\nframekit/\n├── dist/\n│   ├── css/\n│   └── js/\n├── docs/\n│   └── examples/\n├── js/\n└── scss/</code></p>\n<p>The <code>scss/</code> and <code>js/</code> are the source code for our CSS and JavaScript. The <code>dist/</code> folder includes everything listed in the precompiled download section above. The <code>docs/</code> folder includes the source code for our documentation, and <code>examples/</code> of framekit usage. Beyond that, any other included file provides support for packages, license information, and development.</p>\n","updatedAt":"2018-06-06T20:04:50.000Z"}