{"layout":"docs","title":"Forms","description":"Examples and usage guidelines for form control styles, layout options, and custom components for creating a wide variety of forms.","group":"components","toc":true,"body":"<h2 id=\"overview\">Overview</h2>\n<p>framekit’s form controls expand on <a href=\"%7B%7B%20shared.baseurl%20%7D%7D/docs/%7B%7B%20shared.docs_version%20%7D%7D/content/reboot/#forms\">our Rebooted form styles</a> with classes. Use these classes to opt into their customized displays for a more consistent rendering across browsers and devices.</p>\n<p>Be sure to use an appropriate <code>type</code> attribute on all inputs (e.g., <code>email</code> for email address or <code>number</code> for numerical information) to take advantage of newer input controls like email verification, number selection, and more.</p>\n<p>Here’s a quick example to demonstrate framekit’s form styles. Keep reading for documentation on required classes, form layout, and more.</p>\n<p>{{#capture ‘example’}}</p>\n<form>\n  <div class=\"form-group\">\n    <label for=\"exampleInputEmail1\">Email address</label>\n    <input type=\"email\" class=\"form-control\" id=\"exampleInputEmail1\" aria-describedby=\"emailHelp\" placeholder=\"Enter email\">\n    <small id=\"emailHelp\" class=\"form-text text-muted\">We'll never share your email with anyone else.</small>\n  </div>\n  <div class=\"form-group\">\n    <label for=\"exampleInputPassword1\">Password</label>\n    <input type=\"password\" class=\"form-control\" id=\"exampleInputPassword1\" placeholder=\"Password\">\n  </div>\n  <div class=\"form-group form-check\">\n    <input type=\"checkbox\" class=\"form-check-input\" id=\"exampleCheck1\">\n    <label class=\"form-check-label\" for=\"exampleCheck1\">Check me out</label>\n  </div>\n  <button type=\"submit\" class=\"btn btn-primary\">Submit</button>\n</form>\n</div>\n{{include 'example' content=example}}\n\n## Form controls\n\nTextual form controls—like `<input>`s, `<select>`s, and `<textarea>`s—are styled with the `.form-control` class. Included are styles for general appearance, focus state, sizing, and more.\n\nBe sure to explore our [custom forms](#custom-forms) to further style `<select>`s.\n\n{{#capture 'example'}}\n<form>\n  <div class=\"form-group\">\n    <label for=\"exampleFormControlInput1\">Email address</label>\n    <input type=\"email\" class=\"form-control\" id=\"exampleFormControlInput1\" placeholder=\"name@example.com\">\n  </div>\n  <div class=\"form-group\">\n    <label for=\"exampleFormControlSelect1\">Example select</label>\n    <select class=\"form-control\" id=\"exampleFormControlSelect1\">\n      <option>1</option>\n      <option>2</option>\n      <option>3</option>\n      <option>4</option>\n      <option>5</option>\n    </select>\n  </div>\n  <div class=\"form-group\">\n    <label for=\"exampleFormControlSelect2\">Example multiple select</label>\n    <select multiple class=\"form-control\" id=\"exampleFormControlSelect2\">\n      <option>1</option>\n      <option>2</option>\n      <option>3</option>\n      <option>4</option>\n      <option>5</option>\n    </select>\n  </div>\n  <div class=\"form-group\">\n    <label for=\"exampleFormControlTextarea1\">Example textarea</label>\n    <textarea class=\"form-control\" id=\"exampleFormControlTextarea1\" rows=\"3\"></textarea>\n  </div>\n</form>\n</div>\n{{include 'example' content=example}}\n\nFor file inputs, swap the `.form-control` for `.form-control-file`.\n\n{{#capture 'example'}}\n<form>\n  <div class=\"form-group\">\n    <label for=\"exampleFormControlFile1\">Example file input</label>\n    <input type=\"file\" class=\"form-control-file\" id=\"exampleFormControlFile1\">\n  </div>\n</form>\n</div>\n{{include 'example' content=example}}\n\n### Sizing\n\nSet heights using classes like `.form-control-lg` and `.form-control-sm`.\n\n{{#capture 'example'}}\n<input class=\"form-control form-control-lg\" type=\"text\" placeholder=\".form-control-lg\">\n<input class=\"form-control\" type=\"text\" placeholder=\"Default input\">\n<input class=\"form-control form-control-sm\" type=\"text\" placeholder=\".form-control-sm\">\n</div>\n{{include 'example' content=example}}\n\n{{#capture 'example'}}\n<select class=\"form-control form-control-lg\">\n  <option>Large select</option>\n</select>\n<select class=\"form-control\">\n  <option>Default select</option>\n</select>\n<select class=\"form-control form-control-sm\">\n  <option>Small select</option>\n</select>\n</div>\n{{include 'example' content=example}}\n\n## Range Inputs\n\nSet horizontally scrollable range inputs using `.form-control-range`.\n\n{{#capture 'example'}}\n<form>\n  <div class=\"form-group\">\n    <label for=\"formControlRange\">Example Range input</label>\n    <input type=\"range\" class=\"form-control-range\" id=\"formControlRange\">\n  </div>\n</form>\n</div>\n{{include 'example' content=example}}\n\n### Readonly\n\nAdd the `readonly` boolean attribute on an input to prevent modification of the input's value. Read-only inputs appear lighter (just like disabled inputs), but retain the standard cursor.\n\n{{#capture 'example'}}\n<input class=\"form-control\" type=\"text\" placeholder=\"Readonly input here…\" readonly>\n</div>\n{{include 'example' content=example}}\n\n### Readonly plain text\n\nIf you want to have `<input readonly>` elements in your form styled as plain text, use the `.form-control-plaintext` class to remove the default form field styling and preserve the correct margin and padding.\n\n{{#capture 'example'}}\n<form>\n  <div class=\"form-group row\">\n    <label for=\"staticEmail\" class=\"col-sm-2 col-form-label\">Email</label>\n    <div class=\"col-sm-10\">\n      <input type=\"text\" readonly class=\"form-control-plaintext\" id=\"staticEmail\" value=\"email@example.com\">\n    </div>\n  </div>\n  <div class=\"form-group row\">\n    <label for=\"inputPassword\" class=\"col-sm-2 col-form-label\">Password</label>\n    <div class=\"col-sm-10\">\n      <input type=\"password\" class=\"form-control\" id=\"inputPassword\" placeholder=\"Password\">\n    </div>\n  </div>\n</form>\n</div>\n{{include 'example' content=example}}\n\n{{#capture 'example'}}\n<form class=\"form-inline\">\n  <div class=\"form-group mb-2\">\n    <label for=\"staticEmail2\" class=\"sr-only\">Email</label>\n    <input type=\"text\" readonly class=\"form-control-plaintext\" id=\"staticEmail2\" value=\"email@example.com\">\n  </div>\n  <div class=\"form-group mx-sm-3 mb-2\">\n    <label for=\"inputPassword2\" class=\"sr-only\">Password</label>\n    <input type=\"password\" class=\"form-control\" id=\"inputPassword2\" placeholder=\"Password\">\n  </div>\n  <button type=\"submit\" class=\"btn btn-primary mb-2\">Confirm identity</button>\n</form>\n</div>\n{{include 'example' content=example}}\n\n## Checkboxes and radios\n\nDefault checkboxes and radios are improved upon with the help of `.form-check`, **a single class for both input types that improves the layout and behavior of their HTML elements**. Checkboxes are for selecting one or several options in a list, while radios are for selecting one option from many.\n\nDisabled checkboxes and radios are supported, but to provide a `not-allowed` cursor on hover of the parent `<label>`, you'll need to add the `disabled` attribute to the `.form-check-input`. The disabled attribute will apply a lighter color to help indicate the input's state.\n\nCheckboxes and radios use are built to support HTML-based form validation and provide concise, accessible labels. As such, our `<input>`s and `<label>`s are sibling elements as opposed to an `<input>` within a `<label>`. This is slightly more verbose as you must specify `id` and `for` attributes to relate the `<input>` and `<label>`.\n\n### Default (stacked)\n\nBy default, any number of checkboxes and radios that are immediate sibling will be vertically stacked and appropriately spaced with `.form-check`.\n\n{{#capture 'example'}}\n<div class=\"form-check\">\n  <input class=\"form-check-input\" type=\"checkbox\" value=\"\" id=\"defaultCheck1\">\n  <label class=\"form-check-label\" for=\"defaultCheck1\">\n    Default checkbox\n  </label>\n</div>\n<div class=\"form-check\">\n  <input class=\"form-check-input\" type=\"checkbox\" value=\"\" id=\"defaultCheck2\" disabled>\n  <label class=\"form-check-label\" for=\"defaultCheck2\">\n    Disabled checkbox\n  </label>\n</div>\n</div>\n{{include 'example' content=example}}\n\n{{#capture 'example'}}\n<div class=\"form-check\">\n  <input class=\"form-check-input\" type=\"radio\" name=\"exampleRadios\" id=\"exampleRadios1\" value=\"option1\" checked>\n  <label class=\"form-check-label\" for=\"exampleRadios1\">\n    Default radio\n  </label>\n</div>\n<div class=\"form-check\">\n  <input class=\"form-check-input\" type=\"radio\" name=\"exampleRadios\" id=\"exampleRadios2\" value=\"option2\">\n  <label class=\"form-check-label\" for=\"exampleRadios2\">\n    Second default radio\n  </label>\n</div>\n<div class=\"form-check disabled\">\n  <input class=\"form-check-input\" type=\"radio\" name=\"exampleRadios\" id=\"exampleRadios3\" value=\"option3\" disabled>\n  <label class=\"form-check-label\" for=\"exampleRadios3\">\n    Disabled radio\n  </label>\n</div>\n</div>\n{{include 'example' content=example}}\n\n### Inline\n\nGroup checkboxes or radios on the same horizontal row by adding `.form-check-inline` to any `.form-check`.\n\n{{#capture 'example'}}\n<div class=\"form-check form-check-inline\">\n  <input class=\"form-check-input\" type=\"checkbox\" id=\"inlineCheckbox1\" value=\"option1\">\n  <label class=\"form-check-label\" for=\"inlineCheckbox1\">1</label>\n</div>\n<div class=\"form-check form-check-inline\">\n  <input class=\"form-check-input\" type=\"checkbox\" id=\"inlineCheckbox2\" value=\"option2\">\n  <label class=\"form-check-label\" for=\"inlineCheckbox2\">2</label>\n</div>\n<div class=\"form-check form-check-inline\">\n  <input class=\"form-check-input\" type=\"checkbox\" id=\"inlineCheckbox3\" value=\"option3\" disabled>\n  <label class=\"form-check-label\" for=\"inlineCheckbox3\">3 (disabled)</label>\n</div>\n</div>\n{{include 'example' content=example}}\n\n{{#capture 'example'}}\n<div class=\"form-check form-check-inline\">\n  <input class=\"form-check-input\" type=\"radio\" name=\"inlineRadioOptions\" id=\"inlineRadio1\" value=\"option1\">\n  <label class=\"form-check-label\" for=\"inlineRadio1\">1</label>\n</div>\n<div class=\"form-check form-check-inline\">\n  <input class=\"form-check-input\" type=\"radio\" name=\"inlineRadioOptions\" id=\"inlineRadio2\" value=\"option2\">\n  <label class=\"form-check-label\" for=\"inlineRadio2\">2</label>\n</div>\n<div class=\"form-check form-check-inline\">\n  <input class=\"form-check-input\" type=\"radio\" name=\"inlineRadioOptions\" id=\"inlineRadio3\" value=\"option3\" disabled>\n  <label class=\"form-check-label\" for=\"inlineRadio3\">3 (disabled)</label>\n</div>\n</div>\n{{include 'example' content=example}}\n\n### Without labels\n\nAdd `.position-static` to inputs within `.form-check` that don't have any label text. Remember to still provide some form of label for assistive technologies (for instance, using `aria-label`).\n\n{{#capture 'example'}}\n<div class=\"form-check\">\n  <input class=\"form-check-input position-static\" type=\"checkbox\" id=\"blankCheckbox\" value=\"option1\" aria-label=\"...\">\n</div>\n<div class=\"form-check\">\n  <input class=\"form-check-input position-static\" type=\"radio\" name=\"blankRadio\" id=\"blankRadio1\" value=\"option1\" aria-label=\"...\">\n</div>\n</div>\n{{include 'example' content=example}}\n\n## Layout\n\nSince framekit applies `display: block` and `width: 100%` to almost all our form controls, forms will by default stack vertically. Additional classes can be used to vary this layout on a per-form basis.\n\n### Form groups\n\nThe `.form-group` class is the easiest way to add some structure to forms. It provides a flexible class that encourages proper grouping of labels, controls, optional help text, and form validation messaging. By default it only applies `margin-bottom`, but it picks up additional styles in `.form-inline` as needed. Use it with `<fieldset>`s, `<div>`s, or nearly any other element.\n\n{{#capture 'example'}}\n<form>\n  <div class=\"form-group\">\n    <label for=\"formGroupExampleInput\">Example label</label>\n    <input type=\"text\" class=\"form-control\" id=\"formGroupExampleInput\" placeholder=\"Example input\">\n  </div>\n  <div class=\"form-group\">\n    <label for=\"formGroupExampleInput2\">Another label</label>\n    <input type=\"text\" class=\"form-control\" id=\"formGroupExampleInput2\" placeholder=\"Another input\">\n  </div>\n</form>\n</div>\n{{include 'example' content=example}}\n\n### Form grid\n\nMore complex forms can be built using our grid classes. Use these for form layouts that require multiple columns, varied widths, and additional alignment options.\n\n{{#capture 'example'}}\n<form>\n  <div class=\"row\">\n    <div class=\"col\">\n      <input type=\"text\" class=\"form-control\" placeholder=\"First name\">\n    </div>\n    <div class=\"col\">\n      <input type=\"text\" class=\"form-control\" placeholder=\"Last name\">\n    </div>\n  </div>\n</form>\n</div>\n{{include 'example' content=example}}\n\n#### Form row\n\nYou may also swap `.row` for `.form-row`, a variation of our standard grid row that overrides the default column gutters for tighter and more compact layouts.\n\n{{#capture 'example'}}\n<form>\n  <div class=\"form-row\">\n    <div class=\"col\">\n      <input type=\"text\" class=\"form-control\" placeholder=\"First name\">\n    </div>\n    <div class=\"col\">\n      <input type=\"text\" class=\"form-control\" placeholder=\"Last name\">\n    </div>\n  </div>\n</form>\n</div>\n{{include 'example' content=example}}\n\nMore complex layouts can also be created with the grid system.\n\n{{#capture 'example'}}\n<form>\n  <div class=\"form-row\">\n    <div class=\"form-group col-md-6\">\n      <label for=\"inputEmail4\">Email</label>\n      <input type=\"email\" class=\"form-control\" id=\"inputEmail4\" placeholder=\"Email\">\n    </div>\n    <div class=\"form-group col-md-6\">\n      <label for=\"inputPassword4\">Password</label>\n      <input type=\"password\" class=\"form-control\" id=\"inputPassword4\" placeholder=\"Password\">\n    </div>\n  </div>\n  <div class=\"form-group\">\n    <label for=\"inputAddress\">Address</label>\n    <input type=\"text\" class=\"form-control\" id=\"inputAddress\" placeholder=\"1234 Main St\">\n  </div>\n  <div class=\"form-group\">\n    <label for=\"inputAddress2\">Address 2</label>\n    <input type=\"text\" class=\"form-control\" id=\"inputAddress2\" placeholder=\"Apartment, studio, or floor\">\n  </div>\n  <div class=\"form-row\">\n    <div class=\"form-group col-md-6\">\n      <label for=\"inputCity\">City</label>\n      <input type=\"text\" class=\"form-control\" id=\"inputCity\">\n    </div>\n    <div class=\"form-group col-md-4\">\n      <label for=\"inputState\">State</label>\n      <select id=\"inputState\" class=\"form-control\">\n        <option selected>Choose...</option>\n        <option>...</option>\n      </select>\n    </div>\n    <div class=\"form-group col-md-2\">\n      <label for=\"inputZip\">Zip</label>\n      <input type=\"text\" class=\"form-control\" id=\"inputZip\">\n    </div>\n  </div>\n  <div class=\"form-group\">\n    <div class=\"form-check\">\n      <input class=\"form-check-input\" type=\"checkbox\" id=\"gridCheck\">\n      <label class=\"form-check-label\" for=\"gridCheck\">\n        Check me out\n      </label>\n    </div>\n  </div>\n  <button type=\"submit\" class=\"btn btn-primary\">Sign in</button>\n</form>\n</div>\n{{include 'example' content=example}}\n\n#### Horizontal form\n\nCreate horizontal forms with the grid by adding the `.row` class to form groups and using the `.col-*-*` classes to specify the width of your labels and controls. Be sure to add `.col-form-label` to your `<label>`s as well so they're vertically centered with their associated form controls.\n\nAt times, you maybe need to use margin or padding utilities to create that perfect alignment you need. For example, we've removed the `padding-top` on our stacked radio inputs label to better align the text baseline.\n\n{{#capture 'example'}}\n<form>\n  <div class=\"form-group row\">\n    <label for=\"inputEmail3\" class=\"col-sm-2 col-form-label\">Email</label>\n    <div class=\"col-sm-10\">\n      <input type=\"email\" class=\"form-control\" id=\"inputEmail3\" placeholder=\"Email\">\n    </div>\n  </div>\n  <div class=\"form-group row\">\n    <label for=\"inputPassword3\" class=\"col-sm-2 col-form-label\">Password</label>\n    <div class=\"col-sm-10\">\n      <input type=\"password\" class=\"form-control\" id=\"inputPassword3\" placeholder=\"Password\">\n    </div>\n  </div>\n  <fieldset class=\"form-group\">\n    <div class=\"row\">\n      <legend class=\"col-form-label col-sm-2 pt-0\">Radios</legend>\n      <div class=\"col-sm-10\">\n        <div class=\"form-check\">\n          <input class=\"form-check-input\" type=\"radio\" name=\"gridRadios\" id=\"gridRadios1\" value=\"option1\" checked>\n          <label class=\"form-check-label\" for=\"gridRadios1\">\n            First radio\n          </label>\n        </div>\n        <div class=\"form-check\">\n          <input class=\"form-check-input\" type=\"radio\" name=\"gridRadios\" id=\"gridRadios2\" value=\"option2\">\n          <label class=\"form-check-label\" for=\"gridRadios2\">\n            Second radio\n          </label>\n        </div>\n        <div class=\"form-check disabled\">\n          <input class=\"form-check-input\" type=\"radio\" name=\"gridRadios\" id=\"gridRadios3\" value=\"option3\" disabled>\n          <label class=\"form-check-label\" for=\"gridRadios3\">\n            Third disabled radio\n          </label>\n        </div>\n      </div>\n    </div>\n  </fieldset>\n  <div class=\"form-group row\">\n    <div class=\"col-sm-2\">Checkbox</div>\n    <div class=\"col-sm-10\">\n      <div class=\"form-check\">\n        <input class=\"form-check-input\" type=\"checkbox\" id=\"gridCheck1\">\n        <label class=\"form-check-label\" for=\"gridCheck1\">\n          Example checkbox\n        </label>\n      </div>\n    </div>\n  </div>\n  <div class=\"form-group row\">\n    <div class=\"col-sm-10\">\n      <button type=\"submit\" class=\"btn btn-primary\">Sign in</button>\n    </div>\n  </div>\n</form>\n</div>\n{{include 'example' content=example}}\n\n##### Horizontal form label sizing\n\nBe sure to use `.col-form-label-sm` or `.col-form-label-lg` to your `<label>`s or `<legend>`s to correctly follow the size of `.form-control-lg` and `.form-control-sm`.\n\n{{#capture 'example'}}\n<form>\n  <div class=\"form-group row\">\n    <label for=\"colFormLabelSm\" class=\"col-sm-2 col-form-label col-form-label-sm\">Email</label>\n    <div class=\"col-sm-10\">\n      <input type=\"email\" class=\"form-control form-control-sm\" id=\"colFormLabelSm\" placeholder=\"col-form-label-sm\">\n    </div>\n  </div>\n  <div class=\"form-group row\">\n    <label for=\"colFormLabel\" class=\"col-sm-2 col-form-label\">Email</label>\n    <div class=\"col-sm-10\">\n      <input type=\"email\" class=\"form-control\" id=\"colFormLabel\" placeholder=\"col-form-label\">\n    </div>\n  </div>\n  <div class=\"form-group row\">\n    <label for=\"colFormLabelLg\" class=\"col-sm-2 col-form-label col-form-label-lg\">Email</label>\n    <div class=\"col-sm-10\">\n      <input type=\"email\" class=\"form-control form-control-lg\" id=\"colFormLabelLg\" placeholder=\"col-form-label-lg\">\n    </div>\n  </div>\n</form>\n</div>\n{{include 'example' content=example}}\n\n#### Column sizing\n\nAs shown in the previous examples, our grid system allows you to place any number of `.col`s within a `.row` or `.form-row`. They'll split the available width equally between them. You may also pick a subset of your columns to take up more or less space, while the remaining `.col`s equally split the rest, with specific column classes like `.col-7`.\n\n{{#capture 'example'}}\n<form>\n  <div class=\"form-row\">\n    <div class=\"col-7\">\n      <input type=\"text\" class=\"form-control\" placeholder=\"City\">\n    </div>\n    <div class=\"col\">\n      <input type=\"text\" class=\"form-control\" placeholder=\"State\">\n    </div>\n    <div class=\"col\">\n      <input type=\"text\" class=\"form-control\" placeholder=\"Zip\">\n    </div>\n  </div>\n</form>\n</div>\n{{include 'example' content=example}}\n\n#### Auto-sizing\n\nThe example below uses a flexbox utility to vertically center the contents and changes `.col` to `.col-auto` so that your columns only take up as much space as needed. Put another way, the column sizes itself based on the contents.\n\n{{#capture 'example'}}\n<form>\n  <div class=\"form-row align-items-center\">\n    <div class=\"col-auto\">\n      <label class=\"sr-only\" for=\"inlineFormInput\">Name</label>\n      <input type=\"text\" class=\"form-control mb-2\" id=\"inlineFormInput\" placeholder=\"Jane Doe\">\n    </div>\n    <div class=\"col-auto\">\n      <label class=\"sr-only\" for=\"inlineFormInputGroup\">Username</label>\n      <div class=\"input-group mb-2\">\n        <div class=\"input-group-prepend\">\n          <div class=\"input-group-text\">@</div>\n        </div>\n        <input type=\"text\" class=\"form-control\" id=\"inlineFormInputGroup\" placeholder=\"Username\">\n      </div>\n    </div>\n    <div class=\"col-auto\">\n      <div class=\"form-check mb-2\">\n        <input class=\"form-check-input\" type=\"checkbox\" id=\"autoSizingCheck\">\n        <label class=\"form-check-label\" for=\"autoSizingCheck\">\n          Remember me\n        </label>\n      </div>\n    </div>\n    <div class=\"col-auto\">\n      <button type=\"submit\" class=\"btn btn-primary mb-2\">Submit</button>\n    </div>\n  </div>\n</form>\n</div>\n{{include 'example' content=example}}\n\nYou can then remix that once again with size-specific column classes.\n\n{{#capture 'example'}}\n<form>\n  <div class=\"form-row align-items-center\">\n    <div class=\"col-sm-3 my-1\">\n      <label class=\"sr-only\" for=\"inlineFormInputName\">Name</label>\n      <input type=\"text\" class=\"form-control\" id=\"inlineFormInputName\" placeholder=\"Jane Doe\">\n    </div>\n    <div class=\"col-sm-3 my-1\">\n      <label class=\"sr-only\" for=\"inlineFormInputGroupUsername\">Username</label>\n      <div class=\"input-group\">\n        <div class=\"input-group-prepend\">\n          <div class=\"input-group-text\">@</div>\n        </div>\n        <input type=\"text\" class=\"form-control\" id=\"inlineFormInputGroupUsername\" placeholder=\"Username\">\n      </div>\n    </div>\n    <div class=\"col-auto my-1\">\n      <div class=\"form-check\">\n        <input class=\"form-check-input\" type=\"checkbox\" id=\"autoSizingCheck2\">\n        <label class=\"form-check-label\" for=\"autoSizingCheck2\">\n          Remember me\n        </label>\n      </div>\n    </div>\n    <div class=\"col-auto my-1\">\n      <button type=\"submit\" class=\"btn btn-primary\">Submit</button>\n    </div>\n  </div>\n</form>\n</div>\n{{include 'example' content=example}}\n\nAnd of course [custom form controls](#custom-forms) are supported.\n\n{{#capture 'example'}}\n<form>\n  <div class=\"form-row align-items-center\">\n    <div class=\"col-auto my-1\">\n      <label class=\"mr-sm-2\" for=\"inlineFormCustomSelect\">Preference</label>\n      <select class=\"custom-select mr-sm-2\" id=\"inlineFormCustomSelect\">\n        <option selected>Choose...</option>\n        <option value=\"1\">One</option>\n        <option value=\"2\">Two</option>\n        <option value=\"3\">Three</option>\n      </select>\n    </div>\n    <div class=\"col-auto my-1\">\n      <div class=\"custom-control custom-checkbox mr-sm-2\">\n        <input type=\"checkbox\" class=\"custom-control-input\" id=\"customControlAutosizing\">\n        <label class=\"custom-control-label\" for=\"customControlAutosizing\">Remember my preference</label>\n      </div>\n    </div>\n    <div class=\"col-auto my-1\">\n      <button type=\"submit\" class=\"btn btn-primary\">Submit</button>\n    </div>\n  </div>\n</form>\n</div>\n{{include 'example' content=example}}\n\n### Inline forms\n\nUse the `.form-inline` class to display a series of labels, form controls, and buttons on a single horizontal row. Form controls within inline forms vary slightly from their default states.\n\n- Controls are `display: flex`, collapsing any HTML white space and allowing you to provide alignment control with [spacing]({{ shared.baseurl }}/docs/{{ shared.docs_version }}/utilities/spacing/) and [flexbox]({{ shared.baseurl }}/docs/{{ shared.docs_version }}/utilities/flex/) utilities.\n- Controls and input groups receive `width: auto` to override the framekit default `width: 100%`.\n- Controls **only appear inline in viewports that are at least 576px wide** to account for narrow viewports on mobile devices.\n\nYou may need to manually address the width and alignment of individual form controls with [spacing utilities]({{ shared.baseurl }}/docs/{{ shared.docs_version }}/utilities/spacing/) (as shown below). Lastly, be sure to always include a `<label>` with each form control, even if you need to hide it from non-screenreader visitors with `.sr-only`.\n\n{{#capture 'example'}}\n<form class=\"form-inline\">\n  <label class=\"sr-only\" for=\"inlineFormInputName2\">Name</label>\n  <input type=\"text\" class=\"form-control mb-2 mr-sm-2\" id=\"inlineFormInputName2\" placeholder=\"Jane Doe\">\n\n  <label class=\"sr-only\" for=\"inlineFormInputGroupUsername2\">Username</label>\n  <div class=\"input-group mb-2 mr-sm-2\">\n    <div class=\"input-group-prepend\">\n      <div class=\"input-group-text\">@</div>\n    </div>\n    <input type=\"text\" class=\"form-control\" id=\"inlineFormInputGroupUsername2\" placeholder=\"Username\">\n  </div>\n\n  <div class=\"form-check mb-2 mr-sm-2\">\n    <input class=\"form-check-input\" type=\"checkbox\" id=\"inlineFormCheck\">\n    <label class=\"form-check-label\" for=\"inlineFormCheck\">\n      Remember me\n    </label>\n  </div>\n\n  <button type=\"submit\" class=\"btn btn-primary mb-2\">Submit</button>\n</form>\n</div>\n{{include 'example' content=example}}\n\nCustom form controls and selects are also supported.\n\n{{#capture 'example'}}\n<form class=\"form-inline\">\n  <label class=\"my-1 mr-2\" for=\"inlineFormCustomSelectPref\">Preference</label>\n  <select class=\"custom-select my-1 mr-sm-2\" id=\"inlineFormCustomSelectPref\">\n    <option selected>Choose...</option>\n    <option value=\"1\">One</option>\n    <option value=\"2\">Two</option>\n    <option value=\"3\">Three</option>\n  </select>\n\n  <div class=\"custom-control custom-checkbox my-1 mr-sm-2\">\n    <input type=\"checkbox\" class=\"custom-control-input\" id=\"customControlInline\">\n    <label class=\"custom-control-label\" for=\"customControlInline\">Remember my preference</label>\n  </div>\n\n  <button type=\"submit\" class=\"btn btn-primary my-1\">Submit</button>\n</form>\n</div>\n{{include 'example' content=example}}\n\n<div class=\"bd-callout bd-callout-warning\">\n##### Alternatives to hidden labels\nAssistive technologies such as screen readers will have trouble with your forms if you don't include a label for every input. For these inline forms, you can hide the labels using the `.sr-only` class. There are further alternative methods of providing a label for assistive technologies, such as the `aria-label`, `aria-labelledby` or `title` attribute. If none of these are present, assistive technologies may resort to using the `placeholder` attribute, if present, but note that use of `placeholder` as a replacement for other labelling methods is not advised.\n</div>\n\n\n## Help text\n\nBlock-level help text in forms can be created using `.form-text` (previously known as `.help-block` in v3). Inline help text can be flexibly implemented using any inline HTML element and utility classes like `.text-muted`.\n\n<div class=\"bd-callout bd-callout-warning\">\n##### Associating help text with form controls\n\nHelp text should be explicitly associated with the form control it relates to using the `aria-describedby` attribute. This will ensure that assistive technologies—such as screen readers—will announce this help text when the user focuses or enters the control.\n</div>\n\n\nHelp text below inputs can be styled with `.form-text`. This class includes `display: block` and adds some top margin for easy spacing from the inputs above.\n\n{{#capture 'example'}}\n<label for=\"inputPassword5\">Password</label>\n<input type=\"password\" id=\"inputPassword5\" class=\"form-control\" aria-describedby=\"passwordHelpBlock\">\n<small id=\"passwordHelpBlock\" class=\"form-text text-muted\">\n  Your password must be 8-20 characters long, contain letters and numbers, and must not contain spaces, special characters, or emoji.\n</small>\n</div>\n{{include 'example' content=example}}\n\nInline text can use any typical inline HTML element (be it a `<small>`, `<span>`, or something else) with nothing more than a utility class.\n\n{{#capture 'example'}}\n<form class=\"form-inline\">\n  <div class=\"form-group\">\n    <label for=\"inputPassword6\">Password</label>\n    <input type=\"password\" id=\"inputPassword6\" class=\"form-control mx-sm-3\" aria-describedby=\"passwordHelpInline\">\n    <small id=\"passwordHelpInline\" class=\"text-muted\">\n      Must be 8-20 characters long.\n    </small>\n  </div>\n</form>\n</div>\n{{include 'example' content=example}}\n\n## Disabled forms\n\nAdd the `disabled` boolean attribute on an input to prevent user interactions and make it appear lighter.\n\n```html\n<input class=\"form-control\" id=\"disabledInput\" type=\"text\" placeholder=\"Disabled input here...\" disabled>\n```\n\nAdd the `disabled` attribute to a `<fieldset>` to disable all the controls within.\n\n{{#capture 'example'}}\n<form>\n  <fieldset disabled>\n    <div class=\"form-group\">\n      <label for=\"disabledTextInput\">Disabled input</label>\n      <input type=\"text\" id=\"disabledTextInput\" class=\"form-control\" placeholder=\"Disabled input\">\n    </div>\n    <div class=\"form-group\">\n      <label for=\"disabledSelect\">Disabled select menu</label>\n      <select id=\"disabledSelect\" class=\"form-control\">\n        <option>Disabled select</option>\n      </select>\n    </div>\n    <div class=\"form-check\">\n      <input class=\"form-check-input\" type=\"checkbox\" id=\"disabledFieldsetCheck\" disabled>\n      <label class=\"form-check-label\" for=\"disabledFieldsetCheck\">\n        Can't check this\n      </label>\n    </div>\n    <button type=\"submit\" class=\"btn btn-primary\">Submit</button>\n  </fieldset>\n</form>\n</div>\n{{include 'example' content=example}}\n\n<div class=\"bd-callout bd-callout-warning\">\n##### Caveat with anchors\n\nBy default, browsers will treat all native form controls (`<input>`, `<select>` and `<button>` elements) inside a `<fieldset disabled>` as disabled, preventing both keyboard and mouse interactions on them. However, if your form also includes `<a ... class=\"btn btn-*\">` elements, these will only be given a style of `pointer-events: none`. As noted in the section about [disabled state for buttons]({{ shared.baseurl }}/docs/{{ shared.docs_version }}/components/buttons/#disabled-state) (and specifically in the sub-section for anchor elements), this CSS property is not yet standardized and isn't fully supported in Internet Explorer 10, and won't prevent keyboard users from being able to focus or activate these links. So to be safe, use custom JavaScript to disable such links.\n</div>\n\n\n<div class=\"bd-callout bd-callout-warning\">\n#### Cross-browser compatibility\n\nWhile framekit will apply these styles in all browsers, Internet Explorer 11 and below don't fully support the `disabled` attribute on a `<fieldset>`. Use custom JavaScript to disable the fieldset in these browsers.\n</div>\n{{include \"callout\" content=callout type=\"danger\"}}\n\n## Validation\n\nProvide valuable, actionable feedback to your users with HTML5 form validation–[available in all our supported browsers](https://caniuse.com/#feat=form-validation). Choose from the browser default validation feedback, or implement custom messages with our built-in classes and starter JavaScript.\n\n<div class=\"bd-callout bd-callout-warning\">\nWe currently recommend using custom validation styles, as native browser default validation messages are not consistently exposed to assistive technologies in all browsers (most notably, Chrome on desktop and mobile).\n</div>\n\n\n### How it works\n\nHere's how form validation works with framekit:\n\n- HTML form validation is applied via CSS's two pseudo-classes, `:invalid` and `:valid`. It applies to `<input>`, `<select>`, and `<textarea>` elements.\n- framekit scopes the `:invalid` and `:valid` styles to parent `.was-validated` class, usually applied to the `<form>`. Otherwise, any required field without a value shows up as invalid on page load. This way, you may choose when to activate them (typically after form submission is attempted).\n- To reset the appearance of the form (for instance, in the case of dynamic form submissions using AJAX), remove the `.was-validated` class from the `<form>` again after submission.\n- As a fallback, `.is-invalid` and `.is-valid` classes may be used instead of the pseudo-classes for [server side validation](#server-side). They do not require a `.was-validated` parent class.\n- Due to constraints in how CSS works, we cannot (at present) apply styles to a `<label>` that comes before a form control in the DOM without the help of custom JavaScript.\n- All modern browsers support the [constraint validation API](https://www.w3.org/TR/html5/sec-forms.html#the-constraint-validation-api), a series of JavaScript methods for validating form controls.\n- Feedback messages may utilize the [browser defaults](#browser-defaults) (different for each browser, and unstylable via CSS) or our custom feedback styles with additional HTML and CSS.\n- You may provide custom validity messages with `setCustomValidity` in JavaScript.\n\nWith that in mind, consider the following demos for our custom form validation styles, optional server side classes, and browser defaults.\n\n### Custom styles\n\nFor custom framekit form validation messages, you'll need to add the `novalidate` boolean attribute to your `<form>`. This disables the browser default feedback tooltips, but still provides access to the form validation APIs in JavaScript. Try to submit the form below; our JavaScript will intercept the submit button and relay feedback to you.\n\nWhen attempting to submit, you'll see the `:invalid` and `:valid` styles applied to your form controls.\n\n{{#capture 'example'}}\n<form class=\"needs-validation\" novalidate>\n  <div class=\"form-row\">\n    <div class=\"col-md-4 mb-3\">\n      <label for=\"validationCustom01\">First name</label>\n      <input type=\"text\" class=\"form-control\" id=\"validationCustom01\" placeholder=\"First name\" value=\"Mark\" required>\n      <div class=\"valid-feedback\">\n        Looks good!\n      </div>\n    </div>\n    <div class=\"col-md-4 mb-3\">\n      <label for=\"validationCustom02\">Last name</label>\n      <input type=\"text\" class=\"form-control\" id=\"validationCustom02\" placeholder=\"Last name\" value=\"Otto\" required>\n      <div class=\"valid-feedback\">\n        Looks good!\n      </div>\n    </div>\n    <div class=\"col-md-4 mb-3\">\n      <label for=\"validationCustomUsername\">Username</label>\n      <div class=\"input-group\">\n        <div class=\"input-group-prepend\">\n          <span class=\"input-group-text\" id=\"inputGroupPrepend\">@</span>\n        </div>\n        <input type=\"text\" class=\"form-control\" id=\"validationCustomUsername\" placeholder=\"Username\" aria-describedby=\"inputGroupPrepend\" required>\n        <div class=\"invalid-feedback\">\n          Please choose a username.\n        </div>\n      </div>\n    </div>\n  </div>\n  <div class=\"form-row\">\n    <div class=\"col-md-6 mb-3\">\n      <label for=\"validationCustom03\">City</label>\n      <input type=\"text\" class=\"form-control\" id=\"validationCustom03\" placeholder=\"City\" required>\n      <div class=\"invalid-feedback\">\n        Please provide a valid city.\n      </div>\n    </div>\n    <div class=\"col-md-3 mb-3\">\n      <label for=\"validationCustom04\">State</label>\n      <input type=\"text\" class=\"form-control\" id=\"validationCustom04\" placeholder=\"State\" required>\n      <div class=\"invalid-feedback\">\n        Please provide a valid state.\n      </div>\n    </div>\n    <div class=\"col-md-3 mb-3\">\n      <label for=\"validationCustom05\">Zip</label>\n      <input type=\"text\" class=\"form-control\" id=\"validationCustom05\" placeholder=\"Zip\" required>\n      <div class=\"invalid-feedback\">\n        Please provide a valid zip.\n      </div>\n    </div>\n  </div>\n  <div class=\"form-group\">\n    <div class=\"form-check\">\n      <input class=\"form-check-input\" type=\"checkbox\" value=\"\" id=\"invalidCheck\" required>\n      <label class=\"form-check-label\" for=\"invalidCheck\">\n        Agree to terms and conditions\n      </label>\n      <div class=\"invalid-feedback\">\n        You must agree before submitting.\n      </div>\n    </div>\n  </div>\n  <button class=\"btn btn-primary\" type=\"submit\">Submit form</button>\n</form>\n\n<p><script>\n// Example starter JavaScript for disabling form submissions if there are invalid fields\n(function() {\n  ‘use strict’;\n  window.addEventListener(‘load’, function() {\n    // Fetch all the forms we want to apply custom framekit validation styles to\n    var forms = document.getElementsByClassName(‘needs-validation’);\n    // Loop over them and prevent submission\n    var validation = Array.prototype.filter.call(forms, function(form) {\n      form.addEventListener(‘submit’, function(event) {\n        if (form.checkValidity() === false) {\n          event.preventDefault();\n          event.stopPropagation();\n        }\n        form.classList.add(‘was-validated’);\n      }, false);\n    });\n  }, false);\n})();\n</script></p>\n<p></div>\n{{include ‘example’ content=example}}</p>\n<h3 id=\"browser-defaults\">Browser defaults</h3>\n<p>Not interested in custom validation feedback messages or writing JavaScript to change form behaviors? All good, you can use the browser defaults. Try submitting the form below. Depending on your browser and OS, you’ll see a slightly different style of feedback.</p>\n<p>While these feedback styles cannot be styled with CSS, you can still customize the feedback text through JavaScript.</p>\n<p>{{#capture ‘example’}}</p>\n<p><form>\n  <div class=\"form-row\">\n    <div class=\"col-md-4 mb-3\">\n      <label for=\"validationDefault01\">First name</label>\n      <input type=\"text\" class=\"form-control\" id=\"validationDefault01\" placeholder=\"First name\" value=\"Mark\" required>\n    </div>\n    <div class=\"col-md-4 mb-3\">\n      <label for=\"validationDefault02\">Last name</label>\n      <input type=\"text\" class=\"form-control\" id=\"validationDefault02\" placeholder=\"Last name\" value=\"Otto\" required>\n    </div>\n    <div class=\"col-md-4 mb-3\">\n      <label for=\"validationDefaultUsername\">Username</label>\n      <div class=\"input-group\">\n        <div class=\"input-group-prepend\">\n          <span class=\"input-group-text\" id=\"inputGroupPrepend2\">@</span>\n        </div>\n        <input type=\"text\" class=\"form-control\" id=\"validationDefaultUsername\" placeholder=\"Username\" aria-describedby=\"inputGroupPrepend2\" required>\n      </div>\n    </div>\n  </div>\n  <div class=\"form-row\">\n    <div class=\"col-md-6 mb-3\">\n      <label for=\"validationDefault03\">City</label>\n      <input type=\"text\" class=\"form-control\" id=\"validationDefault03\" placeholder=\"City\" required>\n    </div>\n    <div class=\"col-md-3 mb-3\">\n      <label for=\"validationDefault04\">State</label>\n      <input type=\"text\" class=\"form-control\" id=\"validationDefault04\" placeholder=\"State\" required>\n    </div>\n    <div class=\"col-md-3 mb-3\">\n      <label for=\"validationDefault05\">Zip</label>\n      <input type=\"text\" class=\"form-control\" id=\"validationDefault05\" placeholder=\"Zip\" required>\n    </div>\n  </div>\n  <div class=\"form-group\">\n    <div class=\"form-check\">\n      <input class=\"form-check-input\" type=\"checkbox\" value=\"\" id=\"invalidCheck2\" required>\n      <label class=\"form-check-label\" for=\"invalidCheck2\">\n        Agree to terms and conditions\n      </label>\n    </div>\n  </div>\n  <button class=\"btn btn-primary\" type=\"submit\">Submit form</button></p>\n<p></form></p>\n<p></div>\n{{include ‘example’ content=example}}</p>\n<h3 id=\"server-side\">Server side</h3>\n<p>We recommend using client side validation, but in case you require server side, you can indicate invalid and valid form fields with <code>.is-invalid</code> and <code>.is-valid</code>. Note that <code>.invalid-feedback</code> is also supported with these classes.</p>\n<p>{{#capture ‘example’}}</p>\n<p><form>\n  <div class=\"form-row\">\n    <div class=\"col-md-4 mb-3\">\n      <label for=\"validationServer01\">First name</label>\n      <input type=\"text\" class=\"form-control is-valid\" id=\"validationServer01\" placeholder=\"First name\" value=\"Mark\" required>\n      <div class=\"valid-feedback\">\n        Looks good!\n      </div>\n    </div>\n    <div class=\"col-md-4 mb-3\">\n      <label for=\"validationServer02\">Last name</label>\n      <input type=\"text\" class=\"form-control is-valid\" id=\"validationServer02\" placeholder=\"Last name\" value=\"Otto\" required>\n      <div class=\"valid-feedback\">\n        Looks good!\n      </div>\n    </div>\n    <div class=\"col-md-4 mb-3\">\n      <label for=\"validationServerUsername\">Username</label>\n      <div class=\"input-group\">\n        <div class=\"input-group-prepend\">\n          <span class=\"input-group-text\" id=\"inputGroupPrepend3\">@</span>\n        </div>\n        <input type=\"text\" class=\"form-control is-invalid\" id=\"validationServerUsername\" placeholder=\"Username\" aria-describedby=\"inputGroupPrepend3\" required>\n        <div class=\"invalid-feedback\">\n          Please choose a username.\n        </div>\n      </div>\n    </div>\n  </div>\n  <div class=\"form-row\">\n    <div class=\"col-md-6 mb-3\">\n      <label for=\"validationServer03\">City</label>\n      <input type=\"text\" class=\"form-control is-invalid\" id=\"validationServer03\" placeholder=\"City\" required>\n      <div class=\"invalid-feedback\">\n        Please provide a valid city.\n      </div>\n    </div>\n    <div class=\"col-md-3 mb-3\">\n      <label for=\"validationServer04\">State</label>\n      <input type=\"text\" class=\"form-control is-invalid\" id=\"validationServer04\" placeholder=\"State\" required>\n      <div class=\"invalid-feedback\">\n        Please provide a valid state.\n      </div>\n    </div>\n    <div class=\"col-md-3 mb-3\">\n      <label for=\"validationServer05\">Zip</label>\n      <input type=\"text\" class=\"form-control is-invalid\" id=\"validationServer05\" placeholder=\"Zip\" required>\n      <div class=\"invalid-feedback\">\n        Please provide a valid zip.\n      </div>\n    </div>\n  </div>\n  <div class=\"form-group\">\n    <div class=\"form-check\">\n      <input class=\"form-check-input is-invalid\" type=\"checkbox\" value=\"\" id=\"invalidCheck3\" required>\n      <label class=\"form-check-label\" for=\"invalidCheck3\">\n        Agree to terms and conditions\n      </label>\n      <div class=\"invalid-feedback\">\n        You must agree before submitting.\n      </div>\n    </div>\n  </div>\n  <button class=\"btn btn-primary\" type=\"submit\">Submit form</button></p>\n<p></form></p>\n<p></div>\n{{include ‘example’ content=example}}</p>\n<h3 id=\"supported-elements\">Supported elements</h3>\n<p>Our example forms show native textual <code>&lt;input&gt;</code>s above, but form validation styles are available for our custom form controls, too.</p>\n<p>{{#capture ‘example’}}</p>\n<p><form class=\"was-validated\">\n  <div class=\"custom-control custom-checkbox mb-3\">\n    <input type=\"checkbox\" class=\"custom-control-input\" id=\"customControlValidation1\" required>\n    <label class=\"custom-control-label\" for=\"customControlValidation1\">Check this custom checkbox</label>\n    <div class=\"invalid-feedback\">Example invalid feedback text</div>\n  </div></p>\n  <div class=\"custom-control custom-radio\">\n    <input type=\"radio\" class=\"custom-control-input\" id=\"customControlValidation2\" name=\"radio-stacked\" required>\n    <label class=\"custom-control-label\" for=\"customControlValidation2\">Toggle this custom radio</label>\n  </div>\n  <div class=\"custom-control custom-radio mb-3\">\n    <input type=\"radio\" class=\"custom-control-input\" id=\"customControlValidation3\" name=\"radio-stacked\" required>\n    <label class=\"custom-control-label\" for=\"customControlValidation3\">Or toggle this other custom radio</label>\n    <div class=\"invalid-feedback\">More example invalid feedback text</div>\n  </div>\n\n  <div class=\"form-group\">\n    <select class=\"custom-select\" required>\n      <option value=\"\">Open this select menu</option>\n      <option value=\"1\">One</option>\n      <option value=\"2\">Two</option>\n      <option value=\"3\">Three</option>\n    </select>\n    <div class=\"invalid-feedback\">Example invalid custom select feedback</div>\n  </div>\n\n  <div class=\"custom-file\">\n    <input type=\"file\" class=\"custom-file-input\" id=\"validatedCustomFile\" required>\n    <label class=\"custom-file-label\" for=\"validatedCustomFile\">Choose file...</label>\n    <div class=\"invalid-feedback\">Example invalid custom file feedback</div>\n  </div>\n</form>\n</div>\n{{include 'example' content=example}}\n\n### Tooltips\n\nIf your form layout allows it, you can swap the `.{valid|invalid}-feedback` classes for `.{valid|invalid}-tooltip` classes to display validation feedback in a styled tooltip. Be sure to have a parent with `position: relative` on it for tooltip positioning. In the example below, our column classes have this already, but your project may require an alternative setup.\n\n{{#capture 'example'}}\n<form class=\"needs-validation\" novalidate>\n  <div class=\"form-row\">\n    <div class=\"col-md-4 mb-3\">\n      <label for=\"validationTooltip01\">First name</label>\n      <input type=\"text\" class=\"form-control\" id=\"validationTooltip01\" placeholder=\"First name\" value=\"Mark\" required>\n      <div class=\"valid-tooltip\">\n        Looks good!\n      </div>\n    </div>\n    <div class=\"col-md-4 mb-3\">\n      <label for=\"validationTooltip02\">Last name</label>\n      <input type=\"text\" class=\"form-control\" id=\"validationTooltip02\" placeholder=\"Last name\" value=\"Otto\" required>\n      <div class=\"valid-tooltip\">\n        Looks good!\n      </div>\n    </div>\n    <div class=\"col-md-4 mb-3\">\n      <label for=\"validationTooltipUsername\">Username</label>\n      <div class=\"input-group\">\n        <div class=\"input-group-prepend\">\n          <span class=\"input-group-text\" id=\"validationTooltipUsernamePrepend\">@</span>\n        </div>\n        <input type=\"text\" class=\"form-control\" id=\"validationTooltipUsername\" placeholder=\"Username\" aria-describedby=\"validationTooltipUsernamePrepend\" required>\n        <div class=\"invalid-tooltip\">\n          Please choose a unique and valid username.\n        </div>\n      </div>\n    </div>\n  </div>\n  <div class=\"form-row\">\n    <div class=\"col-md-6 mb-3\">\n      <label for=\"validationTooltip03\">City</label>\n      <input type=\"text\" class=\"form-control\" id=\"validationTooltip03\" placeholder=\"City\" required>\n      <div class=\"invalid-tooltip\">\n        Please provide a valid city.\n      </div>\n    </div>\n    <div class=\"col-md-3 mb-3\">\n      <label for=\"validationTooltip04\">State</label>\n      <input type=\"text\" class=\"form-control\" id=\"validationTooltip04\" placeholder=\"State\" required>\n      <div class=\"invalid-tooltip\">\n        Please provide a valid state.\n      </div>\n    </div>\n    <div class=\"col-md-3 mb-3\">\n      <label for=\"validationTooltip05\">Zip</label>\n      <input type=\"text\" class=\"form-control\" id=\"validationTooltip05\" placeholder=\"Zip\" required>\n      <div class=\"invalid-tooltip\">\n        Please provide a valid zip.\n      </div>\n    </div>\n  </div>\n  <button class=\"btn btn-primary\" type=\"submit\">Submit form</button>\n</form>\n</div>\n{{include 'example' content=example}}\n\n## Custom forms\n\nFor even more customization and cross browser consistency, use our completely custom form elements to replace the browser defaults. They're built on top of semantic and accessible markup, so they're solid replacements for any default form control.\n\n### Checkboxes and radios\n\nEach checkbox and radio is wrapped in a `<div>` with a sibling `<span>` to create our custom control and a `<label>` for the accompanying text. Structurally, this is the same approach as our default `.form-check`.\n\nWe use the sibling selector (`~`) for all our `<input>` states—like `:checked`—to properly style our custom form indicator. When combined with the `.custom-control-label` class, we can also style the text for each item based on the `<input>`'s state.\n\nWe hide the default `<input>` with `opacity` and use the `.custom-control-label` to build a new custom form indicator in its place with `::before` and `::after`. Unfortunately we can't build a custom one from just the `<input>` because CSS's `content` doesn't work on that element.\n\nIn the checked states, we use **base64 embedded SVG icons** from [Open Iconic](https://useiconic.com/open). This provides us the best control for styling and positioning across browsers and devices.\n\n#### Checkboxes\n\n{{#capture 'example'}}\n<div class=\"custom-control custom-checkbox\">\n  <input type=\"checkbox\" class=\"custom-control-input\" id=\"customCheck1\">\n  <label class=\"custom-control-label\" for=\"customCheck1\">Check this custom checkbox</label>\n</div>\n</div>\n{{include 'example' content=example}}\n\nCustom checkboxes can also utilize the `:indeterminate` pseudo class when manually set via JavaScript (there is no available HTML attribute for specifying it).\n\n<div class=\"bd-example bd-example-indeterminate\">\n  <div class=\"custom-control custom-checkbox\">\n    <input type=\"checkbox\" class=\"custom-control-input\" id=\"customCheck2\">\n    <label class=\"custom-control-label\" for=\"customCheck2\">Check this custom checkbox</label>\n  </div>\n</div>\n\n<p>If you’re using jQuery, something like this should suffice:</p>\n<p><code>js\n$(&#39;.your-checkbox&#39;).prop(&#39;indeterminate&#39;, true)</code></p>\n<h4 id=\"radios\">Radios</h4>\n<p>{{#capture ‘example’}}</p>\n<div class=\"custom-control custom-radio\">\n  <input type=\"radio\" id=\"customRadio1\" name=\"customRadio\" class=\"custom-control-input\">\n  <label class=\"custom-control-label\" for=\"customRadio1\">Toggle this custom radio</label>\n</div>\n<div class=\"custom-control custom-radio\">\n  <input type=\"radio\" id=\"customRadio2\" name=\"customRadio\" class=\"custom-control-input\">\n  <label class=\"custom-control-label\" for=\"customRadio2\">Or toggle this other custom radio</label>\n</div>\n</div>\n{{include 'example' content=example}}\n\n#### Inline\n\n{{#capture 'example'}}\n<div class=\"custom-control custom-radio custom-control-inline\">\n  <input type=\"radio\" id=\"customRadioInline1\" name=\"customRadioInline1\" class=\"custom-control-input\">\n  <label class=\"custom-control-label\" for=\"customRadioInline1\">Toggle this custom radio</label>\n</div>\n<div class=\"custom-control custom-radio custom-control-inline\">\n  <input type=\"radio\" id=\"customRadioInline2\" name=\"customRadioInline1\" class=\"custom-control-input\">\n  <label class=\"custom-control-label\" for=\"customRadioInline2\">Or toggle this other custom radio</label>\n</div>\n</div>\n{{include 'example' content=example}}\n\n#### Disabled\n\nCustom checkboxes and radios can also be disabled. Add the `disabled` boolean attribute to the `<input>` and the custom indicator and label description will be automatically styled.\n\n{{#capture 'example'}}\n<div class=\"custom-control custom-checkbox\">\n  <input type=\"checkbox\" class=\"custom-control-input\" id=\"customCheckDisabled\" disabled>\n  <label class=\"custom-control-label\" for=\"customCheckDisabled\">Check this custom checkbox</label>\n</div>\n\n<p><div class=\"custom-control custom-radio\">\n  <input type=\"radio\" id=\"radio3\" name=\"radioDisabled\" id=\"customRadioDisabled\" class=\"custom-control-input\" disabled>\n  <label class=\"custom-control-label\" for=\"customRadioDisabled\">Toggle this custom radio</label></p>\n<p></div></p>\n<p></div>\n{{include ‘example’ content=example}}</p>\n<h3 id=\"select-menu\">Select menu</h3>\n<p>Custom <code>&lt;select&gt;</code> menus need only a custom class, <code>.custom-select</code> to trigger the custom styles.</p>\n<p>{{#capture ‘example’}}\n<select class=\"custom-select\">\n  <option selected>Open this select menu</option>\n  <option value=\"1\">One</option>\n  <option value=\"2\">Two</option>\n  <option value=\"3\">Three</option>\n</select></p>\n<p></div>\n{{include ‘example’ content=example}}</p>\n<p>You may also choose from small and large custom selects to match our similarly sized text inputs.</p>\n<p>{{#capture ‘example’}}\n<select class=\"custom-select custom-select-lg mb-3\">\n  <option selected>Open this select menu</option>\n  <option value=\"1\">One</option>\n  <option value=\"2\">Two</option>\n  <option value=\"3\">Three</option>\n</select></p>\n<p><select class=\"custom-select custom-select-sm\">\n  <option selected>Open this select menu</option>\n  <option value=\"1\">One</option>\n  <option value=\"2\">Two</option>\n  <option value=\"3\">Three</option>\n</select></p>\n<p></div>\n{{include ‘example’ content=example}}</p>\n<p>The <code>multiple</code> attribute is also supported:</p>\n<p>{{#capture ‘example’}}\n<select class=\"custom-select\" multiple>\n  <option selected>Open this select menu</option>\n  <option value=\"1\">One</option>\n  <option value=\"2\">Two</option>\n  <option value=\"3\">Three</option>\n</select></p>\n<p></div>\n{{include ‘example’ content=example}}</p>\n<p>As is the <code>size</code> attribute:</p>\n<p>{{#capture ‘example’}}\n<select class=\"custom-select\" size=\"3\">\n  <option selected>Open this select menu</option>\n  <option value=\"1\">One</option>\n  <option value=\"2\">Two</option>\n  <option value=\"3\">Three</option>\n</select></p>\n<p></div>\n{{include ‘example’ content=example}}</p>\n<h3 id=\"range\">Range</h3>\n<p>Create custom <code>&lt;input type=&quot;range&quot;&gt;</code> controls with <code>.custom-range</code>. The track (the background) and thumb (the value) are both styled to appear the same across browsers. As only IE and Firefox support “filling” their track from the left or right of the thumb as a means to visually indicate progress, we do not currently support it.</p>\n<p>{{#capture ‘example’}}\n<label for=\"customRange1\">Example range</label>\n<input type=\"range\" class=\"custom-range\" id=\"customRange1\"></p>\n<p></div>\n{{include ‘example’ content=example}}</p>\n<p>Range inputs have implicit values for <code>min</code> and <code>max</code>—<code>0</code> and <code>100</code>, respectively. You may specify new values for those using the <code>min</code> and <code>max</code> attributes.</p>\n<p>{{#capture ‘example’}}\n<label for=\"customRange2\">Example range</label>\n<input type=\"range\" class=\"custom-range\" min=\"0\" max=\"5\" id=\"customRange2\"></p>\n<p></div>\n{{include ‘example’ content=example}}</p>\n<p>By default, range inputs “snap” to integer values. To change this, you can specify a <code>step</code> value. In the example below, we double the number of steps by using <code>step=&quot;0.5&quot;</code>.</p>\n<p>{{#capture ‘example’}}\n<label for=\"customRange3\">Example range</label>\n<input type=\"range\" class=\"custom-range\" min=\"0\" max=\"5\" step=\"0.5\" id=\"customRange3\"></p>\n<p></div>\n{{include ‘example’ content=example}}</p>\n<h3 id=\"file-browser\">File browser</h3>\n<p>The file input is the most gnarly of the bunch and requires additional JavaScript if you’d like to hook them up with functional <em>Choose file…</em> and selected file name text.</p>\n<p>{{#capture ‘example’}}</p>\n<p><div class=\"custom-file\">\n  <input type=\"file\" class=\"custom-file-input\" id=\"customFile\">\n  <label class=\"custom-file-label\" for=\"customFile\">Choose file</label></p>\n<p></div></p>\n<p></div>\n{{include ‘example’ content=example}}</p>\n<p>We hide the default file <code>&lt;input&gt;</code> via <code>opacity</code> and instead style the <code>&lt;label&gt;</code>. The button is generated and positioned with <code>::after</code>. Lastly, we declare a <code>width</code> and <code>height</code> on the <code>&lt;input&gt;</code> for proper spacing for surrounding content.</p>\n<h4 id=\"translating-or-customizing-the-strings\">Translating or customizing the strings</h4>\n<p>The <a href=\"https://developer.mozilla.org/en-US/docs/Web/CSS/:lang\"><code>:lang()</code> pseudo-class</a> is used to allow for translation of the “Browse” text into other languages. Override or add entries to the <code>$custom-file-text</code> Sass variable with the relevant <a href=\"https://en.wikipedia.org/wiki/IETF_language_tag\">language tag</a> and localized strings. The English strings can be customized the same way. For example, here’s how one might add a Spanish translation (Spanish’s language code is <code>es</code>):</p>\n<p><code>scss\n$custom-file-text: (\n  en: &quot;Browse&quot;,\n  es: &quot;Elegir&quot;\n);</code></p>\n<p>Here’s <code>lang(es)</code> in action on the custom file input for a Spanish translation:</p>\n<p>{{#capture ‘example’}}</p>\n<p><div class=\"custom-file\">\n  <input type=\"file\" class=\"custom-file-input\" id=\"customFileLang\" lang=\"es\">\n  <label class=\"custom-file-label\" for=\"customFileLang\">Seleccionar Archivo</label></p>\n<p></div></p>\n<p></div>\n{{include ‘example’ content=example}}</p>\n<p>You’ll need to set the language of your document (or subtree thereof) correctly in order for the correct text to be shown. This can be done using <a href=\"https://developer.mozilla.org/en-US/docs/Web/HTML/Global_attributes/lang\">the <code>lang</code> attribute</a> on the <code>&lt;html&gt;</code> element or the <a href=\"https://www.w3.org/Protocols/rfc2616/rfc2616-sec14.html#sec11.02\"><code>Content-Language</code> HTTP header</a>, among other methods.</p>\n","updatedAt":"2018-06-06T20:04:50.000Z"}