{"layout":"docs","title":"Input group","description":"Easily extend form controls by adding text, buttons, or button groups on either side of textual inputs, custom selects, and custom file inputs.","group":"components","toc":true,"body":"<h2 id=\"basic-example\">Basic example</h2>\n<p>Place one add-on or button on either side of an input. You may also place one on both sides of an input. Remember to place <code>&lt;label&gt;</code>s outside the input group.</p>\n<p>{{#capture ‘example’}}</p>\n<div class=\"input-group mb-3\">\n  <div class=\"input-group-prepend\">\n    <span class=\"input-group-text\" id=\"basic-addon1\">@</span>\n  </div>\n  <input type=\"text\" class=\"form-control\" placeholder=\"Username\" aria-label=\"Username\" aria-describedby=\"basic-addon1\">\n</div>\n\n<div class=\"input-group mb-3\">\n  <input type=\"text\" class=\"form-control\" placeholder=\"Recipient's username\" aria-label=\"Recipient's username\" aria-describedby=\"basic-addon2\">\n  <div class=\"input-group-append\">\n    <span class=\"input-group-text\" id=\"basic-addon2\">@example.com</span>\n  </div>\n</div>\n\n<p><label for=\"basic-url\">Your vanity URL</label></p>\n<div class=\"input-group mb-3\">\n  <div class=\"input-group-prepend\">\n    <span class=\"input-group-text\" id=\"basic-addon3\">https://example.com/users/</span>\n  </div>\n  <input type=\"text\" class=\"form-control\" id=\"basic-url\" aria-describedby=\"basic-addon3\">\n</div>\n\n<div class=\"input-group mb-3\">\n  <div class=\"input-group-prepend\">\n    <span class=\"input-group-text\">$</span>\n  </div>\n  <input type=\"text\" class=\"form-control\" aria-label=\"Amount (to the nearest dollar)\">\n  <div class=\"input-group-append\">\n    <span class=\"input-group-text\">.00</span>\n  </div>\n</div>\n\n<div class=\"input-group\">\n  <div class=\"input-group-prepend\">\n    <span class=\"input-group-text\">With textarea</span>\n  </div>\n  <textarea class=\"form-control\" aria-label=\"With textarea\"></textarea>\n</div>\n</div>\n{{include 'example' content=example}}\n\n## Sizing\n\nAdd the relative form sizing classes to the `.input-group` itself and contents within will automatically resize—no need for repeating the form control size classes on each element.\n\n**Sizing on the individual input group elements isn't supported.**\n\n{{#capture 'example'}}\n<div class=\"input-group input-group-sm mb-3\">\n  <div class=\"input-group-prepend\">\n    <span class=\"input-group-text\" id=\"inputGroup-sizing-sm\">Small</span>\n  </div>\n  <input type=\"text\" class=\"form-control\" aria-label=\"Small\" aria-describedby=\"inputGroup-sizing-sm\">\n</div>\n\n<div class=\"input-group mb-3\">\n  <div class=\"input-group-prepend\">\n    <span class=\"input-group-text\" id=\"inputGroup-sizing-default\">Default</span>\n  </div>\n  <input type=\"text\" class=\"form-control\" aria-label=\"Default\" aria-describedby=\"inputGroup-sizing-default\">\n</div>\n\n<div class=\"input-group input-group-lg\">\n  <div class=\"input-group-prepend\">\n    <span class=\"input-group-text\" id=\"inputGroup-sizing-lg\">Large</span>\n  </div>\n  <input type=\"text\" class=\"form-control\" aria-label=\"Large\" aria-describedby=\"inputGroup-sizing-sm\">\n</div>\n</div>\n{{include 'example' content=example}}\n\n## Checkboxes and radios\n\nPlace any checkbox or radio option within an input group's addon instead of text.\n\n{{#capture 'example'}}\n<div class=\"input-group mb-3\">\n  <div class=\"input-group-prepend\">\n    <div class=\"input-group-text\">\n      <input type=\"checkbox\" aria-label=\"Checkbox for following text input\">\n    </div>\n  </div>\n  <input type=\"text\" class=\"form-control\" aria-label=\"Text input with checkbox\">\n</div>\n\n<div class=\"input-group\">\n  <div class=\"input-group-prepend\">\n    <div class=\"input-group-text\">\n    <input type=\"radio\" aria-label=\"Radio button for following text input\">\n    </div>\n  </div>\n  <input type=\"text\" class=\"form-control\" aria-label=\"Text input with radio button\">\n</div>\n</div>\n{{include 'example' content=example}}\n\n## Multiple inputs\n\nWhile multiple `<input>`s are supported visually, validation styles are only available for input groups with a single `<input>`.\n\n{{#capture 'example'}}\n<div class=\"input-group\">\n  <div class=\"input-group-prepend\">\n    <span class=\"input-group-text\" id=\"\">First and last name</span>\n  </div>\n  <input type=\"text\" class=\"form-control\">\n  <input type=\"text\" class=\"form-control\">\n</div>\n</div>\n{{include 'example' content=example}}\n\n## Multiple addons\n\nMultiple add-ons are supported and can be mixed with checkbox and radio input versions.\n\n{{#capture 'example'}}\n<div class=\"input-group mb-3\">\n  <div class=\"input-group-prepend\">\n    <span class=\"input-group-text\">$</span>\n    <span class=\"input-group-text\">0.00</span>\n  </div>\n  <input type=\"text\" class=\"form-control\" aria-label=\"Amount (to the nearest dollar)\">\n</div>\n\n<div class=\"input-group\">\n  <input type=\"text\" class=\"form-control\" aria-label=\"Amount (to the nearest dollar)\">\n  <div class=\"input-group-append\">\n    <span class=\"input-group-text\">$</span>\n    <span class=\"input-group-text\">0.00</span>\n  </div>\n</div>\n</div>\n{{include 'example' content=example}}\n\n## Button addons\n\n{{#capture 'example'}}\n<div class=\"input-group mb-3\">\n  <div class=\"input-group-prepend\">\n    <button class=\"btn btn-outline-secondary\" type=\"button\">Button</button>\n  </div>\n  <input type=\"text\" class=\"form-control\" placeholder=\"\" aria-label=\"\" aria-describedby=\"basic-addon1\">\n</div>\n\n<div class=\"input-group mb-3\">\n  <input type=\"text\" class=\"form-control\" placeholder=\"Recipient's username\" aria-label=\"Recipient's username\" aria-describedby=\"basic-addon2\">\n  <div class=\"input-group-append\">\n    <button class=\"btn btn-outline-secondary\" type=\"button\">Button</button>\n  </div>\n</div>\n\n<div class=\"input-group mb-3\">\n  <div class=\"input-group-prepend\">\n    <button class=\"btn btn-outline-secondary\" type=\"button\">Button</button>\n    <button class=\"btn btn-outline-secondary\" type=\"button\">Button</button>\n  </div>\n  <input type=\"text\" class=\"form-control\" placeholder=\"\" aria-label=\"\" aria-describedby=\"basic-addon1\">\n</div>\n\n<div class=\"input-group\">\n  <input type=\"text\" class=\"form-control\" placeholder=\"Recipient's username\" aria-label=\"Recipient's username\" aria-describedby=\"basic-addon2\">\n  <div class=\"input-group-append\">\n    <button class=\"btn btn-outline-secondary\" type=\"button\">Button</button>\n    <button class=\"btn btn-outline-secondary\" type=\"button\">Button</button>\n  </div>\n</div>\n</div>\n{{include 'example' content=example}}\n\n## Buttons with dropdowns\n\n{{#capture 'example'}}\n<div class=\"input-group mb-3\">\n  <div class=\"input-group-prepend\">\n    <button class=\"btn btn-outline-secondary dropdown-toggle\" type=\"button\" data-toggle=\"dropdown\" aria-haspopup=\"true\" aria-expanded=\"false\">Dropdown</button>\n    <div class=\"dropdown-menu\">\n      <a class=\"dropdown-item\" href=\"#\">Action</a>\n      <a class=\"dropdown-item\" href=\"#\">Another action</a>\n      <a class=\"dropdown-item\" href=\"#\">Something else here</a>\n      <div role=\"separator\" class=\"dropdown-divider\"></div>\n      <a class=\"dropdown-item\" href=\"#\">Separated link</a>\n    </div>\n  </div>\n  <input type=\"text\" class=\"form-control\" aria-label=\"Text input with dropdown button\">\n</div>\n\n<div class=\"input-group\">\n  <input type=\"text\" class=\"form-control\" aria-label=\"Text input with dropdown button\">\n  <div class=\"input-group-append\">\n    <button class=\"btn btn-outline-secondary dropdown-toggle\" type=\"button\" data-toggle=\"dropdown\" aria-haspopup=\"true\" aria-expanded=\"false\">Dropdown</button>\n    <div class=\"dropdown-menu\">\n      <a class=\"dropdown-item\" href=\"#\">Action</a>\n      <a class=\"dropdown-item\" href=\"#\">Another action</a>\n      <a class=\"dropdown-item\" href=\"#\">Something else here</a>\n      <div role=\"separator\" class=\"dropdown-divider\"></div>\n      <a class=\"dropdown-item\" href=\"#\">Separated link</a>\n    </div>\n  </div>\n</div>\n</div>\n{{include 'example' content=example}}\n\n## Segmented buttons\n\n{{#capture 'example'}}\n<div class=\"input-group mb-3\">\n  <div class=\"input-group-prepend\">\n    <button type=\"button\" class=\"btn btn-outline-secondary\">Action</button>\n    <button type=\"button\" class=\"btn btn-outline-secondary dropdown-toggle dropdown-toggle-split\" data-toggle=\"dropdown\" aria-haspopup=\"true\" aria-expanded=\"false\">\n      <span class=\"sr-only\">Toggle Dropdown</span>\n    </button>\n    <div class=\"dropdown-menu\">\n      <a class=\"dropdown-item\" href=\"#\">Action</a>\n      <a class=\"dropdown-item\" href=\"#\">Another action</a>\n      <a class=\"dropdown-item\" href=\"#\">Something else here</a>\n      <div role=\"separator\" class=\"dropdown-divider\"></div>\n      <a class=\"dropdown-item\" href=\"#\">Separated link</a>\n    </div>\n  </div>\n  <input type=\"text\" class=\"form-control\" aria-label=\"Text input with segmented dropdown button\">\n</div>\n\n<div class=\"input-group\">\n  <input type=\"text\" class=\"form-control\" aria-label=\"Text input with segmented dropdown button\">\n  <div class=\"input-group-append\">\n    <button type=\"button\" class=\"btn btn-outline-secondary\">Action</button>\n    <button type=\"button\" class=\"btn btn-outline-secondary dropdown-toggle dropdown-toggle-split\" data-toggle=\"dropdown\" aria-haspopup=\"true\" aria-expanded=\"false\">\n      <span class=\"sr-only\">Toggle Dropdown</span>\n    </button>\n    <div class=\"dropdown-menu\">\n      <a class=\"dropdown-item\" href=\"#\">Action</a>\n      <a class=\"dropdown-item\" href=\"#\">Another action</a>\n      <a class=\"dropdown-item\" href=\"#\">Something else here</a>\n      <div role=\"separator\" class=\"dropdown-divider\"></div>\n      <a class=\"dropdown-item\" href=\"#\">Separated link</a>\n    </div>\n  </div>\n</div>\n</div>\n{{include 'example' content=example}}\n\n## Custom forms\n\nInput groups include support for custom selects and custom file inputs. Browser default versions of these are not supported.\n\n### Custom select\n\n{{#capture 'example'}}\n<div class=\"input-group mb-3\">\n  <div class=\"input-group-prepend\">\n    <label class=\"input-group-text\" for=\"inputGroupSelect01\">Options</label>\n  </div>\n  <select class=\"custom-select\" id=\"inputGroupSelect01\">\n    <option selected>Choose...</option>\n    <option value=\"1\">One</option>\n    <option value=\"2\">Two</option>\n    <option value=\"3\">Three</option>\n  </select>\n</div>\n\n<div class=\"input-group mb-3\">\n  <select class=\"custom-select\" id=\"inputGroupSelect02\">\n    <option selected>Choose...</option>\n    <option value=\"1\">One</option>\n    <option value=\"2\">Two</option>\n    <option value=\"3\">Three</option>\n  </select>\n  <div class=\"input-group-append\">\n    <label class=\"input-group-text\" for=\"inputGroupSelect02\">Options</label>\n  </div>\n</div>\n\n<div class=\"input-group mb-3\">\n  <div class=\"input-group-prepend\">\n    <button class=\"btn btn-outline-secondary\" type=\"button\">Button</button>\n  </div>\n  <select class=\"custom-select\" id=\"inputGroupSelect03\">\n    <option selected>Choose...</option>\n    <option value=\"1\">One</option>\n    <option value=\"2\">Two</option>\n    <option value=\"3\">Three</option>\n  </select>\n</div>\n\n<div class=\"input-group\">\n  <select class=\"custom-select\" id=\"inputGroupSelect04\">\n    <option selected>Choose...</option>\n    <option value=\"1\">One</option>\n    <option value=\"2\">Two</option>\n    <option value=\"3\">Three</option>\n  </select>\n  <div class=\"input-group-append\">\n    <button class=\"btn btn-outline-secondary\" type=\"button\">Button</button>\n  </div>\n</div>\n</div>\n{{include 'example' content=example}}\n\n### Custom file input\n\n{{#capture 'example'}}\n<div class=\"input-group mb-3\">\n  <div class=\"input-group-prepend\">\n    <span class=\"input-group-text\">Upload</span>\n  </div>\n  <div class=\"custom-file\">\n    <input type=\"file\" class=\"custom-file-input\" id=\"inputGroupFile01\">\n    <label class=\"custom-file-label\" for=\"inputGroupFile01\">Choose file</label>\n  </div>\n</div>\n\n<div class=\"input-group mb-3\">\n  <div class=\"custom-file\">\n    <input type=\"file\" class=\"custom-file-input\" id=\"inputGroupFile02\">\n    <label class=\"custom-file-label\" for=\"inputGroupFile02\">Choose file</label>\n  </div>\n  <div class=\"input-group-append\">\n    <span class=\"input-group-text\" id=\"\">Upload</span>\n  </div>\n</div>\n\n<div class=\"input-group mb-3\">\n  <div class=\"input-group-prepend\">\n    <button class=\"btn btn-outline-secondary\" type=\"button\">Button</button>\n  </div>\n  <div class=\"custom-file\">\n    <input type=\"file\" class=\"custom-file-input\" id=\"inputGroupFile03\">\n    <label class=\"custom-file-label\" for=\"inputGroupFile03\">Choose file</label>\n  </div>\n</div>\n\n<p><div class=\"input-group\">\n  <div class=\"custom-file\">\n    <input type=\"file\" class=\"custom-file-input\" id=\"inputGroupFile04\">\n    <label class=\"custom-file-label\" for=\"inputGroupFile04\">Choose file</label>\n  </div>\n  <div class=\"input-group-append\">\n    <button class=\"btn btn-outline-secondary\" type=\"button\">Button</button>\n  </div></p>\n<p></div></p>\n<p></div>\n{{include ‘example’ content=example}}</p>\n<h2 id=\"accessibility\">Accessibility</h2>\n<p>Screen readers will have trouble with your forms if you don’t include a label for every input. For these input groups, ensure that any additional label or functionality is conveyed to assistive technologies.</p>\n<p>The exact technique to be used (<code>&lt;label&gt;</code> elements hidden using the <code>.sr-only</code> class, or use of the <code>aria-label</code> and <code>aria-labelledby</code> attributes, possibly in combination with <code>aria-describedby</code>) and what additional information will need to be conveyed will vary depending on the exact type of interface widget you’re implementing. The examples in this section provide a few suggested, case-specific approaches.</p>\n","updatedAt":"2018-06-06T20:04:50.000Z"}