{"layout":"docs","title":"Navs","description":"Documentation and examples for how to use framekit's included navigation components.","group":"components","toc":true,"body":"<h2 id=\"base-nav\">Base nav</h2>\n<p>Navigation available in framekit share general markup and styles, from the base <code>.nav</code> class to the active and disabled states. Swap modifier classes to switch between each style.</p>\n<p>The base <code>.nav</code> component is built with flexbox and provide a strong foundation for building all types of navigation components. It includes some style overrides (for working with lists), some link padding for larger hit areas, and basic disabled styling.</p>\n<div class=\"bd-callout bd-callout-warning\">\nThe base `.nav` component does not include any `.active` state. The following examples include the class, mainly to demonstrate that this particular class does not trigger any special styling.\n</div>\n\n\n<p>{{#capture ‘example’}}</p>\n<ul class=\"nav\">\n  <li class=\"nav-item\">\n    <a class=\"nav-link active\" href=\"#\">Active</a>\n  </li>\n  <li class=\"nav-item\">\n    <a class=\"nav-link\" href=\"#\">Link</a>\n  </li>\n  <li class=\"nav-item\">\n    <a class=\"nav-link\" href=\"#\">Link</a>\n  </li>\n  <li class=\"nav-item\">\n    <a class=\"nav-link disabled\" href=\"#\">Disabled</a>\n  </li>\n</ul>\n</div>\n{{include 'example' content=example}}\n\nClasses are used throughout, so your markup can be super flexible. Use `<ul>`s like above, or roll your own with say a `<nav>` element. Because the `.nav` uses `display: flex`, the nav links behave the same as nav items would, but without the extra markup.\n\n{{#capture 'example'}}\n<nav class=\"nav\">\n  <a class=\"nav-link active\" href=\"#\">Active</a>\n  <a class=\"nav-link\" href=\"#\">Link</a>\n  <a class=\"nav-link\" href=\"#\">Link</a>\n  <a class=\"nav-link disabled\" href=\"#\">Disabled</a>\n</nav>\n</div>\n{{include 'example' content=example}}\n\n## Available styles\n\nChange the style of `.nav`s component with modifiers and utilities. Mix and match as needed, or build your own.\n\n### Horizontal alignment\n\nChange the horizontal alignment of your nav with [flexbox utilities]({{ shared.baseurl }}/docs/{{ shared.docs_version }}/layout/grid/#horizontal-alignment). By default, navs are left-aligned, but you can easily change them to center or right aligned.\n\nCentered with `.justify-content-center`:\n\n{{#capture 'example'}}\n<ul class=\"nav justify-content-center\">\n  <li class=\"nav-item\">\n    <a class=\"nav-link active\" href=\"#\">Active</a>\n  </li>\n  <li class=\"nav-item\">\n    <a class=\"nav-link\" href=\"#\">Link</a>\n  </li>\n  <li class=\"nav-item\">\n    <a class=\"nav-link\" href=\"#\">Link</a>\n  </li>\n  <li class=\"nav-item\">\n    <a class=\"nav-link disabled\" href=\"#\">Disabled</a>\n  </li>\n</ul>\n</div>\n{{include 'example' content=example}}\n\nRight-aligned with `.justify-content-end`:\n\n{{#capture 'example'}}\n<ul class=\"nav justify-content-end\">\n  <li class=\"nav-item\">\n    <a class=\"nav-link active\" href=\"#\">Active</a>\n  </li>\n  <li class=\"nav-item\">\n    <a class=\"nav-link\" href=\"#\">Link</a>\n  </li>\n  <li class=\"nav-item\">\n    <a class=\"nav-link\" href=\"#\">Link</a>\n  </li>\n  <li class=\"nav-item\">\n    <a class=\"nav-link disabled\" href=\"#\">Disabled</a>\n  </li>\n</ul>\n</div>\n{{include 'example' content=example}}\n\n### Vertical\n\nStack your navigation by changing the flex item direction with the `.flex-column` utility. Need to stack them on some viewports but not others? Use the responsive versions (e.g., `.flex-sm-column`).\n\n{{#capture 'example'}}\n<ul class=\"nav flex-column\">\n  <li class=\"nav-item\">\n    <a class=\"nav-link active\" href=\"#\">Active</a>\n  </li>\n  <li class=\"nav-item\">\n    <a class=\"nav-link\" href=\"#\">Link</a>\n  </li>\n  <li class=\"nav-item\">\n    <a class=\"nav-link\" href=\"#\">Link</a>\n  </li>\n  <li class=\"nav-item\">\n    <a class=\"nav-link disabled\" href=\"#\">Disabled</a>\n  </li>\n</ul>\n</div>\n{{include 'example' content=example}}\n\nAs always, vertical navigation is possible without `<ul>`s, too.\n\n{{#capture 'example'}}\n<nav class=\"nav flex-column\">\n  <a class=\"nav-link active\" href=\"#\">Active</a>\n  <a class=\"nav-link\" href=\"#\">Link</a>\n  <a class=\"nav-link\" href=\"#\">Link</a>\n  <a class=\"nav-link disabled\" href=\"#\">Disabled</a>\n</nav>\n</div>\n{{include 'example' content=example}}\n\n### Tabs\n\nTakes the basic nav from above and adds the `.nav-tabs` class to generate a tabbed interface. Use them to create tabbable regions with our [tab JavaScript plugin](#javascript-behavior).\n\n{{#capture 'example'}}\n<ul class=\"nav nav-tabs\">\n  <li class=\"nav-item\">\n    <a class=\"nav-link active\" href=\"#\">Active</a>\n  </li>\n  <li class=\"nav-item\">\n    <a class=\"nav-link\" href=\"#\">Link</a>\n  </li>\n  <li class=\"nav-item\">\n    <a class=\"nav-link\" href=\"#\">Link</a>\n  </li>\n  <li class=\"nav-item\">\n    <a class=\"nav-link disabled\" href=\"#\">Disabled</a>\n  </li>\n</ul>\n</div>\n{{include 'example' content=example}}\n\n### Pills\n\nTake that same HTML, but use `.nav-pills` instead:\n\n{{#capture 'example'}}\n<ul class=\"nav nav-pills\">\n  <li class=\"nav-item\">\n    <a class=\"nav-link active\" href=\"#\">Active</a>\n  </li>\n  <li class=\"nav-item\">\n    <a class=\"nav-link\" href=\"#\">Link</a>\n  </li>\n  <li class=\"nav-item\">\n    <a class=\"nav-link\" href=\"#\">Link</a>\n  </li>\n  <li class=\"nav-item\">\n    <a class=\"nav-link disabled\" href=\"#\">Disabled</a>\n  </li>\n</ul>\n</div>\n{{include 'example' content=example}}\n\n### Fill and justify\n\nForce your `.nav`'s contents to extend the full available width one of two modifier classes. To proportionately fill all available space with your `.nav-item`s, use `.nav-fill`. Notice that all horizontal space is occupied, but not every nav item has the same width.\n\n{{#capture 'example'}}\n<ul class=\"nav nav-pills nav-fill\">\n  <li class=\"nav-item\">\n    <a class=\"nav-link active\" href=\"#\">Active</a>\n  </li>\n  <li class=\"nav-item\">\n    <a class=\"nav-link\" href=\"#\">Longer nav link</a>\n  </li>\n  <li class=\"nav-item\">\n    <a class=\"nav-link\" href=\"#\">Link</a>\n  </li>\n  <li class=\"nav-item\">\n    <a class=\"nav-link disabled\" href=\"#\">Disabled</a>\n  </li>\n</ul>\n</div>\n{{include 'example' content=example}}\n\nWhen using a `<nav>`-based navigation, be sure to include `.nav-item` on the anchors.\n\n{{#capture 'example'}}\n<nav class=\"nav nav-pills nav-fill\">\n  <a class=\"nav-item nav-link active\" href=\"#\">Active</a>\n  <a class=\"nav-item nav-link\" href=\"#\">Link</a>\n  <a class=\"nav-item nav-link\" href=\"#\">Link</a>\n  <a class=\"nav-item nav-link disabled\" href=\"#\">Disabled</a>\n</nav>\n</div>\n{{include 'example' content=example}}\n\nFor equal-width elements, use `.nav-justified`. All horizontal space will be occupied by nav links, but unlike the `.nav-fill` above, every nav item will be the same width.\n\n{{#capture 'example'}}\n<nav class=\"nav nav-pills nav-justified\">\n  <a class=\"nav-link active\" href=\"#\">Active</a>\n  <a class=\"nav-link\" href=\"#\">Longer nav link</a>\n  <a class=\"nav-link\" href=\"#\">Link</a>\n  <a class=\"nav-link disabled\" href=\"#\">Disabled</a>\n</nav>\n</div>\n{{include 'example' content=example}}\n\nSimilar to the `.nav-fill` example using a `<nav>`-based navigation, be sure to include `.nav-item` on the anchors.\n\n{{#capture 'example'}}\n<nav class=\"nav nav-pills nav-justified\">\n  <a class=\"nav-item nav-link active\" href=\"#\">Active</a>\n  <a class=\"nav-item nav-link\" href=\"#\">Link</a>\n  <a class=\"nav-item nav-link\" href=\"#\">Link</a>\n  <a class=\"nav-item nav-link disabled\" href=\"#\">Disabled</a>\n</nav>\n\n</div>\n{{include 'example' content=example}}\n## Working with flex utilities\n\nIf you need responsive nav variations, consider using a series of [flexbox utilities]({{ shared.baseurl }}/docs/{{ shared.docs_version }}/utilities/flex/). While more verbose, these utilities offer greater customization across responsive breakpoints. In the example below, our nav will be stacked on the lowest breakpoint, then adapt to a horizontal layout that fills the available width starting from the small breakpoint.\n\n{{#capture 'example'}}\n<nav class=\"nav nav-pills flex-column flex-sm-row\">\n  <a class=\"flex-sm-fill text-sm-center nav-link active\" href=\"#\">Active</a>\n  <a class=\"flex-sm-fill text-sm-center nav-link\" href=\"#\">Link</a>\n  <a class=\"flex-sm-fill text-sm-center nav-link\" href=\"#\">Link</a>\n  <a class=\"flex-sm-fill text-sm-center nav-link disabled\" href=\"#\">Disabled</a>\n</nav>\n</div>\n{{include 'example' content=example}}\n\n## Regarding accessibility\n\nIf you're using navs to provide a navigation bar, be sure to add a `role=\"navigation\"` to the most logical parent container of the `<ul>`, or wrap a `<nav>` element around the whole navigation. Do not add the role to the `<ul>` itself, as this would prevent it from being announced as an actual list by assistive technologies.\n\nNote that navigation bars, even if visually styled as tabs with the `.nav-tabs` class, should **not** be given `role=\"tablist\"`, `role=\"tab\"` or `role=\"tabpanel\"` attributes. These are only appropriate for dynamic tabbed interfaces, as described in the [<abbr title=\"Web Accessibility Initiative\">WAI</abbr> <abbr title=\"Accessible Rich Internet Applications\">ARIA</abbr> Authoring Practices](https://www.w3.org/TR/wai-aria-practices/#tabpanel). See [JavaScript behavior](#javascript-behavior) for dynamic tabbed interfaces in this section for an example.\n\n## Using dropdowns\n\nAdd dropdown menus with a little extra HTML and the [dropdowns JavaScript plugin]({{ shared.baseurl }}/docs/{{ shared.docs_version }}/components/dropdowns/#usage).\n\n### Tabs with dropdowns\n\n{{#capture 'example'}}\n<ul class=\"nav nav-tabs\">\n  <li class=\"nav-item\">\n    <a class=\"nav-link active\" href=\"#\">Active</a>\n  </li>\n  <li class=\"nav-item dropdown\">\n    <a class=\"nav-link dropdown-toggle\" data-toggle=\"dropdown\" href=\"#\" role=\"button\" aria-haspopup=\"true\" aria-expanded=\"false\">Dropdown</a>\n    <div class=\"dropdown-menu\">\n      <a class=\"dropdown-item\" href=\"#\">Action</a>\n      <a class=\"dropdown-item\" href=\"#\">Another action</a>\n      <a class=\"dropdown-item\" href=\"#\">Something else here</a>\n      <div class=\"dropdown-divider\"></div>\n      <a class=\"dropdown-item\" href=\"#\">Separated link</a>\n    </div>\n  </li>\n  <li class=\"nav-item\">\n    <a class=\"nav-link\" href=\"#\">Link</a>\n  </li>\n  <li class=\"nav-item\">\n    <a class=\"nav-link disabled\" href=\"#\">Disabled</a>\n  </li>\n</ul>\n</div>\n{{include 'example' content=example}}\n\n### Pills with dropdowns\n\n{{#capture 'example'}}\n<ul class=\"nav nav-pills\">\n  <li class=\"nav-item\">\n    <a class=\"nav-link active\" href=\"#\">Active</a>\n  </li>\n  <li class=\"nav-item dropdown\">\n    <a class=\"nav-link dropdown-toggle\" data-toggle=\"dropdown\" href=\"#\" role=\"button\" aria-haspopup=\"true\" aria-expanded=\"false\">Dropdown</a>\n    <div class=\"dropdown-menu\">\n      <a class=\"dropdown-item\" href=\"#\">Action</a>\n      <a class=\"dropdown-item\" href=\"#\">Another action</a>\n      <a class=\"dropdown-item\" href=\"#\">Something else here</a>\n      <div class=\"dropdown-divider\"></div>\n      <a class=\"dropdown-item\" href=\"#\">Separated link</a>\n    </div>\n  </li>\n  <li class=\"nav-item\">\n    <a class=\"nav-link\" href=\"#\">Link</a>\n  </li>\n  <li class=\"nav-item\">\n    <a class=\"nav-link disabled\" href=\"#\">Disabled</a>\n  </li>\n</ul>\n</div>\n{{include 'example' content=example}}\n\n## JavaScript behavior\n\nUse the tab JavaScript plugin—include it individually or through the compiled `framekit.js` file—to extend our navigational tabs and pills to create tabbable panes of local content, even via dropdown menus.\n\nIf you're building our JavaScript from source, it [requires `util.js`]({{ shared.baseurl }}/docs/{{ shared.docs_version }}/getting-started/javascript/#util).\n\nDynamic tabbed interfaces, as described in the [<abbr title=\"Web Accessibility Initiative\">WAI</abbr> <abbr title=\"Accessible Rich Internet Applications\">ARIA</abbr> Authoring Practices](https://www.w3.org/TR/wai-aria-practices/#tabpanel), require `role=\"tablist\"`, `role=\"tab\"`, `role=\"tabpanel\"`, and additional `aria-` attributes in order to convey their structure, functionality and current state to users of assistive technologies (such as screen readers).\n\nNote that dynamic tabbed interfaces should <em>not</em> contain dropdown menus, as this causes both usability and accessibility issues. From a usability perspective, the fact that the currently displayed tab's trigger element is not immediately visible (as it's inside the closed dropdown menu) can cause confusion. From an accessibility point of view, there is currently no sensible way to map this sort of construct to a standard WAI ARIA pattern, meaning that it cannot be easily made understandable to users of assistive technologies.\n\n<div class=\"bd-example bd-example-tabs\">\n  <ul class=\"nav nav-tabs\" id=\"myTab\" role=\"tablist\">\n    <li class=\"nav-item\">\n      <a class=\"nav-link active\" id=\"home-tab\" data-toggle=\"tab\" href=\"#home\" role=\"tab\" aria-controls=\"home\" aria-selected=\"true\">Home</a>\n    </li>\n    <li class=\"nav-item\">\n      <a class=\"nav-link\" id=\"profile-tab\" data-toggle=\"tab\" href=\"#profile\" role=\"tab\" aria-controls=\"profile\" aria-selected=\"false\">Profile</a>\n    </li>\n    <li class=\"nav-item\">\n      <a class=\"nav-link\" id=\"contact-tab\" data-toggle=\"tab\" href=\"#contact\" role=\"tab\" aria-controls=\"contact\" aria-selected=\"false\">Contact</a>\n    </li>\n  </ul>\n  <div class=\"tab-content\" id=\"myTabContent\">\n    <div class=\"tab-pane fade show active\" id=\"home\" role=\"tabpanel\" aria-labelledby=\"home-tab\">\n      <p>Raw denim you probably haven't heard of them jean shorts Austin. Nesciunt tofu stumptown aliqua, retro synth master cleanse. Mustache cliche tempor, williamsburg carles vegan helvetica. Reprehenderit butcher retro keffiyeh dreamcatcher synth. Cosby sweater eu banh mi, qui irure terry richardson ex squid. Aliquip placeat salvia cillum iphone. Seitan aliquip quis cardigan american apparel, butcher voluptate nisi qui.</p>\n    </div>\n    <div class=\"tab-pane fade\" id=\"profile\" role=\"tabpanel\" aria-labelledby=\"profile-tab\">\n      <p>Food truck fixie locavore, accusamus mcsweeney's marfa a single-origin coffee squid. Exercitation +1 labore velit, blog sartorial PBR leggings next level wes anderson artisan four loko farm-to-table craft beer twee. Qui photo booth letterpress, commodo enim craft beer mlkshk aliquip jean shorts ullamco ad vinyl cillum PBR. Homo nostrud organic, assumenda labore aesthetic magna delectus mollit. Keytar helvetica VHS salvia yr, vero magna velit sapiente labore stumptown. Vegan fanny pack odio cillum wes anderson 8-bit, sustainable jean shorts beard ut DIY ethical culpa terry richardson biodiesel. Art party scenester stumptown, tumblr butcher vero sint qui sapiente accusamus tattooed echo park.</p>\n    </div>\n    <div class=\"tab-pane fade\" id=\"contact\" role=\"tabpanel\" aria-labelledby=\"contact-tab\">\n      <p>Etsy mixtape wayfarers, ethical wes anderson tofu before they sold out mcsweeney's organic lomo retro fanny pack lo-fi farm-to-table readymade. Messenger bag gentrify pitchfork tattooed craft beer, iphone skateboard locavore carles etsy salvia banksy hoodie helvetica. DIY synth PBR banksy irony. Leggings gentrify squid 8-bit cred pitchfork. Williamsburg banh mi whatever gluten-free, carles pitchfork biodiesel fixie etsy retro mlkshk vice blog. Scenester cred you probably haven't heard of them, vinyl craft beer blog stumptown. Pitchfork sustainable tofu synth chambray yr.</p>\n    </div>\n  </div>\n</div>\n\n```html\n<ul class=\"nav nav-tabs\" id=\"myTab\" role=\"tablist\">\n  <li class=\"nav-item\">\n    <a class=\"nav-link active\" id=\"home-tab\" data-toggle=\"tab\" href=\"#home\" role=\"tab\" aria-controls=\"home\" aria-selected=\"true\">Home</a>\n  </li>\n  <li class=\"nav-item\">\n    <a class=\"nav-link\" id=\"profile-tab\" data-toggle=\"tab\" href=\"#profile\" role=\"tab\" aria-controls=\"profile\" aria-selected=\"false\">Profile</a>\n  </li>\n  <li class=\"nav-item\">\n    <a class=\"nav-link\" id=\"contact-tab\" data-toggle=\"tab\" href=\"#contact\" role=\"tab\" aria-controls=\"contact\" aria-selected=\"false\">Contact</a>\n  </li>\n</ul>\n<div class=\"tab-content\" id=\"myTabContent\">\n  <div class=\"tab-pane fade show active\" id=\"home\" role=\"tabpanel\" aria-labelledby=\"home-tab\">...</div>\n  <div class=\"tab-pane fade\" id=\"profile\" role=\"tabpanel\" aria-labelledby=\"profile-tab\">...</div>\n  <div class=\"tab-pane fade\" id=\"contact\" role=\"tabpanel\" aria-labelledby=\"contact-tab\">...</div>\n</div>\n```\n\nTo help fit your needs, this works with `<ul>`-based markup, as shown above, or with any arbitrary \"roll your own\" markup. Note that if you're using `<nav>`, you shouldn't add `role=\"tablist\"` directly to it, as this would override the element's native role as a navigation landmark. Instead, switch to an alternative element (in the example below, a simple `<div>`) and wrap the `<nav>` around it.\n\n<div class=\"bd-example bd-example-tabs\">\n  <nav>\n    <div class=\"nav nav-tabs\" id=\"nav-tab\" role=\"tablist\">\n      <a class=\"nav-item nav-link active\" id=\"nav-home-tab\" data-toggle=\"tab\" href=\"#nav-home\" role=\"tab\" aria-controls=\"nav-home\" aria-selected=\"true\">Home</a>\n      <a class=\"nav-item nav-link\" id=\"nav-profile-tab\" data-toggle=\"tab\" href=\"#nav-profile\" role=\"tab\" aria-controls=\"nav-profile\" aria-selected=\"false\">Profile</a>\n      <a class=\"nav-item nav-link\" id=\"nav-contact-tab\" data-toggle=\"tab\" href=\"#nav-contact\" role=\"tab\" aria-controls=\"nav-contact\" aria-selected=\"false\">Contact</a>\n    </div>\n  </nav>\n  <div class=\"tab-content\" id=\"nav-tabContent\">\n    <div class=\"tab-pane fade show active\" id=\"nav-home\" role=\"tabpanel\" aria-labelledby=\"nav-home-tab\">\n      <p>Et et consectetur ipsum labore excepteur est proident excepteur ad velit occaecat qui minim occaecat veniam. Fugiat veniam incididunt anim aliqua enim pariatur veniam sunt est aute sit dolor anim. Velit non irure adipisicing aliqua ullamco irure incididunt irure non esse consectetur nostrud minim non minim occaecat. Amet duis do nisi duis veniam non est eiusmod tempor incididunt tempor dolor ipsum in qui sit. Exercitation mollit sit culpa nisi culpa non adipisicing reprehenderit do dolore. Duis reprehenderit occaecat anim ullamco ad duis occaecat ex.</p>\n    </div>\n    <div class=\"tab-pane fade\" id=\"nav-profile\" role=\"tabpanel\" aria-labelledby=\"nav-profile-tab\">\n      <p>Nulla est ullamco ut irure incididunt a Lorem Lorem minim irure officia enim reprehenderit. Magna duis labore cillum sint adipisicing exercitation ipsum. Nostrud ut anim non exercitation velit laboris fugiat cupidatat. Commodo esse dolore fugiat sint velit ullamco magna consequat voluptate minim amet aliquip ipsum aute laboris nisi. Labore labore veniam irure irure ipsum pariatur mollit magna in cupidatat dolore magna irure esse tempor ad mollit. Dolore commodo a minim amet ipsum officia consectetur amet ullamco voluptate nisi commodo ea sit eu.</p>\n    </div>\n    <div class=\"tab-pane fade\" id=\"nav-contact\" role=\"tabpanel\" aria-labelledby=\"nav-contact-tab\">\n      <p>Sint sit mollit irure quis est nostrud cillum consequat Lorem esse do quis dolor esse fugiat sunt do. Eu ex commodo veniam Lorem aliquip laborum occaecat qui Lorem esse mollit dolore anim cupidatat. Deserunt officia id Lorem nostrud aute id commodo elit eiusmod enim irure amet eiusmod qui reprehenderit nostrud tempor. Fugiat ipsum excepteur in aliqua non et quis aliquip ad irure in labore cillum elit enim. Consequat aliquip incididunt ipsum et minim laborum laborum laborum et cillum labore. Deserunt adipisicing cillum id a minim nostrud labore eiusmod et amet. Laboris consequat consequat commodo non ut non aliquip reprehenderit a anim occaecat. Sunt sit ullamco reprehenderit irure ea ullamco Lorem aute nostrud magna.</p>\n    </div>\n  </div>\n</div>\n\n```html\n<nav>\n  <div class=\"nav nav-tabs\" id=\"nav-tab\" role=\"tablist\">\n    <a class=\"nav-item nav-link active\" id=\"nav-home-tab\" data-toggle=\"tab\" href=\"#nav-home\" role=\"tab\" aria-controls=\"nav-home\" aria-selected=\"true\">Home</a>\n    <a class=\"nav-item nav-link\" id=\"nav-profile-tab\" data-toggle=\"tab\" href=\"#nav-profile\" role=\"tab\" aria-controls=\"nav-profile\" aria-selected=\"false\">Profile</a>\n    <a class=\"nav-item nav-link\" id=\"nav-contact-tab\" data-toggle=\"tab\" href=\"#nav-contact\" role=\"tab\" aria-controls=\"nav-contact\" aria-selected=\"false\">Contact</a>\n  </div>\n</nav>\n<div class=\"tab-content\" id=\"nav-tabContent\">\n  <div class=\"tab-pane fade show active\" id=\"nav-home\" role=\"tabpanel\" aria-labelledby=\"nav-home-tab\">...</div>\n  <div class=\"tab-pane fade\" id=\"nav-profile\" role=\"tabpanel\" aria-labelledby=\"nav-profile-tab\">...</div>\n  <div class=\"tab-pane fade\" id=\"nav-contact\" role=\"tabpanel\" aria-labelledby=\"nav-contact-tab\">...</div>\n</div>\n```\n\nThe tabs plugin also works with pills.\n\n<div class=\"bd-example bd-example-tabs\">\n  <ul class=\"nav nav-pills mb-3\" id=\"pills-tab\" role=\"tablist\">\n    <li class=\"nav-item\">\n      <a class=\"nav-link active\" id=\"pills-home-tab\" data-toggle=\"pill\" href=\"#pills-home\" role=\"tab\" aria-controls=\"pills-home\" aria-selected=\"true\">Home</a>\n    </li>\n    <li class=\"nav-item\">\n      <a class=\"nav-link\" id=\"pills-profile-tab\" data-toggle=\"pill\" href=\"#pills-profile\" role=\"tab\" aria-controls=\"pills-profile\" aria-selected=\"false\">Profile</a>\n    </li>\n    <li class=\"nav-item\">\n      <a class=\"nav-link\" id=\"pills-contact-tab\" data-toggle=\"pill\" href=\"#pills-contact\" role=\"tab\" aria-controls=\"pills-contact\" aria-selected=\"false\">Contact</a>\n    </li>\n  </ul>\n  <div class=\"tab-content\" id=\"pills-tabContent\">\n    <div class=\"tab-pane fade show active\" id=\"pills-home\" role=\"tabpanel\" aria-labelledby=\"pills-home-tab\">\n      <p>Consequat occaecat ullamco amet non eiusmod nostrud dolore irure incididunt est duis anim sunt officia. Fugiat velit proident aliquip nisi incididunt nostrud exercitation proident est nisi. Irure magna elit commodo anim ex veniam culpa eiusmod id nostrud sit cupidatat in veniam ad. Eiusmod consequat eu adipisicing minim anim aliquip cupidatat culpa excepteur quis. Occaecat sit eu exercitation irure Lorem incididunt nostrud.</p>\n    </div>\n    <div class=\"tab-pane fade\" id=\"pills-profile\" role=\"tabpanel\" aria-labelledby=\"pills-profile-tab\">\n      <p>Ad pariatur nostrud pariatur exercitation ipsum ipsum culpa mollit commodo mollit ex. Aute sunt incididunt amet commodo est sint nisi deserunt pariatur do. Aliquip ex eiusmod voluptate exercitation cillum id incididunt elit sunt. Qui minim sit magna Lorem id et dolore velit Lorem amet exercitation duis deserunt. Anim id labore elit adipisicing ut in id occaecat pariatur ut ullamco ea tempor duis.</p>\n    </div>\n    <div class=\"tab-pane fade\" id=\"pills-contact\" role=\"tabpanel\" aria-labelledby=\"pills-contact-tab\">\n      <p>Est quis a laborum officia ad nisi ex nostrud culpa Lorem excepteur aliquip dolor aliqua irure ex. Nulla ut duis ipsum nisi elit fugiat commodo sunt reprehenderit laborum veniam eu veniam. Eiusmod minim exercitation fugiat irure ex labore incididunt do fugiat commodo aliquip sit id deserunt reprehenderit aliquip nostrud. Amet ex cupidatat excepteur aute veniam incididunt mollit cupidatat esse irure officia elit do ipsum ullamco Lorem. Ullamco ut ad minim do mollit labore ipsum laboris ipsum commodo sunt tempor enim incididunt. Commodo quis sunt dolore aliquip aute tempor irure magna enim minim reprehenderit. Ullamco consectetur culpa veniam sint cillum aliqua incididunt velit ullamco sunt ullamco quis quis commodo voluptate. Mollit a nostrud adipisicing aliqua cupidatat aliqua pariatur mollit voluptate voluptate consequat non.</p>\n    </div>\n  </div>\n</div>\n\n```html\n<ul class=\"nav nav-pills mb-3\" id=\"pills-tab\" role=\"tablist\">\n  <li class=\"nav-item\">\n    <a class=\"nav-link active\" id=\"pills-home-tab\" data-toggle=\"pill\" href=\"#pills-home\" role=\"tab\" aria-controls=\"pills-home\" aria-selected=\"true\">Home</a>\n  </li>\n  <li class=\"nav-item\">\n    <a class=\"nav-link\" id=\"pills-profile-tab\" data-toggle=\"pill\" href=\"#pills-profile\" role=\"tab\" aria-controls=\"pills-profile\" aria-selected=\"false\">Profile</a>\n  </li>\n  <li class=\"nav-item\">\n    <a class=\"nav-link\" id=\"pills-contact-tab\" data-toggle=\"pill\" href=\"#pills-contact\" role=\"tab\" aria-controls=\"pills-contact\" aria-selected=\"false\">Contact</a>\n  </li>\n</ul>\n<div class=\"tab-content\" id=\"pills-tabContent\">\n  <div class=\"tab-pane fade show active\" id=\"pills-home\" role=\"tabpanel\" aria-labelledby=\"pills-home-tab\">...</div>\n  <div class=\"tab-pane fade\" id=\"pills-profile\" role=\"tabpanel\" aria-labelledby=\"pills-profile-tab\">...</div>\n  <div class=\"tab-pane fade\" id=\"pills-contact\" role=\"tabpanel\" aria-labelledby=\"pills-contact-tab\">...</div>\n</div>\n```\n\nAnd with vertical pills.\n\n<div class=\"bd-example bd-example-tabs\">\n  <div class=\"row\">\n    <div class=\"col-3\">\n      <div class=\"nav flex-column nav-pills\" id=\"v-pills-tab\" role=\"tablist\" aria-orientation=\"vertical\">\n        <a class=\"nav-link active\" id=\"v-pills-home-tab\" data-toggle=\"pill\" href=\"#v-pills-home\" role=\"tab\" aria-controls=\"v-pills-home\" aria-selected=\"true\">Home</a>\n        <a class=\"nav-link\" id=\"v-pills-profile-tab\" data-toggle=\"pill\" href=\"#v-pills-profile\" role=\"tab\" aria-controls=\"v-pills-profile\" aria-selected=\"false\">Profile</a>\n        <a class=\"nav-link\" id=\"v-pills-messages-tab\" data-toggle=\"pill\" href=\"#v-pills-messages\" role=\"tab\" aria-controls=\"v-pills-messages\" aria-selected=\"false\">Messages</a>\n        <a class=\"nav-link\" id=\"v-pills-settings-tab\" data-toggle=\"pill\" href=\"#v-pills-settings\" role=\"tab\" aria-controls=\"v-pills-settings\" aria-selected=\"false\">Settings</a>\n      </div>\n    </div>\n    <div class=\"col-9\">\n      <div class=\"tab-content\" id=\"v-pills-tabContent\">\n        <div class=\"tab-pane fade show active\" id=\"v-pills-home\" role=\"tabpanel\" aria-labelledby=\"v-pills-home-tab\">\n          <p>Cillum ad ut irure tempor velit nostrud occaecat ullamco aliqua anim Lorem sint. Veniam sint duis incididunt do esse magna mollit excepteur laborum qui. Id id reprehenderit sit est eu aliqua occaecat quis et velit excepteur laborum mollit dolore eiusmod. Ipsum dolor in occaecat commodo et voluptate minim reprehenderit mollit pariatur. Deserunt non laborum enim et cillum eu deserunt excepteur ea incididunt minim occaecat.</p>\n        </div>\n        <div class=\"tab-pane fade\" id=\"v-pills-profile\" role=\"tabpanel\" aria-labelledby=\"v-pills-profile-tab\">\n          <p>Culpa dolor voluptate do laboris laboris irure reprehenderit id incididunt duis pariatur mollit aute magna pariatur consectetur. Eu veniam duis non ut dolor deserunt commodo et minim in quis laboris ipsum velit id veniam. Quis ut consectetur adipisicing officia excepteur non sit. Ut et elit aliquip labore Lorem enim eu. Ullamco mollit occaecat dolore ipsum id officia mollit qui esse anim eiusmod do sint minim consectetur qui.</p>\n        </div>\n        <div class=\"tab-pane fade\" id=\"v-pills-messages\" role=\"tabpanel\" aria-labelledby=\"v-pills-messages-tab\">\n          <p>Fugiat id quis dolor culpa eiusmod anim velit excepteur proident dolor aute qui magna. Ad proident laboris ullamco esse anim Lorem Lorem veniam quis Lorem irure occaecat velit nostrud magna a. Velit et et proident Lorem do ea tempor officia dolor. Reprehenderit Lorem aliquip labore est magna commodo est ea veniam consectetur.</p>\n        </div>\n        <div class=\"tab-pane fade\" id=\"v-pills-settings\" role=\"tabpanel\" aria-labelledby=\"v-pills-settings-tab\">\n          <p>Eu dolore ea ullamco dolore Lorem id cupidatat excepteur reprehenderit consectetur elit id dolor proident in cupidatat officia. Voluptate excepteur commodo labore nisi cillum duis aliqua do. Aliqua amet qui mollit consectetur a mollit velit aliqua veniam nisi id do Lorem deserunt amet. Culpa ullamco sit adipisicing labore officia magna elit nisi in aute tempor commodo eiusmod.</p>\n        </div>\n      </div>\n    </div>\n  </div>\n</div>\n\n```html\n<div class=\"row\">\n  <div class=\"col-3\">\n    <div class=\"nav flex-column nav-pills\" id=\"v-pills-tab\" role=\"tablist\" aria-orientation=\"vertical\">\n      <a class=\"nav-link active\" id=\"v-pills-home-tab\" data-toggle=\"pill\" href=\"#v-pills-home\" role=\"tab\" aria-controls=\"v-pills-home\" aria-selected=\"true\">Home</a>\n      <a class=\"nav-link\" id=\"v-pills-profile-tab\" data-toggle=\"pill\" href=\"#v-pills-profile\" role=\"tab\" aria-controls=\"v-pills-profile\" aria-selected=\"false\">Profile</a>\n      <a class=\"nav-link\" id=\"v-pills-messages-tab\" data-toggle=\"pill\" href=\"#v-pills-messages\" role=\"tab\" aria-controls=\"v-pills-messages\" aria-selected=\"false\">Messages</a>\n      <a class=\"nav-link\" id=\"v-pills-settings-tab\" data-toggle=\"pill\" href=\"#v-pills-settings\" role=\"tab\" aria-controls=\"v-pills-settings\" aria-selected=\"false\">Settings</a>\n    </div>\n  </div>\n  <div class=\"col-9\">\n    <div class=\"tab-content\" id=\"v-pills-tabContent\">\n      <div class=\"tab-pane fade show active\" id=\"v-pills-home\" role=\"tabpanel\" aria-labelledby=\"v-pills-home-tab\">...</div>\n      <div class=\"tab-pane fade\" id=\"v-pills-profile\" role=\"tabpanel\" aria-labelledby=\"v-pills-profile-tab\">...</div>\n      <div class=\"tab-pane fade\" id=\"v-pills-messages\" role=\"tabpanel\" aria-labelledby=\"v-pills-messages-tab\">...</div>\n      <div class=\"tab-pane fade\" id=\"v-pills-settings\" role=\"tabpanel\" aria-labelledby=\"v-pills-settings-tab\">...</div>\n    </div>\n  </div>\n</div>\n```\n\n### Using data attributes\n\nYou can activate a tab or pill navigation without writing any JavaScript by simply specifying `data-toggle=\"tab\"` or `data-toggle=\"pill\"` on an element. Use these data attributes on `.nav-tabs` or `.nav-pills`.\n\n```html\n<!-- Nav tabs -->\n<ul class=\"nav nav-tabs\" id=\"myTab\" role=\"tablist\">\n  <li class=\"nav-item\">\n    <a class=\"nav-link active\" id=\"home-tab\" data-toggle=\"tab\" href=\"#home\" role=\"tab\" aria-controls=\"home\" aria-selected=\"true\">Home</a>\n  </li>\n  <li class=\"nav-item\">\n    <a class=\"nav-link\" id=\"profile-tab\" data-toggle=\"tab\" href=\"#profile\" role=\"tab\" aria-controls=\"profile\" aria-selected=\"false\">Profile</a>\n  </li>\n  <li class=\"nav-item\">\n    <a class=\"nav-link\" id=\"messages-tab\" data-toggle=\"tab\" href=\"#messages\" role=\"tab\" aria-controls=\"messages\" aria-selected=\"false\">Messages</a>\n  </li>\n  <li class=\"nav-item\">\n    <a class=\"nav-link\" id=\"settings-tab\" data-toggle=\"tab\" href=\"#settings\" role=\"tab\" aria-controls=\"settings\" aria-selected=\"false\">Settings</a>\n  </li>\n</ul>\n\n<!-- Tab panes -->\n<div class=\"tab-content\">\n  <div class=\"tab-pane active\" id=\"home\" role=\"tabpanel\" aria-labelledby=\"home-tab\">...</div>\n  <div class=\"tab-pane\" id=\"profile\" role=\"tabpanel\" aria-labelledby=\"profile-tab\">...</div>\n  <div class=\"tab-pane\" id=\"messages\" role=\"tabpanel\" aria-labelledby=\"messages-tab\">...</div>\n  <div class=\"tab-pane\" id=\"settings\" role=\"tabpanel\" aria-labelledby=\"settings-tab\">...</div>\n</div>\n```\n\n### Via JavaScript\n\nEnable tabbable tabs via JavaScript (each tab needs to be activated individually):\n\n```js\n$('#myTab a').on('click', function (e) {\n  e.preventDefault()\n  $(this).tab('show')\n})\n```\n\nYou can activate individual tabs in several ways:\n\n```js\n$('#myTab a[href=\"#profile\"]').tab('show') // Select tab by name\n$('#myTab li:first-child a').tab('show') // Select first tab\n$('#myTab li:last-child a').tab('show') // Select last tab\n$('#myTab li:nth-child(3) a').tab('show') // Select third tab\n```\n\n### Fade effect\n\nTo make tabs fade in, add `.fade` to each `.tab-pane`. The first tab pane must also have `.show` to make the initial content visible.\n\n```html\n<div class=\"tab-content\">\n  <div class=\"tab-pane fade show active\" id=\"home\" role=\"tabpanel\" aria-labelledby=\"home-tab\">...</div>\n  <div class=\"tab-pane fade\" id=\"profile\" role=\"tabpanel\" aria-labelledby=\"profile-tab\">...</div>\n  <div class=\"tab-pane fade\" id=\"messages\" role=\"tabpanel\" aria-labelledby=\"messages-tab\">...</div>\n  <div class=\"tab-pane fade\" id=\"settings\" role=\"tabpanel\" aria-labelledby=\"settings-tab\">...</div>\n</div>\n```\n\n### Methods\n\n{{include 'callout-danger-async-methods.md'}}\n\n#### $().tab\n\nActivates a tab element and content container. Tab should have either a `data-target` or an `href` targeting a container node in the DOM.\n\n```html\n<ul class=\"nav nav-tabs\" id=\"myTab\" role=\"tablist\">\n  <li class=\"nav-item\">\n    <a class=\"nav-link active\" id=\"home-tab\" data-toggle=\"tab\" href=\"#home\" role=\"tab\" aria-controls=\"home\" aria-selected=\"true\">Home</a>\n  </li>\n  <li class=\"nav-item\">\n    <a class=\"nav-link\" id=\"profile-tab\" data-toggle=\"tab\" href=\"#profile\" role=\"tab\" aria-controls=\"profile\" aria-selected=\"false\">Profile</a>\n  </li>\n  <li class=\"nav-item\">\n    <a class=\"nav-link\" id=\"messages-tab\" data-toggle=\"tab\" href=\"#messages\" role=\"tab\" aria-controls=\"messages\" aria-selected=\"false\">Messages</a>\n  </li>\n  <li class=\"nav-item\">\n    <a class=\"nav-link\" id=\"settings-tab\" data-toggle=\"tab\" href=\"#settings\" role=\"tab\" aria-controls=\"settings\" aria-selected=\"false\">Settings</a>\n  </li>\n</ul>\n\n<div class=\"tab-content\">\n  <div class=\"tab-pane active\" id=\"home\" role=\"tabpanel\" aria-labelledby=\"home-tab\">...</div>\n  <div class=\"tab-pane\" id=\"profile\" role=\"tabpanel\" aria-labelledby=\"profile-tab\">...</div>\n  <div class=\"tab-pane\" id=\"messages\" role=\"tabpanel\" aria-labelledby=\"messages-tab\">...</div>\n  <div class=\"tab-pane\" id=\"settings\" role=\"tabpanel\" aria-labelledby=\"settings-tab\">...</div>\n</div>\n\n<p><script>\n  $(function () {\n    $(‘#myTab li:last-child a’).tab(‘show’)\n  })\n</script>\n<code>`</code></p>\n<h4 id=\"-tab-show-\">.tab(‘show’)</h4>\n<p>Selects the given tab and shows its associated pane. Any other tab that was previously selected becomes unselected and its associated pane is hidden. <strong>Returns to the caller before the tab pane has actually been shown</strong> (i.e. before the <code>shown.bs.tab</code> event occurs).</p>\n<p><code>js\n$(&#39;#someTab&#39;).tab(&#39;show&#39;)</code></p>\n<h4 id=\"-tab-dispose-\">.tab(‘dispose’)</h4>\n<p>Destroys an element’s tab.</p>\n<h3 id=\"events\">Events</h3>\n<p>When showing a new tab, the events fire in the following order:</p>\n<ol>\n<li><code>hide.bs.tab</code> (on the current active tab)</li>\n<li><code>show.bs.tab</code> (on the to-be-shown tab)</li>\n<li><code>hidden.bs.tab</code> (on the previous active tab, the same one as for the <code>hide.bs.tab</code> event)</li>\n<li><code>shown.bs.tab</code> (on the newly-active just-shown tab, the same one as for the <code>show.bs.tab</code> event)</li>\n</ol>\n<p>If no tab was already active, then the <code>hide.bs.tab</code> and <code>hidden.bs.tab</code> events will not be fired.</p>\n<table class=\"table table-bordered table-striped\">\n  <thead>\n    <tr>\n      <th style=\"width: 150px;\">Event Type</th>\n      <th>Description</th>\n    </tr>\n  </thead>\n  <tbody>\n    <tr>\n      <td>show.bs.tab</td>\n      <td>This event fires on tab show, but before the new tab has been shown. Use <code>event.target</code> and <code>event.relatedTarget</code> to target the active tab and the previous active tab (if available) respectively.</td>\n    </tr>\n    <tr>\n      <td>shown.bs.tab</td>\n      <td>This event fires on tab show after a tab has been shown. Use <code>event.target</code> and <code>event.relatedTarget</code> to target the active tab and the previous active tab (if available) respectively.</td>\n    </tr>\n    <tr>\n      <td>hide.bs.tab</td>\n      <td>This event fires when a new tab is to be shown (and thus the previous active tab is to be hidden). Use <code>event.target</code> and <code>event.relatedTarget</code> to target the current active tab and the new soon-to-be-active tab, respectively.</td>\n    </tr>\n    <tr>\n      <td>hidden.bs.tab</td>\n      <td>This event fires after a new tab is shown (and thus the previous active tab is hidden). Use <code>event.target</code> and <code>event.relatedTarget</code> to target the previous active tab and the new active tab, respectively.</td>\n    </tr>\n  </tbody>\n</table>\n\n<p><code>js\n$(&#39;a[data-toggle=&quot;tab&quot;]&#39;).on(&#39;shown.bs.tab&#39;, function (e) {\n  e.target // newly activated tab\n  e.relatedTarget // previous active tab\n})</code></p>\n","updatedAt":"2018-06-06T20:04:50.000Z"}