{"layout":"docs","title":"Screenreaders","description":"Use screenreader utilities to hide elements on all devices except screen readers.","group":"utilities","toc":true,"body":"<p>Hide an element to all devices <strong>except screen readers</strong> with <code>.sr-only</code>. Combine <code>.sr-only</code> with <code>.sr-only-focusable</code> to show the element again when it’s focused (e.g. by a keyboard-only user). Can also be used as mixins.</p>\n<p>{%- comment -%}\nNecessary for following <a href=\"%7B%7B%20%7B%7Bshared.baseurl%20%7D%7D/docs/%7B%7B%20shared.docs_version%20%7D%7D/getting-started/#accessibility\">accessibility best practices</a>.\n{%- endcomment -%}</p>\n<div class=\"bd-example\">\n<a class=\"sr-only sr-only-focusable\" href=\"#content\">Skip to main content</a>\n</div>\n\n\n<p><figure class=\"highlight\"><pre><code class=\"language-scss\" data-lang=\"scss\">\n// Usage as a mixin\n.skip-navigation {\n  @include sr-only;\n  @include sr-only-focusable;\n}\n</code></pre></figure></p>\n","updatedAt":"2018-06-06T20:04:50.000Z"}