{"layout":"docs","title":"Spacing","description":"framekit includes a wide range of shorthand responsive margin and padding utility classes to modify an element's appearance.","group":"utilities","toc":true,"body":"<h2 id=\"how-it-works\">How it works</h2>\n<p>Assign responsive-friendly <code>margin</code> or <code>padding</code> values to an element or a subset of its sides with shorthand classes. Includes support for individual properties, all properties, and vertical and horizontal properties. Classes are built from a default Sass map ranging from <code>.25rem</code> to <code>3rem</code>.</p>\n<h2 id=\"notation\">Notation</h2>\n<p>Spacing utilities that apply to all breakpoints, from <code>xs</code> to <code>xl</code>, have no breakpoint abbreviation in them. This is because those classes are applied from <code>min-width: 0</code> and up, and thus are not bound by a media query. The remaining breakpoints, however, do include a breakpoint abbreviation.</p>\n<p>The classes are named using the format <code>{property}{sides}-{size}</code> for <code>xs</code> and <code>{property}{sides}-{breakpoint}-{size}</code> for <code>sm</code>, <code>md</code>, <code>lg</code>, and <code>xl</code>.</p>\n<p>Where <em>property</em> is one of:</p>\n<ul>\n<li><code>m</code> - for classes that set <code>margin</code></li>\n<li><code>p</code> - for classes that set <code>padding</code></li>\n</ul>\n<p>Where <em>sides</em> is one of:</p>\n<ul>\n<li><code>t</code> - for classes that set <code>margin-top</code> or <code>padding-top</code></li>\n<li><code>b</code> - for classes that set <code>margin-bottom</code> or <code>padding-bottom</code></li>\n<li><code>l</code> - for classes that set <code>margin-left</code> or <code>padding-left</code></li>\n<li><code>r</code> - for classes that set <code>margin-right</code> or <code>padding-right</code></li>\n<li><code>x</code> - for classes that set both <code>*-left</code> and <code>*-right</code></li>\n<li><code>y</code> - for classes that set both <code>*-top</code> and <code>*-bottom</code></li>\n<li>blank - for classes that set a <code>margin</code> or <code>padding</code> on all 4 sides of the element</li>\n</ul>\n<p>Where <em>size</em> is one of:</p>\n<ul>\n<li><code>0</code> - for classes that eliminate the <code>margin</code> or <code>padding</code> by setting it to <code>0</code></li>\n<li><code>1</code> - (by default) for classes that set the <code>margin</code> or <code>padding</code> to <code>$spacer * .25</code></li>\n<li><code>2</code> - (by default) for classes that set the <code>margin</code> or <code>padding</code> to <code>$spacer * .5</code></li>\n<li><code>3</code> - (by default) for classes that set the <code>margin</code> or <code>padding</code> to <code>$spacer</code></li>\n<li><code>4</code> - (by default) for classes that set the <code>margin</code> or <code>padding</code> to <code>$spacer * 1.5</code></li>\n<li><code>5</code> - (by default) for classes that set the <code>margin</code> or <code>padding</code> to <code>$spacer * 3</code></li>\n<li><code>auto</code> - for classes that set the <code>margin</code> to auto</li>\n</ul>\n<p>(You can add more sizes by adding entries to the <code>$spacers</code> Sass map variable.)</p>\n<h2 id=\"examples\">Examples</h2>\n<p>Here are some representative examples of these classes:</p>\n<p><figure class=\"highlight\"><pre><code class=\"language-scss\" data-lang=\"scss\">\n.mt-0 {\n  margin-top: 0 !important;\n}</p>\n<p>.ml-1 {\n  margin-left: ($spacer * .25) !important;\n}</p>\n<p>.px-2 {\n  padding-left: ($spacer * .5) !important;\n  padding-right: ($spacer * .5) !important;\n}</p>\n<p>.p-3 {\n  padding: $spacer !important;\n}\n</code></pre></figure></p>\n<h3 id=\"horizontal-centering\">Horizontal centering</h3>\n<p>Additionally, framekit also includes an <code>.mx-auto</code> class for horizontally centering fixed-width block level content—that is, content that has <code>display: block</code> and a <code>width</code> set—by setting the horizontal margins to <code>auto</code>.</p>\n<div class=\"bd-example\">\n  <div class=\"mx-auto\" style=\"width: 200px; background-color: rgba(86,61,124,.15);\">\n    Centered element\n  </div>\n</div>\n\n<p><figure class=\"highlight\"><pre><code class=\"language-html\" data-lang=\"html\"></p>\n<p><div class=\"mx-auto\" style=\"width: 200px;\">\n  Centered element</p>\n<p></div>\n</code></pre></figure></p>\n","updatedAt":"2018-06-06T20:04:50.000Z"}