{"layout":"docs","title":"Utilities for layout","description":"For faster mobile-friendly and responsive development, framekit includes dozens of utility classes for showing, hiding, aligning, and spacing content.","group":"layout","toc":true,"body":"<h2 id=\"changing-display\">Changing <code>display</code></h2>\n<p>Use our <a href=\"%7B%7B%20%7B%7Bshared.baseurl%20%7D%7D/docs/%7B%7B%20shared.docs_version%20%7D%7D/utilities/display/\">display utilities</a> for responsively toggling common values of the <code>display</code> property. Mix it with our grid system, content, or components to show or hide them across specific viewports.</p>\n<h2 id=\"flexbox-options\">Flexbox options</h2>\n<p>framekit 4 is built with flexbox, but not every element’s <code>display</code> has been changed to <code>display: flex</code> as this would add many unnecessary overrides and unexpectedly change key browser behaviors. Most of <a href=\"%7B%7B%20%7B%7Bshared.baseurl%20%7D%7D/docs/%7B%7B%20shared.docs_version%20%7D%7D/components/alerts/\">our components</a> are built with flexbox enabled.</p>\n<p>Should you need to add <code>display: flex</code> to an element, do so with <code>.d-flex</code> or one of the responsive variants (e.g., <code>.d-sm-flex</code>). You’ll need this class or <code>display</code> value to allow the use of our extra <a href=\"%7B%7B%20%7B%7Bshared.baseurl%20%7D%7D/docs/%7B%7B%20shared.docs_version%20%7D%7D/utilities/flex/\">flexbox utilities</a> for sizing, alignment, spacing, and more.</p>\n<h2 id=\"margin-and-padding\">Margin and padding</h2>\n<p>Use the <code>margin</code> and <code>padding</code> <a href=\"%7B%7B%20%7B%7Bshared.baseurl%20%7D%7D/docs/%7B%7B%20shared.docs_version%20%7D%7D/utilities/spacing/\">spacing utilities</a> to control how elements and components are spaced and sized. framekit 4 includes a five-level scale for spacing utilities, based on a <code>1rem</code> value default <code>$spacer</code> variable. Choose values for all viewports (e.g., <code>.mr-3</code> for <code>margin-right: 1rem</code>), or pick responsive variants to target specific viewports (e.g., <code>.mr-md-3</code> for <code>margin-right: 1rem</code> starting at the <code>md</code> breakpoint).</p>\n<h2 id=\"toggle-visibility\">Toggle <code>visibility</code></h2>\n<p>When toggling <code>display</code> isn’t needed, you can toggle the <code>visibility</code> of an element with our <a href=\"%7B%7B%20%7B%7Bshared.baseurl%20%7D%7D/docs/%7B%7B%20shared.docs_version%20%7D%7D/utilities/visibility/\">visibility utilities</a>. Invisible elements will still affect the layout of the page, but are visually hidden from visitors.</p>\n","updatedAt":"2018-06-06T20:04:50.000Z"}