{"layout":"docs","title":"Vertical alignment","description":"Easily change the vertical alignment of inline, inline-block, inline-table, and table cell elements.","group":"utilities","body":"<p>Change the alignment of elements with the <a href=\"https://developer.mozilla.org/en-US/docs/Web/CSS/vertical-align\"><code>vertical-alignment</code></a> utilities. Please note that vertical-align only affects inline, inline-block, inline-table, and table cell elements.</p>\n<p>Choose from <code>.align-baseline</code>, <code>.align-top</code>, <code>.align-middle</code>, <code>.align-bottom</code>, <code>.align-text-bottom</code>, and <code>.align-text-top</code> as needed.</p>\n<p>With inline elements:</p>\n<div class=\"bd-example\">\n<span class=\"align-baseline\">baseline</span>\n<span class=\"align-top\">top</span>\n<span class=\"align-middle\">middle</span>\n<span class=\"align-bottom\">bottom</span>\n<span class=\"align-text-top\">text-top</span>\n<span class=\"align-text-bottom\">text-bottom</span>\n</div>\n\n\n<p>With table cells:</p>\n<div class=\"bd-example\">\n<table style=\"height: 100px;\">\n  <tbody>\n    <tr>\n      <td class=\"align-baseline\">baseline</td>\n      <td class=\"align-top\">top</td>\n      <td class=\"align-middle\">middle</td>\n      <td class=\"align-bottom\">bottom</td>\n      <td class=\"align-text-top\">text-top</td>\n      <td class=\"align-text-bottom\">text-bottom</td>\n    </tr>\n  </tbody>\n</table>\n</div>\n\n","updatedAt":"2018-06-06T20:04:50.000Z"}