{"layout":"docs","title":"Buttons","description":"Use framekit's custom button styles for actions in forms, dialogs, and more with support for multiple sizes, states, and more.","group":"components","redirect_from":"/components/","toc":true,"body":"<h2 id=\"examples\">Examples</h2>\n<p>framekit includes several predefined button styles, each serving its own semantic purpose, with a few extras thrown in for more control.</p>\n<div class=\"fkd-callout fkd-callout-warning\">\n{% for color in shared.data.theme-colors %}\n<button type=\"button\" class=\"btn btn-{{ shared.color.name }}\">{{ shared.color.name | capitalize }}</button>{% endfor %}\n\n<button type=\"button\" class=\"btn btn-link\">Link</button>\n{%- endcapture %}\n\n\n\n\n## Button tags\n\nThe `.btn` classes are designed to be used with the `<button>` element. However, you can also use these classes on `<a>` or `<input>` elements (though some browsers may apply a slightly different rendering).\n\nWhen using button classes on `<a>` elements that are used to trigger in-page functionality (like collapsing content), rather than linking to new pages or sections within the current page, these links should be given a `role=\"button\"` to appropriately convey their purpose to assistive technologies such as screen readers.\n\n<div class=\"fkd-callout fkd-callout-warning\">\n<a class=\"btn btn-primary\" href=\"javascript:void(0)\" role=\"button\">Link</a>\n<button class=\"btn btn-primary\" type=\"submit\">Button</button>\n<input class=\"btn btn-primary\" type=\"button\" value=\"Input\">\n<input class=\"btn btn-primary\" type=\"submit\" value=\"Submit\">\n<input class=\"btn btn-primary\" type=\"reset\" value=\"Reset\">\n</div>\n\n\n<h2 id=\"outline-buttons\">Outline buttons</h2>\n<p>In need of a button, but not the hefty background colors they bring? Replace the default modifier classes with the <code>.btn-outline-*</code> ones to remove all background images and colors on any button.</p>\n<div class=\"fkd-callout fkd-callout-warning\">\n{% for color in shared.data.theme-colors %}\n<button type=\"button\" class=\"btn btn-outline-{{ shared.color.name }}\">{{ shared.color.name | capitalize }}</button>{% endfor %}\n</div>\n\n\n<h2 id=\"sizes\">Sizes</h2>\n<p>Fancy larger or smaller buttons? Add <code>.btn-lg</code> or <code>.btn-sm</code> for additional sizes.</p>\n<div class=\"fkd-callout fkd-callout-warning\">\n<button type=\"button\" class=\"btn btn-primary btn-lg\">Large button</button>\n<button type=\"button\" class=\"btn btn-secondary btn-lg\">Large button</button>\n</div>\n\n\n<div class=\"fkd-callout fkd-callout-warning\">\n<button type=\"button\" class=\"btn btn-primary btn-sm\">Small button</button>\n<button type=\"button\" class=\"btn btn-secondary btn-sm\">Small button</button>\n</div>\n\n\n<p>Create block level buttons—those that span the full width of a parent—by adding <code>.btn-block</code>.</p>\n<div class=\"fkd-callout fkd-callout-warning\">\n<button type=\"button\" class=\"btn btn-primary btn-lg btn-block\">Block level button</button>\n<button type=\"button\" class=\"btn btn-secondary btn-lg btn-block\">Block level button</button>\n</div>\n\n\n<h2 id=\"active-state\">Active state</h2>\n<p>Buttons will appear pressed (with a darker background, darker border, and inset shadow) when active. <strong>There’s no need to add a class to <code>&lt;button&gt;</code>s as they use a pseudo-class</strong>. However, you can still force the same active appearance with <code>.active</code> (and include the <code>aria-pressed=”true”</code> attribute) should you need to replicate the state programmatically.</p>\n<div class=\"fkd-callout fkd-callout-warning\">\n<a href=\"javascript:void(0)\" class=\"btn btn-primary btn-lg active\" role=\"button\" aria-pressed=\"true\">Primary link</a>\n<a href=\"javascript:void(0)\" class=\"btn btn-secondary btn-lg active\" role=\"button\" aria-pressed=\"true\">Link</a>\n</div>\n\n\n<h2 id=\"disabled-state\">Disabled state</h2>\n<p>Make buttons look inactive by adding the <code>disabled</code> boolean attribute to any <code>&lt;button&gt;</code> element.</p>\n<div class=\"fkd-callout fkd-callout-warning\">\n<button type=\"button\" class=\"btn btn-lg btn-primary\" disabled>Primary button</button>\n<button type=\"button\" class=\"btn btn-secondary btn-lg\" disabled>Button</button>\n</div>\n\n\n<p>Disabled buttons using the <code>&lt;a&gt;</code> element behave a bit different:</p>\n<ul>\n<li><code>&lt;a&gt;</code>s don’t support the <code>disabled</code> attribute, so you must add the <code>.disabled</code> class to make it visually appear disabled.</li>\n<li>Some future-friendly styles are included to disable all <code>pointer-events</code> on anchor buttons. In browsers which support that property, you won’t see the disabled cursor at all.</li>\n<li>Disabled buttons should include the <code>aria-disabled=&quot;true&quot;</code> attribute to indicate the state of the element to assistive technologies.</li>\n</ul>\n<div class=\"fkd-callout fkd-callout-warning\">\n<a href=\"javascript:void(0)\" class=\"btn btn-primary btn-lg disabled\" tabindex=\"-1\" role=\"button\" aria-disabled=\"true\">Primary link</a>\n<a href=\"javascript:void(0)\" class=\"btn btn-secondary btn-lg disabled\" tabindex=\"-1\" role=\"button\" aria-disabled=\"true\">Link</a>\n</div>\n\n\n<div class=\"fkd-callout fkd-callout-warning\">\n##### Link functionality caveat\n\nThe `.disabled` class uses `pointer-events: none` to try to disable the link functionality of `<a>`s, but that CSS property is not yet standardized. In addition, even in browsers that do support `pointer-events: none`, keyboard navigation remains unaffected, meaning that sighted keyboard users and users of assistive technologies will still be able to activate these links. So to be safe, add a `tabindex=\"-1\"` attribute on these links (to prevent them from receiving keyboard focus) and use custom JavaScript to disable their functionality.\n</div>\n{% include callout.html content=callout type=\"warning\" %}\n\n## Button plugin\n\nDo more with buttons. Control button states or create groups of buttons for more components like toolbars.\n\n### Toggle states\n\nAdd `data-toggle=\"button\"` to toggle a button's `active` state. If you're pre-toggling a button, you must manually add the `.active` class **and** `aria-pressed=\"true\"` to the `<button>`.\n\n<div class=\"fkd-callout fkd-callout-warning\">\n<button type=\"button\" class=\"btn btn-primary\" data-toggle=\"button\" aria-pressed=\"false\" autocomplete=\"off\">\n  Single toggle\n</button>\n</div>\n\n\n<h3 id=\"checkbox-and-radio-buttons\">Checkbox and radio buttons</h3>\n<p>framekit’s <code>.button</code> styles can be applied to other elements, such as <code>&lt;label&gt;</code>s, to provide checkbox or radio style button toggling. Add <code>data-toggle=&quot;buttons&quot;</code> to a <code>.btn-group</code> containing those modified buttons to enable their toggling behavior via JavaScript and add <code>.btn-group-toggle</code> to style the <code>&lt;input&gt;</code>s within your buttons. <strong>Note that you can create single input-powered buttons or groups of them.</strong></p>\n<p>The checked state for these buttons is <strong>only updated via <code>click</code> event</strong> on the button. If you use another method to update the input—e.g., with <code>&lt;input type=&quot;reset&quot;&gt;</code> or by manually applying the input’s <code>checked</code> property—you’ll need to toggle <code>.active</code> on the <code>&lt;label&gt;</code> manually.</p>\n<p>Note that pre-checked buttons require you to manually add the <code>.active</code> class to the input’s <code>&lt;label&gt;</code>.</p>\n<div class=\"fkd-callout fkd-callout-warning\">\n<div class=\"btn-group-toggle\" data-toggle=\"buttons\">\n  <label class=\"btn btn-secondary active\">\n    <input type=\"checkbox\" checked autocomplete=\"off\"> Checked\n  </label>\n</div>\n</div>\n\n\n<div class=\"fkd-callout fkd-callout-warning\">\n<div class=\"btn-group btn-group-toggle\" data-toggle=\"buttons\">\n  <label class=\"btn btn-secondary active\">\n    <input type=\"radio\" name=\"options\" id=\"option1\" autocomplete=\"off\" checked> Active\n  </label>\n  <label class=\"btn btn-secondary\">\n    <input type=\"radio\" name=\"options\" id=\"option2\" autocomplete=\"off\"> Radio\n  </label>\n  <label class=\"btn btn-secondary\">\n    <input type=\"radio\" name=\"options\" id=\"option3\" autocomplete=\"off\"> Radio\n  </label>\n</div>\n</div>\n\n\n<h3 id=\"methods\">Methods</h3>\n<p>| Method | Description |\n| — | — |\n| <code>$().button(&#39;toggle&#39;)</code> | Toggles push state. Gives the button the appearance that it has been activated. |\n| <code>$().button(&#39;dispose&#39;)</code> | Destroys an element’s button. |</p>\n","updatedAt":"2018-06-07T16:11:59.000Z"}