{"layout":"docs","title":"Cards","description":"framekit's cards provide a flexible and extensible content container with multiple variants and options.","group":"components","toc":true,"body":"<h2 id=\"about\">About</h2>\n<p>A <strong>card</strong> is a flexible and extensible content container. It includes options for headers and footers, a wide variety of content, contextual background colors, and powerful display options. If you’re familiar with framekit 3, cards replace our old panels, wells, and thumbnails. Similar functionality to those components is available as modifier classes for cards.</p>\n<h2 id=\"example\">Example</h2>\n<p>Cards are built with as little markup and styles as possible, but still manage to deliver a ton of control and customization. Built with flexbox, they offer easy alignment and mix well with other framekit components. They have no <code>margin</code> by default, so use <a href=\"%7B%7B%20shared.baseurl%20%7D%7D/docs/%7B%7B%20shared.docs_version%20%7D%7D/utilities/spacing/\">spacing utilities</a> as needed.</p>\n<p>Below is an example of a basic card with mixed content and a fixed width. Cards have no fixed width to start, so they’ll naturally fill the full width of its parent element. This is easily customized with our various <a href=\"#sizing\">sizing options</a>.</p>\n<p>{{capture ‘example’}}</p>\n<div class=\"card\" style=\"width: 18rem;\">\n  <img class=\"card-img-top\" data-src=\"holder.js/100px180/\" alt=\"Card image cap\">\n  <div class=\"card-body\">\n    <h5 class=\"card-title\">Card title</h5>\n    <p class=\"card-text\">Some quick example text to build on the card title and make up the bulk of the card's content.</p>\n    <a href=\"#\" class=\"btn btn-primary\">Go somewhere</a>\n  </div>\n</div>\n</div>\n{{include 'example' content=example}}\n\n## Content types\n\nCards support a wide variety of content, including images, text, list groups, links, and more. Below are examples of what's supported.\n\n### Body\n\nThe building block of a card is the `.card-body`. Use it whenever you need a padded section within a card.\n\n{{capture 'example'}}\n<div class=\"card\">\n  <div class=\"card-body\">\n    This is some text within a card body.\n  </div>\n</div>\n</div>\n{{include 'example' content=example}}\n\n### Titles, text, and links\n\nCard titles are used by adding `.card-title` to a `<h*>` tag. In the same way, links are added and placed next to each other by adding `.card-link` to an `<a>` tag.\n\nSubtitles are used by adding a `.card-subtitle` to a `<h*>` tag. If the `.card-title` and the `.card-subtitle` items are placed in a `.card-body` item, the card title and subtitle are aligned nicely.\n\n{{capture 'example'}}\n<div class=\"card\" style=\"width: 18rem;\">\n  <div class=\"card-body\">\n    <h5 class=\"card-title\">Card title</h5>\n    <h6 class=\"card-subtitle mb-2 text-muted\">Card subtitle</h6>\n    <p class=\"card-text\">Some quick example text to build on the card title and make up the bulk of the card's content.</p>\n    <a href=\"#\" class=\"card-link\">Card link</a>\n    <a href=\"#\" class=\"card-link\">Another link</a>\n  </div>\n</div>\n</div>\n{{include 'example' content=example}}\n\n### Images\n\n`.card-img-top` places an image to the top of the card. With `.card-text`, text can be added to the card. Text within `.card-text` can also be styled with the standard HTML tags.\n\n{{capture 'example'}}\n<div class=\"card\" style=\"width: 18rem;\">\n  <img class=\"card-img-top\" data-src=\"holder.js/100px180/?text=Image cap\" alt=\"Card image cap\">\n  <div class=\"card-body\">\n    <p class=\"card-text\">Some quick example text to build on the card title and make up the bulk of the card's content.</p>\n  </div>\n</div>\n</div>\n{{include 'example' content=example}}\n\n### List groups\n\nCreate lists of content in a card with a flush list group.\n\n{{capture 'example'}}\n<div class=\"card\" style=\"width: 18rem;\">\n  <ul class=\"list-group list-group-flush\">\n    <li class=\"list-group-item\">Cras justo odio</li>\n    <li class=\"list-group-item\">Dapibus ac facilisis in</li>\n    <li class=\"list-group-item\">Vestibulum at eros</li>\n  </ul>\n</div>\n</div>\n{{include 'example' content=example}}\n\n{{capture 'example'}}\n<div class=\"card\" style=\"width: 18rem;\">\n  <div class=\"card-header\">\n    Featured\n  </div>\n  <ul class=\"list-group list-group-flush\">\n    <li class=\"list-group-item\">Cras justo odio</li>\n    <li class=\"list-group-item\">Dapibus ac facilisis in</li>\n    <li class=\"list-group-item\">Vestibulum at eros</li>\n  </ul>\n</div>\n</div>\n{{include 'example' content=example}}\n\n### Kitchen sink\n\nMix and match multiple content types to create the card you need, or throw everything in there. Shown below are image styles, blocks, text styles, and a list group—all wrapped in a fixed-width card.\n\n{{capture 'example'}}\n<div class=\"card\" style=\"width: 18rem;\">\n  <img class=\"card-img-top\" data-src=\"holder.js/100px180/?text=Image cap\" alt=\"Card image cap\">\n  <div class=\"card-body\">\n    <h5 class=\"card-title\">Card title</h5>\n    <p class=\"card-text\">Some quick example text to build on the card title and make up the bulk of the card's content.</p>\n  </div>\n  <ul class=\"list-group list-group-flush\">\n    <li class=\"list-group-item\">Cras justo odio</li>\n    <li class=\"list-group-item\">Dapibus ac facilisis in</li>\n    <li class=\"list-group-item\">Vestibulum at eros</li>\n  </ul>\n  <div class=\"card-body\">\n    <a href=\"#\" class=\"card-link\">Card link</a>\n    <a href=\"#\" class=\"card-link\">Another link</a>\n  </div>\n</div>\n</div>\n{{include 'example' content=example}}\n\n### Header and footer\n\nAdd an optional header and/or footer within a card.\n\n{{capture 'example'}}\n<div class=\"card\">\n  <div class=\"card-header\">\n    Featured\n  </div>\n  <div class=\"card-body\">\n    <h5 class=\"card-title\">Special title treatment</h5>\n    <p class=\"card-text\">With supporting text below as a natural lead-in to additional content.</p>\n    <a href=\"#\" class=\"btn btn-primary\">Go somewhere</a>\n  </div>\n</div>\n</div>\n{{include 'example' content=example}}\n\nCard headers can be styled by adding `.card-header` to `<h*>` elements.\n\n{{capture 'example'}}\n<div class=\"card\">\n  <h5 class=\"card-header\">Featured</h5>\n  <div class=\"card-body\">\n    <h5 class=\"card-title\">Special title treatment</h5>\n    <p class=\"card-text\">With supporting text below as a natural lead-in to additional content.</p>\n    <a href=\"#\" class=\"btn btn-primary\">Go somewhere</a>\n  </div>\n</div>\n</div>\n{{include 'example' content=example}}\n\n{{capture 'example'}}\n<div class=\"card\">\n  <div class=\"card-header\">\n    Quote\n  </div>\n  <div class=\"card-body\">\n    <blockquote class=\"blockquote mb-0\">\n      <p>Lorem ipsum dolor sit amet, consectetur adipiscing elit. Integer posuere erat a ante.</p>\n      <footer class=\"blockquote-footer\">Someone famous in <cite title=\"Source Title\">Source Title</cite></footer>\n    </blockquote>\n  </div>\n</div>\n</div>\n{{include 'example' content=example}}\n\n{{capture 'example'}}\n<div class=\"card text-center\">\n  <div class=\"card-header\">\n    Featured\n  </div>\n  <div class=\"card-body\">\n    <h5 class=\"card-title\">Special title treatment</h5>\n    <p class=\"card-text\">With supporting text below as a natural lead-in to additional content.</p>\n    <a href=\"#\" class=\"btn btn-primary\">Go somewhere</a>\n  </div>\n  <div class=\"card-footer text-muted\">\n    2 days ago\n  </div>\n</div>\n</div>\n{{include 'example' content=example}}\n\n## Sizing\n\nCards assume no specific `width` to start, so they'll be 100% wide unless otherwise stated. You can change this as needed with custom CSS, grid classes, grid Sass mixins, or utilities.\n\n### Using grid markup\n\nUsing the grid, wrap cards in columns and rows as needed.\n\n{{capture 'example'}}\n<div class=\"row\">\n  <div class=\"col-sm-6\">\n    <div class=\"card\">\n      <div class=\"card-body\">\n        <h5 class=\"card-title\">Special title treatment</h5>\n        <p class=\"card-text\">With supporting text below as a natural lead-in to additional content.</p>\n        <a href=\"#\" class=\"btn btn-primary\">Go somewhere</a>\n      </div>\n    </div>\n  </div>\n  <div class=\"col-sm-6\">\n    <div class=\"card\">\n      <div class=\"card-body\">\n        <h5 class=\"card-title\">Special title treatment</h5>\n        <p class=\"card-text\">With supporting text below as a natural lead-in to additional content.</p>\n        <a href=\"#\" class=\"btn btn-primary\">Go somewhere</a>\n      </div>\n    </div>\n  </div>\n</div>\n</div>\n{{include 'example' content=example}}\n\n### Using utilities\n\nUse our handful of [available sizing utilities]({{ shared.baseurl }}/docs/{{ shared.docs_version }}/utilities/sizing/) to quickly set a card's width.\n\n{{capture 'example'}}\n<div class=\"card w-75\">\n  <div class=\"card-body\">\n    <h5 class=\"card-title\">Card title</h5>\n    <p class=\"card-text\">With supporting text below as a natural lead-in to additional content.</p>\n    <a href=\"#\" class=\"btn btn-primary\">Button</a>\n  </div>\n</div>\n\n<div class=\"card w-50\">\n  <div class=\"card-body\">\n    <h5 class=\"card-title\">Card title</h5>\n    <p class=\"card-text\">With supporting text below as a natural lead-in to additional content.</p>\n    <a href=\"#\" class=\"btn btn-primary\">Button</a>\n  </div>\n</div>\n</div>\n{{include 'example' content=example}}\n\n### Using custom CSS\n\nUse custom CSS in your stylesheets or as inline styles to set a width.\n\n{{capture 'example'}}\n<div class=\"card\" style=\"width: 18rem;\">\n  <div class=\"card-body\">\n    <h5 class=\"card-title\">Special title treatment</h5>\n    <p class=\"card-text\">With supporting text below as a natural lead-in to additional content.</p>\n    <a href=\"#\" class=\"btn btn-primary\">Go somewhere</a>\n  </div>\n</div>\n</div>\n{{include 'example' content=example}}\n\n## Text alignment\n\nYou can quickly change the text alignment of any card—in its entirety or specific parts—with our [text align classes]({{ shared.baseurl }}/docs/{{ shared.docs_version }}/utilities/text/#text-alignment).\n\n{{capture 'example'}}\n<div class=\"card\" style=\"width: 18rem;\">\n  <div class=\"card-body\">\n    <h5 class=\"card-title\">Special title treatment</h5>\n    <p class=\"card-text\">With supporting text below as a natural lead-in to additional content.</p>\n    <a href=\"#\" class=\"btn btn-primary\">Go somewhere</a>\n  </div>\n</div>\n\n<div class=\"card text-center\" style=\"width: 18rem;\">\n  <div class=\"card-body\">\n    <h5 class=\"card-title\">Special title treatment</h5>\n    <p class=\"card-text\">With supporting text below as a natural lead-in to additional content.</p>\n    <a href=\"#\" class=\"btn btn-primary\">Go somewhere</a>\n  </div>\n</div>\n\n<p><div class=\"card text-right\" style=\"width: 18rem;\">\n  <div class=\"card-body\">\n    <h5 class=\"card-title\">Special title treatment</h5>\n    <p class=\"card-text\">With supporting text below as a natural lead-in to additional content.</p>\n    <a href=\"#\" class=\"btn btn-primary\">Go somewhere</a>\n  </div></p>\n<p></div></p>\n<p></div>\n{{include ‘example’ content=example}}</p>\n<h2 id=\"navigation\">Navigation</h2>\n<p>Add some navigation to a card’s header (or block) with framekit’s <a href=\"%7B%7B%20shared.baseurl%20%7D%7D/docs/%7B%7B%20shared.docs_version%20%7D%7D/components/navs/\">nav components</a>.</p>\n<p>{{capture ‘example’}}</p>\n<p><div class=\"card text-center\">\n  <div class=\"card-header\">\n    <ul class=\"nav nav-tabs card-header-tabs\">\n      <li class=\"nav-item\">\n        <a class=\"nav-link active\" href=\"#\">Active</a>\n      </li>\n      <li class=\"nav-item\">\n        <a class=\"nav-link\" href=\"#\">Link</a>\n      </li>\n      <li class=\"nav-item\">\n        <a class=\"nav-link disabled\" href=\"#\">Disabled</a>\n      </li>\n    </ul>\n  </div>\n  <div class=\"card-body\">\n    <h5 class=\"card-title\">Special title treatment</h5>\n    <p class=\"card-text\">With supporting text below as a natural lead-in to additional content.</p>\n    <a href=\"#\" class=\"btn btn-primary\">Go somewhere</a>\n  </div></p>\n<p></div></p>\n<p></div>\n{{include ‘example’ content=example}}</p>\n<p>{{capture ‘example’}}</p>\n<p><div class=\"card text-center\">\n  <div class=\"card-header\">\n    <ul class=\"nav nav-pills card-header-pills\">\n      <li class=\"nav-item\">\n        <a class=\"nav-link active\" href=\"#\">Active</a>\n      </li>\n      <li class=\"nav-item\">\n        <a class=\"nav-link\" href=\"#\">Link</a>\n      </li>\n      <li class=\"nav-item\">\n        <a class=\"nav-link disabled\" href=\"#\">Disabled</a>\n      </li>\n    </ul>\n  </div>\n  <div class=\"card-body\">\n    <h5 class=\"card-title\">Special title treatment</h5>\n    <p class=\"card-text\">With supporting text below as a natural lead-in to additional content.</p>\n    <a href=\"#\" class=\"btn btn-primary\">Go somewhere</a>\n  </div></p>\n<p></div></p>\n<p></div>\n{{include ‘example’ content=example}}</p>\n<h2 id=\"images\">Images</h2>\n<p>Cards include a few options for working with images. Choose from appending “image caps” at either end of a card, overlaying images with card content, or simply embedding the image in a card.</p>\n<h3 id=\"image-caps\">Image caps</h3>\n<p>Similar to headers and footers, cards can include top and bottom “image caps”—images at the top or bottom of a card.</p>\n<p>{{capture ‘example’}}</p>\n<p><div class=\"card mb-3\">\n  <img class=\"card-img-top\" data-src=\"holder.js/100px180/\" alt=\"Card image cap\">\n  <div class=\"card-body\">\n    <h5 class=\"card-title\">Card title</h5>\n    <p class=\"card-text\">This is a wider card with supporting text below as a natural lead-in to additional content. This content is a little bit longer.</p>\n    <p class=\"card-text\"><small class=\"text-muted\">Last updated 3 mins ago</small></p>\n  </div></p>\n<p></div></p>\n<p><div class=\"card\">\n  <div class=\"card-body\">\n    <h5 class=\"card-title\">Card title</h5>\n    <p class=\"card-text\">This is a wider card with supporting text below as a natural lead-in to additional content. This content is a little bit longer.</p>\n    <p class=\"card-text\"><small class=\"text-muted\">Last updated 3 mins ago</small></p>\n  </div>\n  <img class=\"card-img-bottom\" data-src=\"holder.js/100px180/\" alt=\"Card image cap\"></p>\n<p></div></p>\n<p></div>\n{{include ‘example’ content=example}}</p>\n<h3 id=\"image-overlays\">Image overlays</h3>\n<p>Turn an image into a card background and overlay your card’s text. Depending on the image, you may or may not need additional styles or utilities.</p>\n<p>{{capture ‘example’}}</p>\n<p><div class=\"card bg-dark text-white\">\n  <img class=\"card-img\" data-src=\"holder.js/100px270/#55595c:#373a3c/text:Card image\" alt=\"Card image\">\n  <div class=\"card-img-overlay\">\n    <h5 class=\"card-title\">Card title</h5>\n    <p class=\"card-text\">This is a wider card with supporting text below as a natural lead-in to additional content. This content is a little bit longer.</p>\n    <p class=\"card-text\">Last updated 3 mins ago</p>\n  </div></p>\n<p></div></p>\n<p></div>\n{{include ‘example’ content=example}}</p>\n<h2 id=\"card-styles\">Card styles</h2>\n<p>Cards include various options for customizing their backgrounds, borders, and shared.color.</p>\n<h3 id=\"background-and-color\">Background and color</h3>\n<p>Use <a href=\"%7B%7B%20shared.baseurl%20%7D%7D/docs/%7B%7B%20shared.docs_version%20%7D%7D/utilities/colors/\">text and background utilities</a> to change the appearance of a card.</p>\n<p>{{capture ‘example’}}\n{{each shared.data.theme-colors as |color|}}</p>\n<p><div class=\"card{{unless (is shared.color.name 'light')}} text-white{{/unless}} bg-{{ shared.color.name }} mb-3\" style=\"max-width: 18rem;\">\n  <div class=\"card-header\">Header</div>\n  <div class=\"card-body\">\n    <h5 class=\"card-title\">{{capitalize shared.color.name}} card title</h5>\n    <p class=\"card-text\">Some quick example text to build on the card title and make up the bulk of the card’s content.</p>\n  </div></p>\n<p></div>{{/each}}</p>\n<p></div>\n{{include ‘example’ content=example}}</p>\n<p>{{include ‘callout-warning-color-assistive-technologies.md’}}</p>\n<h3 id=\"border\">Border</h3>\n<p>Use <a href=\"%7B%7B%20shared.baseurl%20%7D%7D/docs/%7B%7B%20shared.docs_version%20%7D%7D/utilities/borders/\">border utilities</a> to change just the <code>border-color</code> of a card. Note that you can put <code>.text-{color}</code> classes on the parent <code>.card</code> or a subset of the card’s contents as shown below.</p>\n<p>{{capture ‘example’}}\n{{each shared.data.theme-colors as |color|}}</p>\n<p><div class=\"card border-{{ shared.color.name }} mb-3\" style=\"max-width: 18rem;\">\n  <div class=\"card-header\">Header</div>\n  <div class=\"card-body{{unless (is shared.color.name 'light')}} text-{{ shared.color.name }}{{/unless}}\">\n    <h5 class=\"card-title\">{{capitalize shared.color.name}} card title</h5>\n    <p class=\"card-text\">Some quick example text to build on the card title and make up the bulk of the card’s content.</p>\n  </div></p>\n<p></div>{{/each}}</p>\n<p></div>\n{{include ‘example’ content=example}}</p>\n<h3 id=\"mixins-utilities\">Mixins utilities</h3>\n<p>You can also change the borders on the card header and footer as needed, and even remove their <code>background-color</code> with <code>.bg-transparent</code>.</p>\n<p>{{capture ‘example’}}</p>\n<p><div class=\"card border-success mb-3\" style=\"max-width: 18rem;\">\n  <div class=\"card-header bg-transparent border-success\">Header</div>\n  <div class=\"card-body text-success\">\n    <h5 class=\"card-title\">Success card title</h5>\n    <p class=\"card-text\">Some quick example text to build on the card title and make up the bulk of the card’s content.</p>\n  </div>\n  <div class=\"card-footer bg-transparent border-success\">Footer</div></p>\n<p></div></p>\n<p></div>\n{{include ‘example’ content=example}}</p>\n<h2 id=\"card-layout\">Card layout</h2>\n<p>In addition to styling the content within cards, framekit includes a few options for laying out series of cards. For the time being, <strong>these layout options are not yet responsive</strong>.</p>\n<h3 id=\"card-groups\">Card groups</h3>\n<p>Use card groups to render cards as a single, attached element with equal width and height columns. Card groups use <code>display: flex;</code> to achieve their uniform sizing.</p>\n<p>{{capture ‘example’}}</p>\n<p><div class=\"card-group\">\n  <div class=\"card\">\n    <img class=\"card-img-top\" data-src=\"holder.js/100px180/\" alt=\"Card image cap\">\n    <div class=\"card-body\">\n      <h5 class=\"card-title\">Card title</h5>\n      <p class=\"card-text\">This is a wider card with supporting text below as a natural lead-in to additional content. This content is a little bit longer.</p>\n      <p class=\"card-text\"><small class=\"text-muted\">Last updated 3 mins ago</small></p>\n    </div>\n  </div>\n  <div class=\"card\">\n    <img class=\"card-img-top\" data-src=\"holder.js/100px180/\" alt=\"Card image cap\">\n    <div class=\"card-body\">\n      <h5 class=\"card-title\">Card title</h5>\n      <p class=\"card-text\">This card has supporting text below as a natural lead-in to additional content.</p>\n      <p class=\"card-text\"><small class=\"text-muted\">Last updated 3 mins ago</small></p>\n    </div>\n  </div>\n  <div class=\"card\">\n    <img class=\"card-img-top\" data-src=\"holder.js/100px180/\" alt=\"Card image cap\">\n    <div class=\"card-body\">\n      <h5 class=\"card-title\">Card title</h5>\n      <p class=\"card-text\">This is a wider card with supporting text below as a natural lead-in to additional content. This card has even longer content than the first to show that equal height action.</p>\n      <p class=\"card-text\"><small class=\"text-muted\">Last updated 3 mins ago</small></p>\n    </div>\n  </div></p>\n<p></div></p>\n<p></div>\n{{include ‘example’ content=example}}</p>\n<p>When using card groups with footers, their content will automatically line up.</p>\n<p>{{capture ‘example’}}</p>\n<p><div class=\"card-group\">\n  <div class=\"card\">\n    <img class=\"card-img-top\" data-src=\"holder.js/100px180/\" alt=\"Card image cap\">\n    <div class=\"card-body\">\n      <h5 class=\"card-title\">Card title</h5>\n      <p class=\"card-text\">This is a wider card with supporting text below as a natural lead-in to additional content. This content is a little bit longer.</p>\n    </div>\n    <div class=\"card-footer\">\n      <small class=\"text-muted\">Last updated 3 mins ago</small>\n    </div>\n  </div>\n  <div class=\"card\">\n    <img class=\"card-img-top\" data-src=\"holder.js/100px180/\" alt=\"Card image cap\">\n    <div class=\"card-body\">\n      <h5 class=\"card-title\">Card title</h5>\n      <p class=\"card-text\">This card has supporting text below as a natural lead-in to additional content.</p>\n    </div>\n    <div class=\"card-footer\">\n      <small class=\"text-muted\">Last updated 3 mins ago</small>\n    </div>\n  </div>\n  <div class=\"card\">\n    <img class=\"card-img-top\" data-src=\"holder.js/100px180/\" alt=\"Card image cap\">\n    <div class=\"card-body\">\n      <h5 class=\"card-title\">Card title</h5>\n      <p class=\"card-text\">This is a wider card with supporting text below as a natural lead-in to additional content. This card has even longer content than the first to show that equal height action.</p>\n    </div>\n    <div class=\"card-footer\">\n      <small class=\"text-muted\">Last updated 3 mins ago</small>\n    </div>\n  </div></p>\n<p></div></p>\n<p></div>\n{{include ‘example’ content=example}}</p>\n<h3 id=\"card-decks\">Card decks</h3>\n<p>Need a set of equal width and height cards that aren’t attached to one another? Use card decks.</p>\n<p>{{capture ‘example’}}</p>\n<p><div class=\"card-deck\">\n  <div class=\"card\">\n    <img class=\"card-img-top\" data-src=\"holder.js/100px200/\" alt=\"Card image cap\">\n    <div class=\"card-body\">\n      <h5 class=\"card-title\">Card title</h5>\n      <p class=\"card-text\">This is a longer card with supporting text below as a natural lead-in to additional content. This content is a little bit longer.</p>\n      <p class=\"card-text\"><small class=\"text-muted\">Last updated 3 mins ago</small></p>\n    </div>\n  </div>\n  <div class=\"card\">\n    <img class=\"card-img-top\" data-src=\"holder.js/100px200/\" alt=\"Card image cap\">\n    <div class=\"card-body\">\n      <h5 class=\"card-title\">Card title</h5>\n      <p class=\"card-text\">This card has supporting text below as a natural lead-in to additional content.</p>\n      <p class=\"card-text\"><small class=\"text-muted\">Last updated 3 mins ago</small></p>\n    </div>\n  </div>\n  <div class=\"card\">\n    <img class=\"card-img-top\" data-src=\"holder.js/100px200/\" alt=\"Card image cap\">\n    <div class=\"card-body\">\n      <h5 class=\"card-title\">Card title</h5>\n      <p class=\"card-text\">This is a wider card with supporting text below as a natural lead-in to additional content. This card has even longer content than the first to show that equal height action.</p>\n      <p class=\"card-text\"><small class=\"text-muted\">Last updated 3 mins ago</small></p>\n    </div>\n  </div></p>\n<p></div></p>\n<p></div>\n{{include ‘example’ content=example}}</p>\n<p>Just like with card groups, card footers in decks will automatically line up.</p>\n<p>{{capture ‘example’}}</p>\n<p><div class=\"card-deck\">\n  <div class=\"card\">\n    <img class=\"card-img-top\" data-src=\"holder.js/100px180/\" alt=\"Card image cap\">\n    <div class=\"card-body\">\n      <h5 class=\"card-title\">Card title</h5>\n      <p class=\"card-text\">This is a wider card with supporting text below as a natural lead-in to additional content. This content is a little bit longer.</p>\n    </div>\n    <div class=\"card-footer\">\n      <small class=\"text-muted\">Last updated 3 mins ago</small>\n    </div>\n  </div>\n  <div class=\"card\">\n    <img class=\"card-img-top\" data-src=\"holder.js/100px180/\" alt=\"Card image cap\">\n    <div class=\"card-body\">\n      <h5 class=\"card-title\">Card title</h5>\n      <p class=\"card-text\">This card has supporting text below as a natural lead-in to additional content.</p>\n    </div>\n    <div class=\"card-footer\">\n      <small class=\"text-muted\">Last updated 3 mins ago</small>\n    </div>\n  </div>\n  <div class=\"card\">\n    <img class=\"card-img-top\" data-src=\"holder.js/100px180/\" alt=\"Card image cap\">\n    <div class=\"card-body\">\n      <h5 class=\"card-title\">Card title</h5>\n      <p class=\"card-text\">This is a wider card with supporting text below as a natural lead-in to additional content. This card has even longer content than the first to show that equal height action.</p>\n    </div>\n    <div class=\"card-footer\">\n      <small class=\"text-muted\">Last updated 3 mins ago</small>\n    </div>\n  </div></p>\n<p></div></p>\n<p></div>\n{{include ‘example’ content=example}}</p>\n<h3 id=\"card-columns\">Card columns</h3>\n<p>Cards can be organized into <a href=\"https://masonry.desandro.com/\">Masonry</a>-like columns with just CSS by wrapping them in <code>.card-columns</code>. Cards are built with CSS <code>column</code> properties instead of flexbox for easier alignment. Cards are ordered from top to bottom and left to right.</p>\n<p><strong>Heads up!</strong> Your mileage with card columns may vary. To prevent cards breaking across columns, we must set them to <code>display: inline-block</code> as <code>column-break-inside: avoid</code> isn’t a bulletproof solution yet.</p>\n<p>{{capture ‘example’}}</p>\n<p><div class=\"card-columns\">\n  <div class=\"card\">\n    <img class=\"card-img-top\" data-src=\"holder.js/100px160/\" alt=\"Card image cap\">\n    <div class=\"card-body\">\n      <h5 class=\"card-title\">Card title that wraps to a new line</h5>\n      <p class=\"card-text\">This is a longer card with supporting text below as a natural lead-in to additional content. This content is a little bit longer.</p>\n    </div>\n  </div>\n  <div class=\"card p-3\">\n    <blockquote class=\"blockquote mb-0 card-body\">\n      <p>Lorem ipsum dolor sit amet, consectetur adipiscing elit. Integer posuere erat a ante.</p>\n      <footer class=\"blockquote-footer\">\n        <small class=\"text-muted\">\n          Someone famous in <cite title=\"Source Title\">Source Title</cite>\n        </small>\n      </footer>\n    </blockquote>\n  </div>\n  <div class=\"card\">\n    <img class=\"card-img-top\" data-src=\"holder.js/100px160/\" alt=\"Card image cap\">\n    <div class=\"card-body\">\n      <h5 class=\"card-title\">Card title</h5>\n      <p class=\"card-text\">This card has supporting text below as a natural lead-in to additional content.</p>\n      <p class=\"card-text\"><small class=\"text-muted\">Last updated 3 mins ago</small></p>\n    </div>\n  </div>\n  <div class=\"card bg-primary text-white text-center p-3\">\n    <blockquote class=\"blockquote mb-0\">\n      <p>Lorem ipsum dolor sit amet, consectetur adipiscing elit. Integer posuere erat.</p>\n      <footer class=\"blockquote-footer\">\n        <small>\n          Someone famous in <cite title=\"Source Title\">Source Title</cite>\n        </small>\n      </footer>\n    </blockquote>\n  </div>\n  <div class=\"card text-center\">\n    <div class=\"card-body\">\n      <h5 class=\"card-title\">Card title</h5>\n      <p class=\"card-text\">This card has supporting text below as a natural lead-in to additional content.</p>\n      <p class=\"card-text\"><small class=\"text-muted\">Last updated 3 mins ago</small></p>\n    </div>\n  </div>\n  <div class=\"card\">\n    <img class=\"card-img\" data-src=\"holder.js/100px260/\" alt=\"Card image\">\n  </div>\n  <div class=\"card p-3 text-right\">\n    <blockquote class=\"blockquote mb-0\">\n      <p>Lorem ipsum dolor sit amet, consectetur adipiscing elit. Integer posuere erat a ante.</p>\n      <footer class=\"blockquote-footer\">\n        <small class=\"text-muted\">\n          Someone famous in <cite title=\"Source Title\">Source Title</cite>\n        </small>\n      </footer>\n    </blockquote>\n  </div>\n  <div class=\"card\">\n    <div class=\"card-body\">\n      <h5 class=\"card-title\">Card title</h5>\n      <p class=\"card-text\">This is a wider card with supporting text below as a natural lead-in to additional content. This card has even longer content than the first to show that equal height action.</p>\n      <p class=\"card-text\"><small class=\"text-muted\">Last updated 3 mins ago</small></p>\n    </div>\n  </div></p>\n<p></div></p>\n<p></div>\n{{include ‘example’ content=example}}</p>\n<p>Card columns can also be extended and customized with some additional code. Shown below is an extension of the <code>.card-columns</code> class using the same CSS we use—CSS columns— to generate a set of responsive tiers for changing the number of columns.</p>\n<p><code>scss\n.card-columns {\n  @include media-breakpoint-only(lg) {\n    column-count: 4;\n  }\n  @include media-breakpoint-only(xl) {\n    column-count: 5;\n  }\n}</code></p>\n","updatedAt":"2018-06-06T20:04:50.000Z"}