{"layout":"docs","title":"Collapse","description":"Toggle the visibility of content across your project with a few classes and our JavaScript plugins.","group":"components","toc":true,"body":"<h2 id=\"how-it-works\">How it works</h2>\n<p>The collapse JavaScript plugin is used to show and hide content. Buttons or anchors are used as triggers that are mapped to specific elements you toggle. Collapsing an element will animate the <code>height</code> from it’s current value to <code>0</code>. Given how CSS handles animations, you cannot use <code>padding</code> on a <code>.collapse</code> element. Instead, use the class as an independent wrapping element.</p>\n<h2 id=\"example\">Example</h2>\n<p>Click the buttons below to show and hide another element via class changes:</p>\n<ul>\n<li><code>.collapse</code> hides content</li>\n<li><code>.collapsing</code> is applied during transitions</li>\n<li><code>.collapse.show</code> shows content</li>\n</ul>\n<p>You can use a link with the <code>href</code> attribute, or a button with the <code>data-target</code> attribute. In both cases, the <code>data-toggle=&quot;collapse&quot;</code> is required.</p>\n<p>{{capture ‘example’}}</p>\n<p><p>\n  <a class=\"btn btn-primary\" data-toggle=\"collapse\" href=\"#collapseExample\" role=\"button\" aria-expanded=\"false\" aria-controls=\"collapseExample\">\n    Link with href\n  </a>\n  <button class=\"btn btn-primary\" type=\"button\" data-toggle=\"collapse\" data-target=\"#collapseExample\" aria-expanded=\"false\" aria-controls=\"collapseExample\">\n    Button with data-target\n  </button></p>\n<p></p></p>\n<div class=\"collapse\" id=\"collapseExample\">\n  <div class=\"card card-body\">\n    Anim pariatur cliche reprehenderit, enim eiusmod high life accusamus terry richardson ad squid. Nihil anim keffiyeh helvetica, craft beer labore wes anderson cred nesciunt sapiente ea proident.\n  </div>\n</div>\n</div>\n{{include 'example' content=example}}\n\n## Multiple targets\n\nA `<button>` or `<a>` can show and hide multiple elements by referencing them with a JQuery selector in its `href` or `data-target` attribute.\nMultiple `<button>` or `<a>` can show and hide an element if they each reference it with their `href` or `data-target` attribute\n\n{{capture 'example'}}\n<p>\n  <a class=\"btn btn-primary\" data-toggle=\"collapse\" href=\"#multiCollapseExample1\" role=\"button\" aria-expanded=\"false\" aria-controls=\"multiCollapseExample1\">Toggle first element</a>\n  <button class=\"btn btn-primary\" type=\"button\" data-toggle=\"collapse\" data-target=\"#multiCollapseExample2\" aria-expanded=\"false\" aria-controls=\"multiCollapseExample2\">Toggle second element</button>\n  <button class=\"btn btn-primary\" type=\"button\" data-toggle=\"collapse\" data-target=\".multi-collapse\" aria-expanded=\"false\" aria-controls=\"multiCollapseExample1 multiCollapseExample2\">Toggle both elements</button>\n</p>\n<div class=\"row\">\n  <div class=\"col\">\n    <div class=\"collapse multi-collapse\" id=\"multiCollapseExample1\">\n      <div class=\"card card-body\">\n        Anim pariatur cliche reprehenderit, enim eiusmod high life accusamus terry richardson ad squid. Nihil anim keffiyeh helvetica, craft beer labore wes anderson cred nesciunt sapiente ea proident.\n      </div>\n    </div>\n  </div>\n  <div class=\"col\">\n    <div class=\"collapse multi-collapse\" id=\"multiCollapseExample2\">\n      <div class=\"card card-body\">\n        Anim pariatur cliche reprehenderit, enim eiusmod high life accusamus terry richardson ad squid. Nihil anim keffiyeh helvetica, craft beer labore wes anderson cred nesciunt sapiente ea proident.\n      </div>\n    </div>\n  </div>\n</div>\n</div>\n{{include 'example' content=example}}\n\n## Accordion example\n\nUsing the [card]({{ shared.baseurl }}/docs/{{ shared.docs_version }}/components/card/) component, you can extend the default collapse behavior to create an accordion.\n\n{{capture 'example'}}\n<div class=\"accordion\" id=\"accordionExample\">\n  <div class=\"card\">\n    <div class=\"card-header\" id=\"headingOne\">\n      <h5 class=\"mb-0\">\n        <button class=\"btn btn-link\" type=\"button\" data-toggle=\"collapse\" data-target=\"#collapseOne\" aria-expanded=\"true\" aria-controls=\"collapseOne\">\n          Collapsible Group Item #1\n        </button>\n      </h5>\n    </div>\n\n<pre><code>&lt;div id=&quot;collapseOne&quot; class=&quot;collapse show&quot; aria-labelledby=&quot;headingOne&quot; data-parent=&quot;#accordionExample&quot;&gt;\n  &lt;div class=&quot;card-body&quot;&gt;\n    Anim pariatur cliche reprehenderit, enim eiusmod high life accusamus terry richardson ad squid. 3 wolf moon officia aute, non cupidatat skateboard dolor brunch. Food truck quinoa nesciunt laborum eiusmod. Brunch 3 wolf moon tempor, sunt aliqua put a bird on it squid single-origin coffee a assumenda shoreditch et. Nihil anim keffiyeh helvetica, craft beer labore wes anderson cred nesciunt sapiente ea proident. Ad vegan excepteur butcher vice lomo. Leggings occaecat craft beer farm-to-table, raw denim aesthetic synth nesciunt you probably haven&#39;t heard of them accusamus labore sustainable VHS.\n  &lt;/div&gt;\n&lt;/div&gt;\n</code></pre><p>  </div>\n  <div class=\"card\">\n    <div class=\"card-header\" id=\"headingTwo\">\n      <h5 class=\"mb-0\">\n        <button class=\"btn btn-link collapsed\" type=\"button\" data-toggle=\"collapse\" data-target=\"#collapseTwo\" aria-expanded=\"false\" aria-controls=\"collapseTwo\">\n          Collapsible Group Item #2\n        </button>\n      </h5>\n    </div>\n    <div id=\"collapseTwo\" class=\"collapse\" aria-labelledby=\"headingTwo\" data-parent=\"#accordionExample\">\n      <div class=\"card-body\">\n        Anim pariatur cliche reprehenderit, enim eiusmod high life accusamus terry richardson ad squid. 3 wolf moon officia aute, non cupidatat skateboard dolor brunch. Food truck quinoa nesciunt laborum eiusmod. Brunch 3 wolf moon tempor, sunt aliqua put a bird on it squid single-origin coffee a assumenda shoreditch et. Nihil anim keffiyeh helvetica, craft beer labore wes anderson cred nesciunt sapiente ea proident. Ad vegan excepteur butcher vice lomo. Leggings occaecat craft beer farm-to-table, raw denim aesthetic synth nesciunt you probably haven’t heard of them accusamus labore sustainable VHS.\n      </div>\n    </div>\n  </div>\n  <div class=\"card\">\n    <div class=\"card-header\" id=\"headingThree\">\n      <h5 class=\"mb-0\">\n        <button class=\"btn btn-link collapsed\" type=\"button\" data-toggle=\"collapse\" data-target=\"#collapseThree\" aria-expanded=\"false\" aria-controls=\"collapseThree\">\n          Collapsible Group Item #3\n        </button>\n      </h5>\n    </div>\n    <div id=\"collapseThree\" class=\"collapse\" aria-labelledby=\"headingThree\" data-parent=\"#accordionExample\">\n      <div class=\"card-body\">\n        Anim pariatur cliche reprehenderit, enim eiusmod high life accusamus terry richardson ad squid. 3 wolf moon officia aute, non cupidatat skateboard dolor brunch. Food truck quinoa nesciunt laborum eiusmod. Brunch 3 wolf moon tempor, sunt aliqua put a bird on it squid single-origin coffee a assumenda shoreditch et. Nihil anim keffiyeh helvetica, craft beer labore wes anderson cred nesciunt sapiente ea proident. Ad vegan excepteur butcher vice lomo. Leggings occaecat craft beer farm-to-table, raw denim aesthetic synth nesciunt you probably haven’t heard of them accusamus labore sustainable VHS.\n      </div>\n    </div>\n  </div></p>\n<p></div></p>\n<p></div>\n{{include ‘example’ content=example}}</p>\n<h2 id=\"accessibility\">Accessibility</h2>\n<p>Be sure to add <code>aria-expanded</code> to the control element. This attribute explicitly conveys the current state of the collapsible element tied to the control to screen readers and similar assistive technologies. If the collapsible element is closed by default, the attribute on the control element should have a value of <code>aria-expanded=&quot;false&quot;</code>. If you’ve set the collapsible element to be open by default using the <code>show</code> class, set <code>aria-expanded=&quot;true&quot;</code> on the control instead. The plugin will automatically toggle this attribute on the control based on whether or not the collapsible element has been opened or closed (via JavaScript, or because the user triggered another control element also tied to the same collapsbile element). If the control element’s HTML element is not a button (e.g., an <code>&lt;a&gt;</code> or <code>&lt;div&gt;</code>), the attribute <code>role=&quot;button&quot;</code> should be added to the element.</p>\n<p>If your control element is targeting a single collapsible element – i.e. the <code>data-target</code> attribute is pointing to an <code>id</code> selector – you should add the <code>aria-controls</code> attribute to the control element, containing the <code>id</code> of the collapsible element. Modern screen readers and similar assistive technologies make use of this attribute to provide users with additional shortcuts to navigate directly to the collapsible element itself.</p>\n<p>Note that framekit’s current implementation does not cover the various keyboard interactions described in the <a href=\"https://www.w3.org/TR/wai-aria-practices-1.1/#accordion\">WAI-ARIA Authoring Practices 1.1 accordion pattern</a> - you will need to include these yourself with custom JavaScript.</p>\n<h2 id=\"usage\">Usage</h2>\n<p>The collapse plugin utilizes a few classes to handle the heavy lifting:</p>\n<ul>\n<li><code>.collapse</code> hides the content</li>\n<li><code>.collapse.show</code> shows the content</li>\n<li><code>.collapsing</code> is added when the transition starts, and removed when it finishes</li>\n</ul>\n<p>These classes can be found in <code>_transitions.scss</code>.</p>\n<h3 id=\"via-data-attributes\">Via data attributes</h3>\n<p>Just add <code>data-toggle=&quot;collapse&quot;</code> and a <code>data-target</code> to the element to automatically assign control of one or more collapsible elements. The <code>data-target</code> attribute accepts a CSS selector to apply the collapse to. Be sure to add the class <code>collapse</code> to the collapsible element. If you’d like it to default open, add the additional class <code>show</code>.</p>\n<p>To add accordion-like group management to a collapsible area, add the data attribute <code>data-parent=&quot;#selector&quot;</code>. Refer to the demo to see this in action.</p>\n<h3 id=\"via-javascript\">Via JavaScript</h3>\n<p>Enable manually with:</p>\n<p><code>js\n$(&#39;.collapse&#39;).collapse()</code></p>\n<h3 id=\"options\">Options</h3>\n<p>Options can be passed via data attributes or JavaScript. For data attributes, append the option name to <code>data-</code>, as in <code>data-parent=&quot;&quot;</code>.</p>\n<table class=\"table table-bordered table-striped\">\n  <thead>\n    <tr>\n      <th style=\"width: 100px;\">Name</th>\n      <th style=\"width: 50px;\">Type</th>\n      <th style=\"width: 50px;\">Default</th>\n      <th>Description</th>\n    </tr>\n  </thead>\n  <tbody>\n    <tr>\n      <td>parent</td>\n      <td>selector | jQuery object | DOM element </td>\n      <td>false</td>\n      <td>If parent is provided, then all collapsible elements under the specified parent will be closed when this collapsible item is shown. (similar to traditional accordion behavior - this is dependent on the <code>card</code> class). The attribute has to be set on the target collapsible area.</td>\n    </tr>\n    <tr>\n      <td>toggle</td>\n      <td>boolean</td>\n      <td>true</td>\n      <td>Toggles the collapsible element on invocation</td>\n    </tr>\n  </tbody>\n</table>\n\n<h3 id=\"methods\">Methods</h3>\n<p>{{include ‘callout-danger-async-methods.md’}}</p>\n<h4 id=\"-collapse-options-\"><code>.collapse(options)</code></h4>\n<p>Activates your content as a collapsible element. Accepts an optional options <code>object</code>.</p>\n<p><code>js\n$(&#39;#myCollapsible&#39;).collapse({\n  toggle: false\n})</code></p>\n<h4 id=\"-collapse-toggle-\"><code>.collapse(&#39;toggle&#39;)</code></h4>\n<p>Toggles a collapsible element to shown or hidden. <strong>Returns to the caller before the collapsible element has actually been shown or hidden</strong> (i.e. before the <code>shown.bs.collapse</code> or <code>hidden.bs.collapse</code> event occurs).</p>\n<h4 id=\"-collapse-show-\"><code>.collapse(&#39;show&#39;)</code></h4>\n<p>Shows a collapsible element. <strong>Returns to the caller before the collapsible element has actually been shown</strong> (i.e. before the <code>shown.bs.collapse</code> event occurs).</p>\n<h4 id=\"-collapse-hide-\"><code>.collapse(&#39;hide&#39;)</code></h4>\n<p>Hides a collapsible element. <strong>Returns to the caller before the collapsible element has actually been hidden</strong> (i.e. before the <code>hidden.bs.collapse</code> event occurs).</p>\n<h4 id=\"-collapse-dispose-\"><code>.collapse(&#39;dispose&#39;)</code></h4>\n<p>Destroys an element’s collapse.</p>\n<h3 id=\"events\">Events</h3>\n<p>framekit’s collapse class exposes a few events for hooking into collapse functionality.</p>\n<table class=\"table table-bordered table-striped\">\n  <thead>\n    <tr>\n      <th style=\"width: 150px;\">Event Type</th>\n      <th>Description</th>\n    </tr>\n  </thead>\n  <tbody>\n    <tr>\n      <td>show.bs.collapse</td>\n      <td>This event fires immediately when the <code>show</code> instance method is called.</td>\n    </tr>\n    <tr>\n      <td>shown.bs.collapse</td>\n      <td>This event is fired when a collapse element has been made visible to the user (will wait for CSS transitions to complete).</td>\n    </tr>\n    <tr>\n      <td>hide.bs.collapse</td>\n      <td>This event is fired immediately when the <code>hide</code> method has been called.</td>\n    </tr>\n    <tr>\n      <td>hidden.bs.collapse</td>\n      <td>This event is fired when a collapse element has been hidden from the user (will wait for CSS transitions to complete).</td>\n    </tr>\n  </tbody>\n</table>\n\n<p><code>js\n$(&#39;#myCollapsible&#39;).on(&#39;hidden.bs.collapse&#39;, function () {\n  // do something…\n})</code></p>\n","updatedAt":"2018-06-06T20:04:50.000Z"}