{"layout":"docs","title":"Display property","description":"Quickly and responsively toggle the display value of components and more with our display utilities. Includes support for some of the more common values, as well as some extras for controlling display when printing.","group":"utilities","toc":true,"body":"<h2 id=\"how-it-works\">How it works</h2>\n<p>Change the value of the <a href=\"https://developer.mozilla.org/en-US/docs/Web/CSS/display\"><code>display</code> property</a> with our responsive display utility classes. We purposely support only a subset of all possible values for <code>display</code>. Classes can be combined for various effects as you need.</p>\n<h2 id=\"notation\">Notation</h2>\n<p>Display utility classes that apply to all <a href=\"%7B%7B%20%7B%7Bshared.baseurl%20%7D%7D/docs/%7B%7B%20shared.docs_version%20%7D%7D/layout/overview/#responsive-breakpoints\">breakpoints</a>, from <code>xs</code> to <code>xl</code>, have no breakpoint abbreviation in them. This is because those classes are applied from <code>min-width: 0;</code> and up, and thus are not bound by a media query. The remaining breakpoints, however, do include a breakpoint abbreviation.</p>\n<p>As such, the classes are named using the format:</p>\n<ul>\n<li><code>.d-{value}</code> for <code>xs</code></li>\n<li><code>.d-{breakpoint}-{value}</code> for <code>sm</code>, <code>md</code>, <code>lg</code>, and <code>xl</code>.</li>\n</ul>\n<p>Where <em>value</em> is one of:</p>\n<ul>\n<li><code>none</code></li>\n<li><code>inline</code></li>\n<li><code>inline-block</code></li>\n<li><code>block</code></li>\n<li><code>table</code></li>\n<li><code>table-cell</code></li>\n<li><code>table-row</code></li>\n<li><code>flex</code></li>\n<li><code>inline-flex</code></li>\n</ul>\n<p>The media queries effect screen widths with the given breakpoint <em>or larger</em>. For example, <code>.d-lg-none</code> sets <code>display: none;</code> on both <code>lg</code> and <code>xl</code> screens.</p>\n<h2 id=\"examples\">Examples</h2>\n<div class=\"fkd-example\">\n<div class=\"d-inline p-2 bg-primary text-white\">d-inline</div>\n<div class=\"d-inline p-2 bg-dark text-white\">d-inline</div>\n</div>\n\n\n<div class=\"fkd-example\">\n<span class=\"d-block p-2 bg-primary text-white\">d-block</span>\n<span class=\"d-block p-2 bg-dark text-white\">d-block</span>\n</div>\n\n\n<h2 id=\"hiding-elements\">Hiding elements</h2>\n<p>For faster mobile-friendly development, use responsive display classes for showing and hiding elements by device. Avoid creating entirely different versions of the same site, instead hide element responsively for each screen size.</p>\n<p>To hide elements simply use the <code>.d-none</code> class or one of the <code>.d-{sm,md,lg,xl}-none</code> classes for any responsive screen variation.</p>\n<p>To show an element only on a given interval of screen sizes you can combine one <code>.d-*-none</code> class with a <code>.d-*-*</code> class, for example <code>.d-none .d-md-block .d-xl-none</code> will hide the element for all screen sizes except on medium and large devices.</p>\n<p>| Screen Size        | Class |\n| —                | — |\n| Hidden on all      | <code>.d-none</code> |\n| Hidden only on xs  | <code>.d-none .d-sm-block</code> |\n| Hidden only on sm  | <code>.d-sm-none .d-md-block</code> |\n| Hidden only on md  | <code>.d-md-none .d-lg-block</code> |\n| Hidden only on lg  | <code>.d-lg-none .d-xl-block</code> |\n| Hidden only on xl  | <code>.d-xl-none</code> |\n| Visible on all     | <code>.d-block</code> |\n| Visible only on xs | <code>.d-block .d-sm-none</code> |\n| Visible only on sm | <code>.d-none .d-sm-block .d-md-none</code> |\n| Visible only on md | <code>.d-none .d-md-block .d-lg-none</code> |\n| Visible only on lg | <code>.d-none .d-lg-block .d-xl-none</code> |\n| Visible only on xl | <code>.d-none .d-xl-block</code> |</p>\n<div class=\"fkd-example\">\n<div class=\"d-lg-none\">hide on screens wider than lg</div>\n<div class=\"d-none d-lg-block\">hide on screens smaller than lg</div>\n</div>\n\n\n<h2 id=\"display-in-print\">Display in print</h2>\n<p>Change the <code>display</code> value of elements when printing with our print display utility classes. Includes support for the same <code>display</code> values as our responsive <code>.d-*</code> utilities.</p>\n<ul>\n<li><code>.d-print-none</code></li>\n<li><code>.d-print-inline</code></li>\n<li><code>.d-print-inline-block</code></li>\n<li><code>.d-print-block</code></li>\n<li><code>.d-print-table</code></li>\n<li><code>.d-print-table-row</code></li>\n<li><code>.d-print-table-cell</code></li>\n<li><code>.d-print-flex</code></li>\n<li><code>.d-print-inline-flex</code></li>\n</ul>\n<p>The print and display classes can be combined.</p>\n<div class=\"fkd-example\">\n<div class=\"d-print-none\">Screen Only (Hide on print only)</div>\n<div class=\"d-none d-print-block\">Print Only (Hide on screen only)</div>\n<div class=\"d-none d-lg-block d-print-block\">Hide up to large on screen, but always show on print</div>\n</div>\n\n","updatedAt":"2018-06-06T20:04:50.000Z"}