{"layout":"docs","title":"Dropdowns","description":"Toggle contextual overlays for displaying lists of links and more with the framekit dropdown plugin.","group":"components","toc":true,"body":"<h2 id=\"overview\">Overview</h2>\n<p>Dropdowns are toggleable, contextual overlays for displaying lists of links and more. They’re made interactive with the included framekit dropdown JavaScript plugin. They’re toggled by clicking, not by hovering; this is <a href=\"http://markdotto.com/2012/02/27/framekit-explained-dropdowns/\">an intentional design decision.</a></p>\n<p>Dropdowns are built on a third party library, <a href=\"https://popper.js.org/\">Popper.js</a>, which provides dynamic positioning and viewport detection. Be sure to include <a href=\"%7B%7B%20shared.cdn.popper%20%7D%7D\">popper.min.js</a> before framekit’s JavaScript or use <code>framekit.bundle.min.js</code> / <code>framekit.bundle.js</code> which contains Popper.js. Popper.js isn’t used to position dropdowns in navbars though as dynamic positioning isn’t required.</p>\n<p>If you’re building our JavaScript from source, it <a href=\"%7B%7B%20shared.baseurl%20%7D%7D/docs/%7B%7B%20shared.docs_version%20%7D%7D/getting-started/javascript/#util\">requires <code>util.js</code></a>.</p>\n<h2 id=\"accessibility\">Accessibility</h2>\n<p>The <a href=\"https://www.w3.org/TR/wai-aria/\"><abbr title=\"Web Accessibility Initiative\">WAI</abbr> <abbr title=\"Accessible Rich Internet Applications\">ARIA</abbr></a> standard defines an actual <a href=\"https://www.w3.org/WAI/PF/aria/roles#menu\"><code>role=&quot;menu&quot;</code> widget</a>, but this is specific to application-like menus which trigger actions or functions. <abbr title=\"Accessible Rich Internet Applications\">ARIA</abbr> menus can only contain menu items, checkbox menu items, radio button menu items, radio button groups, and sub-menus.</p>\n<p>framekit’s dropdowns, on the other hand, are designed to be generic and applicable to a variety of situations and markup structures. For instance, it is possible to create dropdowns that contain additional inputs and form controls, such as search fields or login forms. For this reason, framekit does not expect (nor automatically add) any of the <code>role</code> and <code>aria-</code> attributes required for true <abbr title=\"Accessible Rich Internet Applications\">ARIA</abbr> menus. Authors will have to include these more specific attributes themselves.</p>\n<p>However, framekit does add built-in support for most standard keyboard menu interactions, such as the ability to move through individual <code>.dropdown-item</code> elements using the cursor keys and close the menu with the <kbd>ESC</kbd> key.</p>\n<h2 id=\"examples\">Examples</h2>\n<p>Wrap the dropdown’s toggle (your button or link) and the dropdown menu within <code>.dropdown</code>, or another element that declares <code>position: relative;</code>. Dropdowns can be triggered from <code>&lt;a&gt;</code> or <code>&lt;button&gt;</code> elements to better fit your potential needs.</p>\n<h3 id=\"single-button\">Single button</h3>\n<p>Any single <code>.btn</code> can be turned into a dropdown toggle with some markup changes. Here’s how you can put them to work with either <code>&lt;button&gt;</code> elements:</p>\n<p>{{capture ‘example’}}</p>\n<div class=\"dropdown\">\n  <button class=\"btn btn-secondary dropdown-toggle\" type=\"button\" id=\"dropdownMenuButton\" data-toggle=\"dropdown\" aria-haspopup=\"true\" aria-expanded=\"false\">\n    Dropdown button\n  </button>\n  <div class=\"dropdown-menu\" aria-labelledby=\"dropdownMenuButton\">\n    <a class=\"dropdown-item\" href=\"#\">Action</a>\n    <a class=\"dropdown-item\" href=\"#\">Another action</a>\n    <a class=\"dropdown-item\" href=\"#\">Something else here</a>\n  </div>\n</div>\n</div>\n{{include 'example' content=example}}\n\nAnd with `<a>` elements:\n\n{{capture 'example'}}\n<div class=\"dropdown\">\n  <a class=\"btn btn-secondary dropdown-toggle\" href=\"#\" role=\"button\" id=\"dropdownMenuLink\" data-toggle=\"dropdown\" aria-haspopup=\"true\" aria-expanded=\"false\">\n    Dropdown link\n  </a>\n\n  <div class=\"dropdown-menu\" aria-labelledby=\"dropdownMenuLink\">\n    <a class=\"dropdown-item\" href=\"#\">Action</a>\n    <a class=\"dropdown-item\" href=\"#\">Another action</a>\n    <a class=\"dropdown-item\" href=\"#\">Something else here</a>\n  </div>\n</div>\n</div>\n{{include 'example' content=example}}\n\nThe best part is you can do this with any button variant, too:\n\n<div class=\"fkd-example\">\n  <div class=\"btn-group\">\n    <button type=\"button\" class=\"btn btn-primary dropdown-toggle\" data-toggle=\"dropdown\" aria-haspopup=\"true\" aria-expanded=\"false\">Primary</button>\n    <div class=\"dropdown-menu\">\n      <a class=\"dropdown-item\" href=\"#\">Action</a>\n      <a class=\"dropdown-item\" href=\"#\">Another action</a>\n      <a class=\"dropdown-item\" href=\"#\">Something else here</a>\n      <div class=\"dropdown-divider\"></div>\n      <a class=\"dropdown-item\" href=\"#\">Separated link</a>\n    </div>\n  </div><!-- /btn-group -->\n  <div class=\"btn-group\">\n    <button type=\"button\" class=\"btn btn-secondary dropdown-toggle\" data-toggle=\"dropdown\" aria-haspopup=\"true\" aria-expanded=\"false\">Secondary</button>\n    <div class=\"dropdown-menu\">\n      <a class=\"dropdown-item\" href=\"#\">Action</a>\n      <a class=\"dropdown-item\" href=\"#\">Another action</a>\n      <a class=\"dropdown-item\" href=\"#\">Something else here</a>\n      <div class=\"dropdown-divider\"></div>\n      <a class=\"dropdown-item\" href=\"#\">Separated link</a>\n    </div>\n  </div><!-- /btn-group -->\n  <div class=\"btn-group\">\n    <button type=\"button\" class=\"btn btn-success dropdown-toggle\" data-toggle=\"dropdown\" aria-haspopup=\"true\" aria-expanded=\"false\">Success</button>\n    <div class=\"dropdown-menu\">\n      <a class=\"dropdown-item\" href=\"#\">Action</a>\n      <a class=\"dropdown-item\" href=\"#\">Another action</a>\n      <a class=\"dropdown-item\" href=\"#\">Something else here</a>\n      <div class=\"dropdown-divider\"></div>\n      <a class=\"dropdown-item\" href=\"#\">Separated link</a>\n    </div>\n  </div><!-- /btn-group -->\n  <div class=\"btn-group\">\n    <button type=\"button\" class=\"btn btn-info dropdown-toggle\" data-toggle=\"dropdown\" aria-haspopup=\"true\" aria-expanded=\"false\">Info</button>\n    <div class=\"dropdown-menu\">\n      <a class=\"dropdown-item\" href=\"#\">Action</a>\n      <a class=\"dropdown-item\" href=\"#\">Another action</a>\n      <a class=\"dropdown-item\" href=\"#\">Something else here</a>\n      <div class=\"dropdown-divider\"></div>\n      <a class=\"dropdown-item\" href=\"#\">Separated link</a>\n    </div>\n  </div><!-- /btn-group -->\n  <div class=\"btn-group\">\n    <button type=\"button\" class=\"btn btn-warning dropdown-toggle\" data-toggle=\"dropdown\" aria-haspopup=\"true\" aria-expanded=\"false\">Warning</button>\n    <div class=\"dropdown-menu\">\n      <a class=\"dropdown-item\" href=\"#\">Action</a>\n      <a class=\"dropdown-item\" href=\"#\">Another action</a>\n      <a class=\"dropdown-item\" href=\"#\">Something else here</a>\n      <div class=\"dropdown-divider\"></div>\n      <a class=\"dropdown-item\" href=\"#\">Separated link</a>\n    </div>\n  </div><!-- /btn-group -->\n  <div class=\"btn-group\">\n    <button type=\"button\" class=\"btn btn-danger dropdown-toggle\" data-toggle=\"dropdown\" aria-haspopup=\"true\" aria-expanded=\"false\">Danger</button>\n    <div class=\"dropdown-menu\">\n      <a class=\"dropdown-item\" href=\"#\">Action</a>\n      <a class=\"dropdown-item\" href=\"#\">Another action</a>\n      <a class=\"dropdown-item\" href=\"#\">Something else here</a>\n      <div class=\"dropdown-divider\"></div>\n      <a class=\"dropdown-item\" href=\"#\">Separated link</a>\n    </div>\n  </div><!-- /btn-group -->\n</div>\n\n<p><code>`</code>html</p>\n<!-- Example single danger button -->\n<div class=\"btn-group\">\n  <button type=\"button\" class=\"btn btn-danger dropdown-toggle\" data-toggle=\"dropdown\" aria-haspopup=\"true\" aria-expanded=\"false\">\n    Action\n  </button>\n  <div class=\"dropdown-menu\">\n    <a class=\"dropdown-item\" href=\"#\">Action</a>\n    <a class=\"dropdown-item\" href=\"#\">Another action</a>\n    <a class=\"dropdown-item\" href=\"#\">Something else here</a>\n    <div class=\"dropdown-divider\"></div>\n    <a class=\"dropdown-item\" href=\"#\">Separated link</a>\n  </div>\n</div>\n```\n\n### Split button\n\nSimilarly, create split button dropdowns with virtually the same markup as single button dropdowns, but with the addition of `.dropdown-toggle-split` for proper spacing around the dropdown caret.\n\nWe use this extra class to reduce the horizontal `padding` on either side of the caret by 25% and remove the `margin-left` that's added for regular button dropdowns. Those extra changes keep the caret centered in the split button and provide a more appropriately sized hit area next to the main button.\n\n<div class=\"fkd-example\">\n  <div class=\"btn-group\">\n    <button type=\"button\" class=\"btn btn-primary\">Primary</button>\n    <button type=\"button\" class=\"btn btn-primary dropdown-toggle dropdown-toggle-split\" data-toggle=\"dropdown\" aria-haspopup=\"true\" aria-expanded=\"false\">\n      <span class=\"sr-only\">Toggle Dropdown</span>\n    </button>\n    <div class=\"dropdown-menu\">\n      <a class=\"dropdown-item\" href=\"#\">Action</a>\n      <a class=\"dropdown-item\" href=\"#\">Another action</a>\n      <a class=\"dropdown-item\" href=\"#\">Something else here</a>\n      <div class=\"dropdown-divider\"></div>\n      <a class=\"dropdown-item\" href=\"#\">Separated link</a>\n    </div>\n  </div><!-- /btn-group -->\n  <div class=\"btn-group\">\n    <button type=\"button\" class=\"btn btn-secondary\">Secondary</button>\n    <button type=\"button\" class=\"btn btn-secondary dropdown-toggle dropdown-toggle-split\" data-toggle=\"dropdown\" aria-haspopup=\"true\" aria-expanded=\"false\">\n      <span class=\"sr-only\">Toggle Dropdown</span>\n    </button>\n    <div class=\"dropdown-menu\">\n      <a class=\"dropdown-item\" href=\"#\">Action</a>\n      <a class=\"dropdown-item\" href=\"#\">Another action</a>\n      <a class=\"dropdown-item\" href=\"#\">Something else here</a>\n      <div class=\"dropdown-divider\"></div>\n      <a class=\"dropdown-item\" href=\"#\">Separated link</a>\n    </div>\n  </div><!-- /btn-group -->\n  <div class=\"btn-group\">\n    <button type=\"button\" class=\"btn btn-success\">Success</button>\n    <button type=\"button\" class=\"btn btn-success dropdown-toggle dropdown-toggle-split\" data-toggle=\"dropdown\" aria-haspopup=\"true\" aria-expanded=\"false\">\n      <span class=\"sr-only\">Toggle Dropdown</span>\n    </button>\n    <div class=\"dropdown-menu\">\n      <a class=\"dropdown-item\" href=\"#\">Action</a>\n      <a class=\"dropdown-item\" href=\"#\">Another action</a>\n      <a class=\"dropdown-item\" href=\"#\">Something else here</a>\n      <div class=\"dropdown-divider\"></div>\n      <a class=\"dropdown-item\" href=\"#\">Separated link</a>\n    </div>\n  </div><!-- /btn-group -->\n  <div class=\"btn-group\">\n    <button type=\"button\" class=\"btn btn-info\">Info</button>\n    <button type=\"button\" class=\"btn btn-info dropdown-toggle dropdown-toggle-split\" data-toggle=\"dropdown\" aria-haspopup=\"true\" aria-expanded=\"false\">\n      <span class=\"sr-only\">Toggle Dropdown</span>\n    </button>\n    <div class=\"dropdown-menu\">\n      <a class=\"dropdown-item\" href=\"#\">Action</a>\n      <a class=\"dropdown-item\" href=\"#\">Another action</a>\n      <a class=\"dropdown-item\" href=\"#\">Something else here</a>\n      <div class=\"dropdown-divider\"></div>\n      <a class=\"dropdown-item\" href=\"#\">Separated link</a>\n    </div>\n  </div><!-- /btn-group -->\n  <div class=\"btn-group\">\n    <button type=\"button\" class=\"btn btn-warning\">Warning</button>\n    <button type=\"button\" class=\"btn btn-warning dropdown-toggle dropdown-toggle-split\" data-toggle=\"dropdown\" aria-haspopup=\"true\" aria-expanded=\"false\">\n      <span class=\"sr-only\">Toggle Dropdown</span>\n    </button>\n    <div class=\"dropdown-menu\">\n      <a class=\"dropdown-item\" href=\"#\">Action</a>\n      <a class=\"dropdown-item\" href=\"#\">Another action</a>\n      <a class=\"dropdown-item\" href=\"#\">Something else here</a>\n      <div class=\"dropdown-divider\"></div>\n      <a class=\"dropdown-item\" href=\"#\">Separated link</a>\n    </div>\n  </div><!-- /btn-group -->\n  <div class=\"btn-group\">\n    <button type=\"button\" class=\"btn btn-danger\">Danger</button>\n    <button type=\"button\" class=\"btn btn-danger dropdown-toggle dropdown-toggle-split\" data-toggle=\"dropdown\" aria-haspopup=\"true\" aria-expanded=\"false\">\n      <span class=\"sr-only\">Toggle Dropdown</span>\n    </button>\n    <div class=\"dropdown-menu\">\n      <a class=\"dropdown-item\" href=\"#\">Action</a>\n      <a class=\"dropdown-item\" href=\"#\">Another action</a>\n      <a class=\"dropdown-item\" href=\"#\">Something else here</a>\n      <div class=\"dropdown-divider\"></div>\n      <a class=\"dropdown-item\" href=\"#\">Separated link</a>\n    </div>\n  </div><!-- /btn-group -->\n</div>\n\n<p><code>`</code>html</p>\n<!-- Example split danger button -->\n<div class=\"btn-group\">\n  <button type=\"button\" class=\"btn btn-danger\">Action</button>\n  <button type=\"button\" class=\"btn btn-danger dropdown-toggle dropdown-toggle-split\" data-toggle=\"dropdown\" aria-haspopup=\"true\" aria-expanded=\"false\">\n    <span class=\"sr-only\">Toggle Dropdown</span>\n  </button>\n  <div class=\"dropdown-menu\">\n    <a class=\"dropdown-item\" href=\"#\">Action</a>\n    <a class=\"dropdown-item\" href=\"#\">Another action</a>\n    <a class=\"dropdown-item\" href=\"#\">Something else here</a>\n    <div class=\"dropdown-divider\"></div>\n    <a class=\"dropdown-item\" href=\"#\">Separated link</a>\n  </div>\n</div>\n```\n\n## Sizing\n\nButton dropdowns work with buttons of all sizes, including default and split dropdown buttons.\n\n<div class=\"fkd-example\">\n  <div class=\"btn-toolbar\" role=\"toolbar\">\n    <div class=\"btn-group\">\n      <button class=\"btn btn-secondary btn-lg dropdown-toggle\" type=\"button\" data-toggle=\"dropdown\" aria-haspopup=\"true\" aria-expanded=\"false\">\n        Large button\n      </button>\n      <div class=\"dropdown-menu\">\n        <a class=\"dropdown-item\" href=\"#\">Action</a>\n        <a class=\"dropdown-item\" href=\"#\">Another action</a>\n        <a class=\"dropdown-item\" href=\"#\">Something else here</a>\n        <div class=\"dropdown-divider\"></div>\n        <a class=\"dropdown-item\" href=\"#\">Separated link</a>\n      </div>\n    </div><!-- /btn-group -->\n    <div class=\"btn-group ml-2\">\n      <button type=\"button\" class=\"btn btn-lg btn-secondary\">Large split button</button>\n      <button type=\"button\" class=\"btn btn-lg btn-secondary dropdown-toggle dropdown-toggle-split\" data-toggle=\"dropdown\" aria-haspopup=\"true\" aria-expanded=\"false\">\n        <span class=\"sr-only\">Toggle Dropdown</span>\n      </button>\n      <div class=\"dropdown-menu\">\n        <a class=\"dropdown-item\" href=\"#\">Action</a>\n        <a class=\"dropdown-item\" href=\"#\">Another action</a>\n        <a class=\"dropdown-item\" href=\"#\">Something else here</a>\n        <div class=\"dropdown-divider\"></div>\n        <a class=\"dropdown-item\" href=\"#\">Separated link</a>\n      </div>\n    </div><!-- /btn-group -->\n  </div><!-- /btn-toolbar -->\n  <div class=\"btn-toolbar\" role=\"toolbar\">\n    <div class=\"btn-group\">\n      <button class=\"btn btn-secondary btn-sm dropdown-toggle\" type=\"button\" data-toggle=\"dropdown\" aria-haspopup=\"true\" aria-expanded=\"false\">\n        Small button\n      </button>\n      <div class=\"dropdown-menu\">\n        <a class=\"dropdown-item\" href=\"#\">Action</a>\n        <a class=\"dropdown-item\" href=\"#\">Another action</a>\n        <a class=\"dropdown-item\" href=\"#\">Something else here</a>\n        <div class=\"dropdown-divider\"></div>\n        <a class=\"dropdown-item\" href=\"#\">Separated link</a>\n      </div>\n    </div><!-- /btn-group -->\n    <div class=\"btn-group ml-2\">\n      <button type=\"button\" class=\"btn btn-sm btn-secondary\">Small split button</button>\n      <button type=\"button\" class=\"btn btn-sm btn-secondary dropdown-toggle dropdown-toggle-split\" data-toggle=\"dropdown\" aria-haspopup=\"true\" aria-expanded=\"false\">\n        <span class=\"sr-only\">Toggle Dropdown</span>\n      </button>\n      <div class=\"dropdown-menu\">\n        <a class=\"dropdown-item\" href=\"#\">Action</a>\n        <a class=\"dropdown-item\" href=\"#\">Another action</a>\n        <a class=\"dropdown-item\" href=\"#\">Something else here</a>\n        <div class=\"dropdown-divider\"></div>\n        <a class=\"dropdown-item\" href=\"#\">Separated link</a>\n      </div>\n    </div><!-- /btn-group -->\n  </div><!-- /btn-toolbar -->\n</div><!-- /example -->\n\n```html\n<!-- Large button groups (default and split) -->\n<div class=\"btn-group\">\n  <button class=\"btn btn-secondary btn-lg dropdown-toggle\" type=\"button\" data-toggle=\"dropdown\" aria-haspopup=\"true\" aria-expanded=\"false\">\n    Large button\n  </button>\n  <div class=\"dropdown-menu\">\n    ...\n  </div>\n</div>\n<div class=\"btn-group\">\n  <button class=\"btn btn-secondary btn-lg\" type=\"button\">\n    Large split button\n  </button>\n  <button type=\"button\" class=\"btn btn-lg btn-secondary dropdown-toggle dropdown-toggle-split\" data-toggle=\"dropdown\" aria-haspopup=\"true\" aria-expanded=\"false\">\n    <span class=\"sr-only\">Toggle Dropdown</span>\n  </button>\n  <div class=\"dropdown-menu\">\n    ...\n  </div>\n</div>\n\n<!-- Small button groups (default and split) -->\n<div class=\"btn-group\">\n  <button class=\"btn btn-secondary btn-sm dropdown-toggle\" type=\"button\" data-toggle=\"dropdown\" aria-haspopup=\"true\" aria-expanded=\"false\">\n    Small button\n  </button>\n  <div class=\"dropdown-menu\">\n    ...\n  </div>\n</div>\n<div class=\"btn-group\">\n  <button class=\"btn btn-secondary btn-sm\" type=\"button\">\n    Small split button\n  </button>\n  <button type=\"button\" class=\"btn btn-sm btn-secondary dropdown-toggle dropdown-toggle-split\" data-toggle=\"dropdown\" aria-haspopup=\"true\" aria-expanded=\"false\">\n    <span class=\"sr-only\">Toggle Dropdown</span>\n  </button>\n  <div class=\"dropdown-menu\">\n    ...\n  </div>\n</div>\n```\n\n## Directions\n\n### Dropup\n\nTrigger dropdown menus above elements by adding `.dropup` to the parent element.\n\n<div class=\"fkd-example\">\n  <div class=\"btn-group dropup\">\n    <button type=\"button\" class=\"btn btn-secondary dropdown-toggle\" data-toggle=\"dropdown\" aria-haspopup=\"true\" aria-expanded=\"false\">\n      Dropup\n    </button>\n    <div class=\"dropdown-menu\">\n      <a class=\"dropdown-item\" href=\"#\">Action</a>\n      <a class=\"dropdown-item\" href=\"#\">Another action</a>\n      <a class=\"dropdown-item\" href=\"#\">Something else here</a>\n      <div class=\"dropdown-divider\"></div>\n      <a class=\"dropdown-item\" href=\"#\">Separated link</a>\n    </div>\n  </div>\n\n  <div class=\"btn-group dropup\">\n    <button type=\"button\" class=\"btn btn-secondary\">\n      Split dropup\n    </button>\n    <button type=\"button\" class=\"btn btn-secondary dropdown-toggle dropdown-toggle-split\" data-toggle=\"dropdown\" aria-haspopup=\"true\" aria-expanded=\"false\">\n      <span class=\"sr-only\">Toggle Dropdown</span>\n    </button>\n    <div class=\"dropdown-menu\">\n      <a class=\"dropdown-item\" href=\"#\">Action</a>\n      <a class=\"dropdown-item\" href=\"#\">Another action</a>\n      <a class=\"dropdown-item\" href=\"#\">Something else here</a>\n      <div class=\"dropdown-divider\"></div>\n      <a class=\"dropdown-item\" href=\"#\">Separated link</a>\n    </div>\n  </div>\n</div>\n\n<p><code>`</code>html</p>\n<!-- Default dropup button -->\n<div class=\"btn-group dropup\">\n  <button type=\"button\" class=\"btn btn-secondary dropdown-toggle\" data-toggle=\"dropdown\" aria-haspopup=\"true\" aria-expanded=\"false\">\n    Dropup\n  </button>\n  <div class=\"dropdown-menu\">\n    <!-- Dropdown menu links -->\n  </div>\n</div>\n\n<!-- Split dropup button -->\n<div class=\"btn-group dropup\">\n  <button type=\"button\" class=\"btn btn-secondary\">\n    Split dropup\n  </button>\n  <button type=\"button\" class=\"btn btn-secondary dropdown-toggle dropdown-toggle-split\" data-toggle=\"dropdown\" aria-haspopup=\"true\" aria-expanded=\"false\">\n    <span class=\"sr-only\">Toggle Dropdown</span>\n  </button>\n  <div class=\"dropdown-menu\">\n    <!-- Dropdown menu links -->\n  </div>\n</div>\n```\n\n### Dropright\n\nTrigger dropdown menus at the right of the elements by adding `.dropright` to the parent element.\n\n<div class=\"fkd-example\">\n  <div class=\"btn-group dropright\">\n    <button type=\"button\" class=\"btn btn-secondary dropdown-toggle\" data-toggle=\"dropdown\" aria-haspopup=\"true\" aria-expanded=\"false\">\n      Dropright\n    </button>\n    <div class=\"dropdown-menu\">\n      <a class=\"dropdown-item\" href=\"#\">Action</a>\n      <a class=\"dropdown-item\" href=\"#\">Another action</a>\n      <a class=\"dropdown-item\" href=\"#\">Something else here</a>\n      <div class=\"dropdown-divider\"></div>\n      <a class=\"dropdown-item\" href=\"#\">Separated link</a>\n    </div>\n  </div>\n\n  <div class=\"btn-group dropright\">\n    <button type=\"button\" class=\"btn btn-secondary\">\n      Split dropright\n    </button>\n    <button type=\"button\" class=\"btn btn-secondary dropdown-toggle dropdown-toggle-split\" data-toggle=\"dropdown\" aria-haspopup=\"true\" aria-expanded=\"false\">\n      <span class=\"sr-only\">Toggle Dropdright</span>\n    </button>\n    <div class=\"dropdown-menu\">\n      <a class=\"dropdown-item\" href=\"#\">Action</a>\n      <a class=\"dropdown-item\" href=\"#\">Another action</a>\n      <a class=\"dropdown-item\" href=\"#\">Something else here</a>\n      <div class=\"dropdown-divider\"></div>\n      <a class=\"dropdown-item\" href=\"#\">Separated link</a>\n    </div>\n  </div>\n</div>\n\n<p><code>`</code>html</p>\n<!-- Default dropright button -->\n<div class=\"btn-group dropright\">\n  <button type=\"button\" class=\"btn btn-secondary dropdown-toggle\" data-toggle=\"dropdown\" aria-haspopup=\"true\" aria-expanded=\"false\">\n    Dropright\n  </button>\n  <div class=\"dropdown-menu\">\n    <!-- Dropdown menu links -->\n  </div>\n</div>\n\n<!-- Split dropright button -->\n<div class=\"btn-group dropright\">\n  <button type=\"button\" class=\"btn btn-secondary\">\n    Split dropright\n  </button>\n  <button type=\"button\" class=\"btn btn-secondary dropdown-toggle dropdown-toggle-split\" data-toggle=\"dropdown\" aria-haspopup=\"true\" aria-expanded=\"false\">\n    <span class=\"sr-only\">Toggle Dropright</span>\n  </button>\n  <div class=\"dropdown-menu\">\n    <!-- Dropdown menu links -->\n  </div>\n</div>\n```\n\n### Dropleft\n\nTrigger dropdown menus at the left of the elements by adding `.dropleft` to the parent element.\n\n<div class=\"fkd-example\">\n  <div class=\"btn-group dropleft\">\n    <button type=\"button\" class=\"btn btn-secondary dropdown-toggle\" data-toggle=\"dropdown\" aria-haspopup=\"true\" aria-expanded=\"false\">\n      Dropleft\n    </button>\n    <div class=\"dropdown-menu\">\n      <a class=\"dropdown-item\" href=\"#\">Action</a>\n      <a class=\"dropdown-item\" href=\"#\">Another action</a>\n      <a class=\"dropdown-item\" href=\"#\">Something else here</a>\n      <div class=\"dropdown-divider\"></div>\n      <a class=\"dropdown-item\" href=\"#\">Separated link</a>\n    </div>\n  </div>\n\n  <div class=\"btn-group\">\n    <div class=\"btn-group dropleft\" role=\"group\">\n      <button type=\"button\" class=\"btn btn-secondary dropdown-toggle dropdown-toggle-split\" data-toggle=\"dropdown\" aria-haspopup=\"true\" aria-expanded=\"false\">\n        <span class=\"sr-only\">Toggle Dropleft</span>\n      </button>\n      <div class=\"dropdown-menu\">\n        <a class=\"dropdown-item\" href=\"#\">Action</a>\n        <a class=\"dropdown-item\" href=\"#\">Another action</a>\n        <a class=\"dropdown-item\" href=\"#\">Something else here</a>\n        <div class=\"dropdown-divider\"></div>\n        <a class=\"dropdown-item\" href=\"#\">Separated link</a>\n      </div>\n    </div>\n    <button type=\"button\" class=\"btn btn-secondary\">\n      Split dropleft\n    </button>\n  </div>\n</div>\n\n<p><code>`</code>html</p>\n<!-- Default dropleft button -->\n<div class=\"btn-group dropleft\">\n  <button type=\"button\" class=\"btn btn-secondary dropdown-toggle\" data-toggle=\"dropdown\" aria-haspopup=\"true\" aria-expanded=\"false\">\n    Dropleft\n  </button>\n  <div class=\"dropdown-menu\">\n    <!-- Dropdown menu links -->\n  </div>\n</div>\n\n<!-- Split dropleft button -->\n<div class=\"btn-group\">\n  <div class=\"btn-group dropleft\" role=\"group\">\n    <button type=\"button\" class=\"btn btn-secondary dropdown-toggle dropdown-toggle-split\" data-toggle=\"dropdown\" aria-haspopup=\"true\" aria-expanded=\"false\">\n      <span class=\"sr-only\">Toggle Dropleft</span>\n    </button>\n    <div class=\"dropdown-menu\">\n      <!-- Dropdown menu links -->\n    </div>\n  </div>\n  <button type=\"button\" class=\"btn btn-secondary\">\n    Split dropleft\n  </button>\n</div>\n```\n\n## Menu items\n\nHistorically dropdown menu contents *had* to be links, but that's no longer the case with v4. Now you can optionally use `<button>` elements in your dropdowns instead of just `<a>`s.\n\n{{capture 'example'}}\n<div class=\"dropdown\">\n  <button class=\"btn btn-secondary dropdown-toggle\" type=\"button\" id=\"dropdownMenu2\" data-toggle=\"dropdown\" aria-haspopup=\"true\" aria-expanded=\"false\">\n    Dropdown\n  </button>\n  <div class=\"dropdown-menu\" aria-labelledby=\"dropdownMenu2\">\n    <button class=\"dropdown-item\" type=\"button\">Action</button>\n    <button class=\"dropdown-item\" type=\"button\">Another action</button>\n    <button class=\"dropdown-item\" type=\"button\">Something else here</button>\n  </div>\n</div>\n</div>\n{{include 'example' content=example}}\n\nYou can also create non-interactive dropdown items with `.dropdown-item-text`. Feel free to style further with custom CSS or text utilities.\n\n{{capture 'example'}}\n<div class=\"dropdown-menu\">\n  <span class=\"dropdown-item-text\">Dropdown item text</span>\n  <a class=\"dropdown-item\" href=\"#\">Action</a>\n  <a class=\"dropdown-item\" href=\"#\">Another action</a>\n  <a class=\"dropdown-item\" href=\"#\">Something else here</a>\n</div>\n</div>\n{{include 'example' content=example}}\n\n### Active\n\nAdd `.active` to items in the dropdown to **style them as active**.\n\n{{capture 'example'}}\n<div class=\"dropdown-menu\">\n  <a class=\"dropdown-item\" href=\"#\">Regular link</a>\n  <a class=\"dropdown-item active\" href=\"#\">Active link</a>\n  <a class=\"dropdown-item\" href=\"#\">Another link</a>\n</div>\n</div>\n{{include 'example' content=example}}\n\n### Disabled\n\nAdd `.disabled` to items in the dropdown to **style them as disabled**.\n\n{{capture 'example'}}\n<div class=\"dropdown-menu\">\n  <a class=\"dropdown-item\" href=\"#\">Regular link</a>\n  <a class=\"dropdown-item disabled\" href=\"#\">Disabled link</a>\n  <a class=\"dropdown-item\" href=\"#\">Another link</a>\n</div>\n</div>\n{{include 'example' content=example}}\n\n## Menu alignment\n\nBy default, a dropdown menu is automatically positioned 100% from the top and along the left side of its parent. Add `.dropdown-menu-right` to a `.dropdown-menu` to right align the dropdown menu.\n\n<div class=\"fkd-callout fkd-callout-warning\">\n**Heads up!** Dropdowns are positioned thanks to Popper.js (except when they are contained in a navbar).\n</div>\n\n\n<p>{{capture ‘example’}}</p>\n<div class=\"btn-group\">\n  <button type=\"button\" class=\"btn btn-secondary dropdown-toggle\" data-toggle=\"dropdown\" aria-haspopup=\"true\" aria-expanded=\"false\">\n    Right-aligned menu\n  </button>\n  <div class=\"dropdown-menu dropdown-menu-right\">\n    <button class=\"dropdown-item\" type=\"button\">Action</button>\n    <button class=\"dropdown-item\" type=\"button\">Another action</button>\n    <button class=\"dropdown-item\" type=\"button\">Something else here</button>\n  </div>\n</div>\n</div>\n{{include 'example' content=example}}\n\n## Menu content\n\n### Headers\n\nAdd a header to label sections of actions in any dropdown menu.\n\n{{capture 'example'}}\n<div class=\"dropdown-menu\">\n  <h6 class=\"dropdown-header\">Dropdown header</h6>\n  <a class=\"dropdown-item\" href=\"#\">Action</a>\n  <a class=\"dropdown-item\" href=\"#\">Another action</a>\n</div>\n</div>\n{{include 'example' content=example}}\n\n### Dividers\n\nSeparate groups of related menu items with a divider.\n\n{{capture 'example'}}\n<div class=\"dropdown-menu\">\n  <a class=\"dropdown-item\" href=\"#\">Action</a>\n  <a class=\"dropdown-item\" href=\"#\">Another action</a>\n  <a class=\"dropdown-item\" href=\"#\">Something else here</a>\n  <div class=\"dropdown-divider\"></div>\n  <a class=\"dropdown-item\" href=\"#\">Separated link</a>\n</div>\n</div>\n{{include 'example' content=example}}\n\n### Text\n\nPlace any freeform text within a dropdown menu with text and use [spacing utilities]({{ shared.baseurl }}/docs/{{ shared.docs_version }}/utilities/spacing/). Note that you'll likely need additional sizing styles to constrain the menu width.\n\n{{capture 'example'}}\n<div class=\"dropdown-menu p-4 text-muted\" style=\"max-width: 200px;\">\n  <p>\n    Some example text that's free-flowing within the dropdown menu.\n  </p>\n  <p class=\"mb-0\">\n    And this is more example text.\n  </p>\n</div>\n</div>\n{{include 'example' content=example}}\n\n### Forms\n\nPut a form within a dropdown menu, or make it into a dropdown menu, and use [margin or padding utilities]({{ shared.baseurl }}/docs/{{ shared.docs_version }}/utilities/spacing/) to give it the negative space you require.\n\n{{capture 'example'}}\n<div class=\"dropdown-menu\">\n  <form class=\"px-4 py-3\">\n    <div class=\"form-group\">\n      <label for=\"exampleDropdownFormEmail1\">Email address</label>\n      <input type=\"email\" class=\"form-control\" id=\"exampleDropdownFormEmail1\" placeholder=\"email@example.com\">\n    </div>\n    <div class=\"form-group\">\n      <label for=\"exampleDropdownFormPassword1\">Password</label>\n      <input type=\"password\" class=\"form-control\" id=\"exampleDropdownFormPassword1\" placeholder=\"Password\">\n    </div>\n    <div class=\"form-check\">\n      <input type=\"checkbox\" class=\"form-check-input\" id=\"dropdownCheck\">\n      <label class=\"form-check-label\" for=\"dropdownCheck\">\n        Remember me\n      </label>\n    </div>\n    <button type=\"submit\" class=\"btn btn-primary\">Sign in</button>\n  </form>\n  <div class=\"dropdown-divider\"></div>\n  <a class=\"dropdown-item\" href=\"#\">New around here? Sign up</a>\n  <a class=\"dropdown-item\" href=\"#\">Forgot password?</a>\n</div>\n</div>\n{{include 'example' content=example}}\n\n{{capture 'example'}}\n<form class=\"dropdown-menu p-4\">\n  <div class=\"form-group\">\n    <label for=\"exampleDropdownFormEmail2\">Email address</label>\n    <input type=\"email\" class=\"form-control\" id=\"exampleDropdownFormEmail2\" placeholder=\"email@example.com\">\n  </div>\n  <div class=\"form-group\">\n    <label for=\"exampleDropdownFormPassword2\">Password</label>\n    <input type=\"password\" class=\"form-control\" id=\"exampleDropdownFormPassword2\" placeholder=\"Password\">\n  </div>\n  <div class=\"form-check\">\n    <input type=\"checkbox\" class=\"form-check-input\" id=\"dropdownCheck2\">\n    <label class=\"form-check-label\" for=\"dropdownCheck2\">\n      Remember me\n    </label>\n  </div>\n  <button type=\"submit\" class=\"btn btn-primary\">Sign in</button>\n</form>\n</div>\n{{include 'example' content=example}}\n\n## Dropdown options\n\nUse `data-offset` or `data-reference` to change the location of the dropdown.\n\n{{capture 'example'}}\n<div class=\"d-flex\">\n  <div class=\"dropdown mr-1\">\n    <button type=\"button\" class=\"btn btn-secondary dropdown-toggle\" id=\"dropdownMenuOffset\" data-toggle=\"dropdown\" aria-haspopup=\"true\" aria-expanded=\"false\" data-offset=\"10,20\">\n      Offset\n    </button>\n    <div class=\"dropdown-menu\" aria-labelledby=\"dropdownMenuOffset\">\n      <a class=\"dropdown-item\" href=\"#\">Action</a>\n      <a class=\"dropdown-item\" href=\"#\">Another action</a>\n      <a class=\"dropdown-item\" href=\"#\">Something else here</a>\n    </div>\n  </div>\n  <div class=\"btn-group\">\n    <button type=\"button\" class=\"btn btn-secondary\">Reference</button>\n    <button type=\"button\" class=\"btn btn-secondary dropdown-toggle dropdown-toggle-split\" id=\"dropdownMenuReference\" data-toggle=\"dropdown\" aria-haspopup=\"true\" aria-expanded=\"false\" data-reference=\"parent\">\n      <span class=\"sr-only\">Toggle Dropdown</span>\n    </button>\n    <div class=\"dropdown-menu\" aria-labelledby=\"dropdownMenuReference\">\n      <a class=\"dropdown-item\" href=\"#\">Action</a>\n      <a class=\"dropdown-item\" href=\"#\">Another action</a>\n      <a class=\"dropdown-item\" href=\"#\">Something else here</a>\n      <div class=\"dropdown-divider\"></div>\n      <a class=\"dropdown-item\" href=\"#\">Separated link</a>\n    </div>\n  </div>\n</div>\n</div>\n{{include 'example' content=example}}\n\n## Usage\n\nVia data attributes or JavaScript, the dropdown plugin toggles hidden content (dropdown menus) by toggling the `.show` class on the parent list item. The `data-toggle=\"dropdown\"` attribute is relied on for closing dropdown menus at an application level, so it's a good idea to always use it.\n\n<div class=\"fkd-callout fkd-callout-warning\">\nOn touch-enabled devices, opening a dropdown adds empty (`$.noop`) `mouseover` handlers to the immediate children of the `<body>` element. This admittedly ugly hack is necessary to work around a [quirk in iOS' event delegation](https://www.quirksmode.org/blog/archives/2014/02/mouse_event_bub.html), which would otherwise prevent a tap anywhere outside of the dropdown from triggering the code that closes the dropdown. Once the dropdown is closed, these additional empty `mouseover` handlers are removed.\n</div>\n\n\n<h3 id=\"via-data-attributes\">Via data attributes</h3>\n<p>Add <code>data-toggle=&quot;dropdown&quot;</code> to a link or button to toggle a dropdown.</p>\n<p><code>`</code>html</p>\n<div class=\"dropdown\">\n  <button id=\"dLabel\" type=\"button\" data-toggle=\"dropdown\" aria-haspopup=\"true\" aria-expanded=\"false\">\n    Dropdown trigger\n  </button>\n  <div class=\"dropdown-menu\" aria-labelledby=\"dLabel\">\n    ...\n  </div>\n</div>\n```\n\n### Via JavaScript\n\nCall the dropdowns via JavaScript:\n\n```js\n$('.dropdown-toggle').dropdown()\n```\n\n<div class=\"fkd-callout fkd-callout-warning\">\n##### `data-toggle=\"dropdown\"` still required\n\nRegardless of whether you call your dropdown via JavaScript or instead use the data-api, `data-toggle=\"dropdown\"` is always required to be present on the dropdown's trigger element.\n</div>\n\n\n<h3 id=\"options\">Options</h3>\n<p>Options can be passed via data attributes or JavaScript. For data attributes, append the option name to <code>data-</code>, as in <code>data-offset=&quot;&quot;</code>.</p>\n<table class=\"table table-bordered table-striped\">\n  <thead>\n    <tr>\n      <th style=\"width: 100px;\">Name</th>\n      <th style=\"width: 100px;\">Type</th>\n      <th style=\"width: 50px;\">Default</th>\n      <th>Description</th>\n    </tr>\n  </thead>\n  <tbody>\n    <tr>\n      <td>offset</td>\n      <td>number | string | function</td>\n      <td>0</td>\n      <td>Offset of the dropdown relative to its target. For more information refer to Popper.js's <a href=\"https://popper.js.org/popper-documentation.html#modifiers..offset.offset\">offset docs</a>.</td>\n    </tr>\n    <tr>\n      <td>flip</td>\n      <td>boolean</td>\n      <td>true</td>\n      <td>Allow Dropdown to flip in case of an overlapping on the reference element. For more information refer to Popper.js's <a href=\"https://popper.js.org/popper-documentation.html#modifiers..flip.enabled\">flip docs</a>.</td>\n    </tr>\n    <tr>\n      <td>boundary</td>\n      <td>string | element</td>\n      <td>'scrollParent'</td>\n      <td>Overflow constraint boundary of the dropdown menu. Accepts the values of <code>'viewport'</code>, <code>'window'</code>, <code>'scrollParent'</code>, or an HTMLElement reference (JavaScript only). For more information refer to Popper.js's <a href=\"https://popper.js.org/popper-documentation.html#modifiers..preventOverflow.boundariesElement\">preventOverflow docs</a>.</td>\n    </tr>\n    <tr>\n      <td>reference</td>\n      <td>string | element</td>\n      <td>'toggle'</td>\n      <td>Reference element of the dropdown menu. Accepts the values of <code>'toggle'</code>, <code>'parent'</code>, or an HTMLElement reference. For more information refer to Popper.js's <a href=\"https://popper.js.org/popper-documentation.html#referenceObject\">referenceObject docs</a>.</td>\n    </tr>\n    <tr>\n      <td>display</td>\n      <td>string</td>\n      <td>'dynamic'</td>\n      <td>By default, we use Popper.js for dynamic positioning. Disable this with `static`.</td>\n    </tr>\n  </tbody>\n</table>\n\n<p>Note when <code>boundary</code> is set to any value other than <code>&#39;scrollParent&#39;</code>, the style <code>position: static</code> is applied to the <code>.dropdown</code> container.</p>\n<h3 id=\"methods\">Methods</h3>\n<p>| Method | Description |\n| — | — |\n| <code>$().dropdown(&#39;toggle&#39;)</code> | Toggles the dropdown menu of a given navbar or tabbed navigation. |\n| <code>$().dropdown(&#39;update&#39;)</code> | Updates the position of an element’s dropdown. |\n| <code>$().dropdown(&#39;dispose&#39;)</code> | Destroys an element’s dropdown. |</p>\n<h3 id=\"events\">Events</h3>\n<p>All dropdown events are fired at the <code>.dropdown-menu</code>‘s parent element and have a <code>relatedTarget</code> property, whose value is the toggling anchor element.</p>\n<p>| Event | Description |\n| — | — |\n| <code>show.bs.dropdown</code> | This event fires immediately when the show instance method is called. |\n| <code>shown.bs.dropdown</code> | This event is fired when the dropdown has been made visible to the user (will wait for CSS transitions, to complete). |\n| <code>hide.bs.dropdown</code> | This event is fired immediately when the hide instance method has been called. |\n| <code>hidden.bs.dropdown</code>| This event is fired when the dropdown has finished being hidden from the user (will wait for CSS transitions, to complete). |</p>\n<p><code>js\n$(&#39;#myDropdown&#39;).on(&#39;show.bs.dropdown&#39;, function () {\n  // do something…\n})</code></p>\n","updatedAt":"2018-06-06T20:04:50.000Z"}