{"layout":"docs","title":"Flex","description":"Quickly manage the layout, alignment, and sizing of grid columns, navigation, components, and more with a full suite of responsive flexbox utilities. For more complex implementations, custom CSS may be necessary.","group":"utilities","toc":true,"body":"<h2 id=\"enable-flex-behaviors\">Enable flex behaviors</h2>\n<p>Apply <code>display</code> utilities to create a flexbox container and transform <strong>direct children elements</strong> into flex items. Flex containers and items are able to be modified further with additional flex properties.</p>\n<div class=\"fkd-example\">\n<div class=\"d-flex p-2 fkd-highlight\">I'm a flexbox container!</div>\n</div>\n\n\n<div class=\"fkd-example\">\n<div class=\"d-inline-flex p-2 fkd-highlight\">I'm an inline flexbox container!</div>\n</div>\n\n\n<p>Responsive variations also exist for <code>.d-flex</code> and <code>.d-inline-flex</code>.</p>\n<p>{% for bp in shared.data.breakpoints %}\n- <code>.d{{ bp.abbr }}-flex</code>\n- <code>.d{{ bp.abbr }}-inline-flex</code>{% endfor %}</p>\n<h2 id=\"direction\">Direction</h2>\n<p>Set the direction of flex items in a flex container with direction utilities. In most cases you can omit the horizontal class here as the browser default is <code>row</code>. However, you may encounter situations where you needed to explicitly set this value (like responsive layouts).</p>\n<p>Use <code>.flex-row</code> to set a horizontal direction (the browser default), or <code>.flex-row-reverse</code> to start the horizontal direction from the opposite side.</p>\n<div class=\"fkd-example\">\n<div class=\"d-flex flex-row fkd-highlight mb-3\">\n  <div class=\"p-2 fkd-highlight\">Flex item 1</div>\n  <div class=\"p-2 fkd-highlight\">Flex item 2</div>\n  <div class=\"p-2 fkd-highlight\">Flex item 3</div>\n</div>\n<div class=\"d-flex flex-row-reverse fkd-highlight\">\n  <div class=\"p-2 fkd-highlight\">Flex item 1</div>\n  <div class=\"p-2 fkd-highlight\">Flex item 2</div>\n  <div class=\"p-2 fkd-highlight\">Flex item 3</div>\n</div>\n</div>\n\n\n<p>Use <code>.flex-column</code> to set a vertical direction, or <code>.flex-column-reverse</code>  to start the vertical direction from the opposite side.</p>\n<div class=\"fkd-example\">\n<div class=\"d-flex flex-column fkd-highlight mb-3\">\n  <div class=\"p-2 fkd-highlight\">Flex item 1</div>\n  <div class=\"p-2 fkd-highlight\">Flex item 2</div>\n  <div class=\"p-2 fkd-highlight\">Flex item 3</div>\n</div>\n<div class=\"d-flex flex-column-reverse fkd-highlight\">\n  <div class=\"p-2 fkd-highlight\">Flex item 1</div>\n  <div class=\"p-2 fkd-highlight\">Flex item 2</div>\n  <div class=\"p-2 fkd-highlight\">Flex item 3</div>\n</div>\n</div>\n\n\n<p>Responsive variations also exist for <code>flex-direction</code>.</p>\n<p>{% for bp in shared.data.breakpoints %}\n- <code>.flex{{ bp.abbr }}-row</code>\n- <code>.flex{{ bp.abbr }}-row-reverse</code>\n- <code>.flex{{ bp.abbr }}-column</code>\n- <code>.flex{{ bp.abbr }}-column-reverse</code>{% endfor %}</p>\n<h2 id=\"justify-content\">Justify content</h2>\n<p>Use <code>justify-content</code> utilities on flexbox containers to change the alignment of flex items on the main axis (the x-axis to start, y-axis if <code>flex-direction: column</code>). Choose from <code>start</code> (browser default), <code>end</code>, <code>center</code>, <code>between</code>, or <code>around</code>.</p>\n<div class=\"fkd-example\">\n  <div class=\"d-flex justify-content-start fkd-highlight mb-3\">\n    <div class=\"p-2 fkd-highlight\">Flex item</div>\n    <div class=\"p-2 fkd-highlight\">Flex item</div>\n    <div class=\"p-2 fkd-highlight\">Flex item</div>\n  </div>\n  <div class=\"d-flex justify-content-end fkd-highlight mb-3\">\n    <div class=\"p-2 fkd-highlight\">Flex item</div>\n    <div class=\"p-2 fkd-highlight\">Flex item</div>\n    <div class=\"p-2 fkd-highlight\">Flex item</div>\n  </div>\n  <div class=\"d-flex justify-content-center fkd-highlight mb-3\">\n    <div class=\"p-2 fkd-highlight\">Flex item</div>\n    <div class=\"p-2 fkd-highlight\">Flex item</div>\n    <div class=\"p-2 fkd-highlight\">Flex item</div>\n  </div>\n  <div class=\"d-flex justify-content-between fkd-highlight mb-3\">\n    <div class=\"p-2 fkd-highlight\">Flex item</div>\n    <div class=\"p-2 fkd-highlight\">Flex item</div>\n    <div class=\"p-2 fkd-highlight\">Flex item</div>\n  </div>\n  <div class=\"d-flex justify-content-around fkd-highlight\">\n    <div class=\"p-2 fkd-highlight\">Flex item</div>\n    <div class=\"p-2 fkd-highlight\">Flex item</div>\n    <div class=\"p-2 fkd-highlight\">Flex item</div>\n  </div>\n</div>\n\n<p><figure class=\"highlight\"><pre><code class=\"language-html\" data-lang=\"html\"></p>\n<div class=\"d-flex justify-content-start\">...</div>\n<div class=\"d-flex justify-content-end\">...</div>\n<div class=\"d-flex justify-content-center\">...</div>\n<div class=\"d-flex justify-content-between\">...</div>\n<div class=\"d-flex justify-content-around\">...</div>\n</code></pre>\n\nResponsive variations also exist for `justify-content`.\n\n{% for bp in shared.data.breakpoints %}\n- `.justify-content{{ bp.abbr }}-start`\n- `.justify-content{{ bp.abbr }}-end`\n- `.justify-content{{ bp.abbr }}-center`\n- `.justify-content{{ bp.abbr }}-between`\n- `.justify-content{{ bp.abbr }}-around`{% endfor %}\n\n## Align items\n\nUse `align-items` utilities on flexbox containers to change the alignment of flex items on the cross axis (the y-axis to start, x-axis if `flex-direction: column`). Choose from `start`, `end`, `center`, `baseline`, or `stretch` (browser default).\n\n<div class=\"fkd-example\">\n  <div class=\"d-flex align-items-start fkd-highlight mb-3\" style=\"height: 100px\">\n    <div class=\"p-2 fkd-highlight\">Flex item</div>\n    <div class=\"p-2 fkd-highlight\">Flex item</div>\n    <div class=\"p-2 fkd-highlight\">Flex item</div>\n  </div>\n  <div class=\"d-flex align-items-end fkd-highlight mb-3\" style=\"height: 100px\">\n    <div class=\"p-2 fkd-highlight\">Flex item</div>\n    <div class=\"p-2 fkd-highlight\">Flex item</div>\n    <div class=\"p-2 fkd-highlight\">Flex item</div>\n  </div>\n  <div class=\"d-flex align-items-center fkd-highlight mb-3\" style=\"height: 100px\">\n    <div class=\"p-2 fkd-highlight\">Flex item</div>\n    <div class=\"p-2 fkd-highlight\">Flex item</div>\n    <div class=\"p-2 fkd-highlight\">Flex item</div>\n  </div>\n  <div class=\"d-flex align-items-baseline fkd-highlight mb-3\" style=\"height: 100px\">\n    <div class=\"p-2 fkd-highlight\">Flex item</div>\n    <div class=\"p-2 fkd-highlight\">Flex item</div>\n    <div class=\"p-2 fkd-highlight\">Flex item</div>\n  </div>\n  <div class=\"d-flex align-items-stretch fkd-highlight\" style=\"height: 100px\">\n    <div class=\"p-2 fkd-highlight\">Flex item</div>\n    <div class=\"p-2 fkd-highlight\">Flex item</div>\n    <div class=\"p-2 fkd-highlight\">Flex item</div>\n  </div>\n</div>\n\n<p><figure class=\"highlight\"><pre><code class=\"language-html\" data-lang=\"html\"></p>\n<div class=\"d-flex align-items-start\">...</div>\n<div class=\"d-flex align-items-end\">...</div>\n<div class=\"d-flex align-items-center\">...</div>\n<div class=\"d-flex align-items-baseline\">...</div>\n<div class=\"d-flex align-items-stretch\">...</div>\n</code></pre>\n\nResponsive variations also exist for `align-items`.\n\n{% for bp in shared.data.breakpoints %}\n- `.align-items{{ bp.abbr }}-start`\n- `.align-items{{ bp.abbr }}-end`\n- `.align-items{{ bp.abbr }}-center`\n- `.align-items{{ bp.abbr }}-baseline`\n- `.align-items{{ bp.abbr }}-stretch`{% endfor %}\n\n## Align self\n\nUse `align-self` utilities on flexbox items to individually change their alignment on the cross axis (the y-axis to start, x-axis if `flex-direction: column`). Choose from the same options as `align-items`: `start`, `end`, `center`, `baseline`, or `stretch` (browser default).\n\n<div class=\"fkd-example\">\n  <div class=\"d-flex fkd-highlight mb-3\" style=\"height: 100px\">\n    <div class=\"p-2 fkd-highlight\">Flex item</div>\n    <div class=\"align-self-start p-2 fkd-highlight\">Aligned flex item</div>\n    <div class=\"p-2 fkd-highlight\">Flex item</div>\n  </div>\n  <div class=\"d-flex fkd-highlight mb-3\" style=\"height: 100px\">\n    <div class=\"p-2 fkd-highlight\">Flex item</div>\n    <div class=\"align-self-end p-2 fkd-highlight\">Aligned flex item</div>\n    <div class=\"p-2 fkd-highlight\">Flex item</div>\n  </div>\n  <div class=\"d-flex fkd-highlight mb-3\" style=\"height: 100px\">\n    <div class=\"p-2 fkd-highlight\">Flex item</div>\n    <div class=\"align-self-center p-2 fkd-highlight\">Aligned flex item</div>\n    <div class=\"p-2 fkd-highlight\">Flex item</div>\n  </div>\n  <div class=\"d-flex fkd-highlight mb-3\" style=\"height: 100px\">\n    <div class=\"p-2 fkd-highlight\">Flex item</div>\n    <div class=\"align-self-baseline p-2 fkd-highlight\">Aligned flex item</div>\n    <div class=\"p-2 fkd-highlight\">Flex item</div>\n  </div>\n  <div class=\"d-flex fkd-highlight\" style=\"height: 100px\">\n    <div class=\"p-2 fkd-highlight\">Flex item</div>\n    <div class=\"align-self-stretch p-2 fkd-highlight\">Aligned flex item</div>\n    <div class=\"p-2 fkd-highlight\">Flex item</div>\n  </div>\n</div>\n\n<p><figure class=\"highlight\"><pre><code class=\"language-html\" data-lang=\"html\"></p>\n<div class=\"align-self-start\">Aligned flex item</div>\n<div class=\"align-self-end\">Aligned flex item</div>\n<div class=\"align-self-center\">Aligned flex item</div>\n<div class=\"align-self-baseline\">Aligned flex item</div>\n<div class=\"align-self-stretch\">Aligned flex item</div>\n</code></pre>\n\nResponsive variations also exist for `align-self`.\n\n{% for bp in shared.data.breakpoints %}\n- `.align-self{{ bp.abbr }}-start`\n- `.align-self{{ bp.abbr }}-end`\n- `.align-self{{ bp.abbr }}-center`\n- `.align-self{{ bp.abbr }}-baseline`\n- `.align-self{{ bp.abbr }}-stretch`{% endfor %}\n\n## Fill\n\nUse the `.flex-fill` class on a series of sibling elements to force them into equal widths while taking up all available horizontal space. [Especially useful for equal-width, or justified, navigation.]({{ {{shared.baseurl }}/docs/{{ shared.docs_version }}/components/navs/#working-with-flex-utilities)\n\n<div class=\"fkd-example\">\n<div class=\"d-flex fkd-highlight\">\n  <div class=\"p-2 flex-fill fkd-highlight\">Flex item</div>\n  <div class=\"p-2 flex-fill fkd-highlight\">Flex item</div>\n  <div class=\"p-2 flex-fill fkd-highlight\">Flex item</div>\n</div>\n</div>\n\n\n<p>Responsive variations also exist for <code>flex-fill</code>.</p>\n<p>{% for bp in shared.data.breakpoints %}\n- <code>.flex{{ bp.abbr }}-fill</code>{% endfor %}</p>\n<h2 id=\"grow-and-shrink\">Grow and shrink</h2>\n<p>Use <code>.flex-grow-*</code> utilities to toggle a flex item’s ability to grow to fill available space. In the example below, the <code>.flex-grow-1</code> elements uses all available space it can, while allowing the remaining two flex items their necessary space.</p>\n<div class=\"fkd-example\">\n<div class=\"d-flex fkd-highlight\">\n  <div class=\"p-2 flex-grow-1 fkd-highlight\">Flex item</div>\n  <div class=\"p-2 fkd-highlight\">Flex item</div>\n  <div class=\"p-2 fkd-highlight\">Third flex item</div>\n</div>\n</div>\n\n\n<p>Use <code>.flex-shrink-*</code> utilities to toggle a flex item’s ability to shrink if necessary. In the example below, the second flex item with <code>.flex-shrink-1</code> is forced to wrap it’s contents to a new line, “shrinking” to allow more space for the previous flex item with <code>.w-100</code>.</p>\n<div class=\"fkd-example\">\n<div class=\"d-flex fkd-highlight\">\n  <div class=\"p-2 w-100 fkd-highlight\">Flex item</div>\n  <div class=\"p-2 flex-shrink-1 fkd-highlight\">Flex item</div>\n</div>\n</div>\n\n\n<p>Responsive variations also exist for <code>flex-grow</code> and <code>flex-shrink</code>.</p>\n<p>{% for bp in shared.data.breakpoints %}\n- <code>.flex{{ bp.abbr }}-{grow|shrink}-0</code>\n- <code>.flex{{ bp.abbr }}-{grow|shrink}-1</code>{% endfor %}</p>\n<h2 id=\"auto-margins\">Auto margins</h2>\n<p>Flexbox can do some pretty awesome things when you mix flex alignments with auto margins. Shown below are three examples of controlling flex items via auto margins: default (no auto margin), pushing two items to the right (<code>.mr-auto</code>), and pushing two items to the left (<code>.ml-auto</code>).</p>\n<p><strong>Unfortunately, IE10 and IE11 do not properly support auto margins on flex items whose parent has a non-default <code>justify-content</code> value.</strong> <a href=\"https://stackoverflow.com/a/37535548\">See this StackOverflow answer</a> for more details.</p>\n<div class=\"fkd-example\">\n<div class=\"d-flex fkd-highlight mb-3\">\n  <div class=\"p-2 fkd-highlight\">Flex item</div>\n  <div class=\"p-2 fkd-highlight\">Flex item</div>\n  <div class=\"p-2 fkd-highlight\">Flex item</div>\n</div>\n\n<div class=\"d-flex fkd-highlight mb-3\">\n  <div class=\"mr-auto p-2 fkd-highlight\">Flex item</div>\n  <div class=\"p-2 fkd-highlight\">Flex item</div>\n  <div class=\"p-2 fkd-highlight\">Flex item</div>\n</div>\n\n<div class=\"d-flex fkd-highlight mb-3\">\n  <div class=\"p-2 fkd-highlight\">Flex item</div>\n  <div class=\"p-2 fkd-highlight\">Flex item</div>\n  <div class=\"ml-auto p-2 fkd-highlight\">Flex item</div>\n</div>\n</div>\n\n\n<h3 id=\"with-align-items\">With align-items</h3>\n<p>Vertically move one flex item to the top or bottom of a container by mixing <code>align-items</code>, <code>flex-direction: column</code>, and <code>margin-top: auto</code> or <code>margin-bottom: auto</code>.</p>\n<div class=\"fkd-example\">\n<div class=\"d-flex align-items-start flex-column fkd-highlight mb-3\" style=\"height: 200px;\">\n  <div class=\"mb-auto p-2 fkd-highlight\">Flex item</div>\n  <div class=\"p-2 fkd-highlight\">Flex item</div>\n  <div class=\"p-2 fkd-highlight\">Flex item</div>\n</div>\n\n<div class=\"d-flex align-items-end flex-column fkd-highlight mb-3\" style=\"height: 200px;\">\n  <div class=\"p-2 fkd-highlight\">Flex item</div>\n  <div class=\"p-2 fkd-highlight\">Flex item</div>\n  <div class=\"mt-auto p-2 fkd-highlight\">Flex item</div>\n</div>\n</div>\n\n\n<h2 id=\"wrap\">Wrap</h2>\n<p>Change how flex items wrap in a flex container. Choose from no wrapping at all (the browser default) with <code>.flex-nowrap</code>, wrapping with <code>.flex-wrap</code>, or reverse wrapping with <code>.flex-wrap-reverse</code>.</p>\n<div class=\"fkd-example\">\n  <div class=\"d-flex flex-nowrap fkd-highlight\" style=\"width: 8rem;\">\n    <div class=\"p-2 fkd-highlight\">Flex item</div>\n    <div class=\"p-2 fkd-highlight\">Flex item</div>\n    <div class=\"p-2 fkd-highlight\">Flex item</div>\n    <div class=\"p-2 fkd-highlight\">Flex item</div>\n    <div class=\"p-2 fkd-highlight\">Flex item</div>\n  </div>\n</div>\n\n<p><figure class=\"highlight\"><pre><code class=\"language-html\" data-lang=\"html\"></p>\n<div class=\"d-flex flex-nowrap\">\n  ...\n</div>\n</code></pre>\n\n<div class=\"fkd-example\">\n  <div class=\"d-flex flex-wrap fkd-highlight\">\n    <div class=\"p-2 fkd-highlight\">Flex item</div>\n    <div class=\"p-2 fkd-highlight\">Flex item</div>\n    <div class=\"p-2 fkd-highlight\">Flex item</div>\n    <div class=\"p-2 fkd-highlight\">Flex item</div>\n    <div class=\"p-2 fkd-highlight\">Flex item</div>\n    <div class=\"p-2 fkd-highlight\">Flex item</div>\n    <div class=\"p-2 fkd-highlight\">Flex item</div>\n    <div class=\"p-2 fkd-highlight\">Flex item</div>\n    <div class=\"p-2 fkd-highlight\">Flex item</div>\n    <div class=\"p-2 fkd-highlight\">Flex item</div>\n    <div class=\"p-2 fkd-highlight\">Flex item</div>\n    <div class=\"p-2 fkd-highlight\">Flex item</div>\n    <div class=\"p-2 fkd-highlight\">Flex item</div>\n    <div class=\"p-2 fkd-highlight\">Flex item</div>\n    <div class=\"p-2 fkd-highlight\">Flex item</div>\n  </div>\n</div>\n\n<p><figure class=\"highlight\"><pre><code class=\"language-html\" data-lang=\"html\"></p>\n<div class=\"d-flex flex-wrap\">\n  ...\n</div>\n</code></pre>\n\n<div class=\"fkd-example\">\n  <div class=\"d-flex flex-wrap-reverse fkd-highlight\">\n    <div class=\"p-2 fkd-highlight\">Flex item</div>\n    <div class=\"p-2 fkd-highlight\">Flex item</div>\n    <div class=\"p-2 fkd-highlight\">Flex item</div>\n    <div class=\"p-2 fkd-highlight\">Flex item</div>\n    <div class=\"p-2 fkd-highlight\">Flex item</div>\n    <div class=\"p-2 fkd-highlight\">Flex item</div>\n    <div class=\"p-2 fkd-highlight\">Flex item</div>\n    <div class=\"p-2 fkd-highlight\">Flex item</div>\n    <div class=\"p-2 fkd-highlight\">Flex item</div>\n    <div class=\"p-2 fkd-highlight\">Flex item</div>\n    <div class=\"p-2 fkd-highlight\">Flex item</div>\n    <div class=\"p-2 fkd-highlight\">Flex item</div>\n    <div class=\"p-2 fkd-highlight\">Flex item</div>\n    <div class=\"p-2 fkd-highlight\">Flex item</div>\n    <div class=\"p-2 fkd-highlight\">Flex item</div>\n  </div>\n</div>\n\n<p><figure class=\"highlight\"><pre><code class=\"language-html\" data-lang=\"html\"></p>\n<div class=\"d-flex flex-wrap-reverse\">\n  ...\n</div>\n</code></pre>\n\n\nResponsive variations also exist for `flex-wrap`.\n\n{% for bp in shared.data.breakpoints %}\n- `.flex{{ bp.abbr }}-nowrap`\n- `.flex{{ bp.abbr }}-wrap`\n- `.flex{{ bp.abbr }}-wrap-reverse`{% endfor %}\n\n## Order\n\nChange the _visual_ order of specific flex items with a handful of `order` utilities. We only provide options for making an item first or last, as well as a reset to use the DOM order. As `order` takes any integer value (e.g., `5`), add custom CSS for any additional values needed.\n\n<div class=\"fkd-example\">\n<div class=\"d-flex flex-nowrap fkd-highlight\">\n  <div class=\"order-3 p-2 fkd-highlight\">First flex item</div>\n  <div class=\"order-2 p-2 fkd-highlight\">Second flex item</div>\n  <div class=\"order-1 p-2 fkd-highlight\">Third flex item</div>\n</div>\n</div>\n\n\n<p>Responsive variations also exist for <code>order</code>.</p>\n<p>{% for bp in shared.data.breakpoints %}{% for i in [0, 1, 2, 3, 4, 5, 6, 7, 8, 9, 10, 11, 12] %}\n- <code>.order{{ bp.abbr }}-{{ i }}</code>{% endfor %}{% endfor %}</p>\n<h2 id=\"align-content\">Align content</h2>\n<p>Use <code>align-content</code> utilities on flexbox containers to align flex items <em>together</em> on the cross axis. Choose from <code>start</code> (browser default), <code>end</code>, <code>center</code>, <code>between</code>, <code>around</code>, or <code>stretch</code>. To demonstrate these utilities, we’ve enforced <code>flex-wrap: wrap</code> and increased the number of flex items.</p>\n<p><strong>Heads up!</strong> This property has no effect on single rows of flex items.</p>\n<div class=\"fkd-example\">\n  <div class=\"d-flex align-content-start flex-wrap fkd-highlight mb-3\" style=\"height: 200px\">\n    <div class=\"p-2 fkd-highlight\">Flex item</div>\n    <div class=\"p-2 fkd-highlight\">Flex item</div>\n    <div class=\"p-2 fkd-highlight\">Flex item</div>\n    <div class=\"p-2 fkd-highlight\">Flex item</div>\n    <div class=\"p-2 fkd-highlight\">Flex item</div>\n    <div class=\"p-2 fkd-highlight\">Flex item</div>\n    <div class=\"p-2 fkd-highlight\">Flex item</div>\n    <div class=\"p-2 fkd-highlight\">Flex item</div>\n    <div class=\"p-2 fkd-highlight\">Flex item</div>\n    <div class=\"p-2 fkd-highlight\">Flex item</div>\n    <div class=\"p-2 fkd-highlight\">Flex item</div>\n    <div class=\"p-2 fkd-highlight\">Flex item</div>\n    <div class=\"p-2 fkd-highlight\">Flex item</div>\n    <div class=\"p-2 fkd-highlight\">Flex item</div>\n    <div class=\"p-2 fkd-highlight\">Flex item</div>\n  </div>\n</div>\n\n<p><figure class=\"highlight\"><pre><code class=\"language-html\" data-lang=\"html\"></p>\n<div class=\"d-flex align-content-start flex-wrap\">\n  ...\n</div>\n</code></pre>\n\n<div class=\"fkd-example\">\n  <div class=\"d-flex align-content-end flex-wrap fkd-highlight mb-3\" style=\"height: 200px\">\n    <div class=\"p-2 fkd-highlight\">Flex item</div>\n    <div class=\"p-2 fkd-highlight\">Flex item</div>\n    <div class=\"p-2 fkd-highlight\">Flex item</div>\n    <div class=\"p-2 fkd-highlight\">Flex item</div>\n    <div class=\"p-2 fkd-highlight\">Flex item</div>\n    <div class=\"p-2 fkd-highlight\">Flex item</div>\n    <div class=\"p-2 fkd-highlight\">Flex item</div>\n    <div class=\"p-2 fkd-highlight\">Flex item</div>\n    <div class=\"p-2 fkd-highlight\">Flex item</div>\n    <div class=\"p-2 fkd-highlight\">Flex item</div>\n    <div class=\"p-2 fkd-highlight\">Flex item</div>\n    <div class=\"p-2 fkd-highlight\">Flex item</div>\n    <div class=\"p-2 fkd-highlight\">Flex item</div>\n    <div class=\"p-2 fkd-highlight\">Flex item</div>\n    <div class=\"p-2 fkd-highlight\">Flex item</div>\n  </div>\n</div>\n\n<p><figure class=\"highlight\"><pre><code class=\"language-html\" data-lang=\"html\"></p>\n<div class=\"d-flex align-content-end flex-wrap\">...</div>\n</code></pre>\n\n<div class=\"fkd-example\">\n  <div class=\"d-flex align-content-center flex-wrap fkd-highlight mb-3\" style=\"height: 200px\">\n    <div class=\"p-2 fkd-highlight\">Flex item</div>\n    <div class=\"p-2 fkd-highlight\">Flex item</div>\n    <div class=\"p-2 fkd-highlight\">Flex item</div>\n    <div class=\"p-2 fkd-highlight\">Flex item</div>\n    <div class=\"p-2 fkd-highlight\">Flex item</div>\n    <div class=\"p-2 fkd-highlight\">Flex item</div>\n    <div class=\"p-2 fkd-highlight\">Flex item</div>\n    <div class=\"p-2 fkd-highlight\">Flex item</div>\n    <div class=\"p-2 fkd-highlight\">Flex item</div>\n    <div class=\"p-2 fkd-highlight\">Flex item</div>\n    <div class=\"p-2 fkd-highlight\">Flex item</div>\n    <div class=\"p-2 fkd-highlight\">Flex item</div>\n    <div class=\"p-2 fkd-highlight\">Flex item</div>\n    <div class=\"p-2 fkd-highlight\">Flex item</div>\n    <div class=\"p-2 fkd-highlight\">Flex item</div>\n  </div>\n</div>\n\n<p><figure class=\"highlight\"><pre><code class=\"language-html\" data-lang=\"html\"></p>\n<div class=\"d-flex align-content-center flex-wrap\">...</div>\n</code></pre>\n\n<div class=\"fkd-example\">\n  <div class=\"d-flex align-content-between flex-wrap fkd-highlight mb-3\" style=\"height: 200px\">\n    <div class=\"p-2 fkd-highlight\">Flex item</div>\n    <div class=\"p-2 fkd-highlight\">Flex item</div>\n    <div class=\"p-2 fkd-highlight\">Flex item</div>\n    <div class=\"p-2 fkd-highlight\">Flex item</div>\n    <div class=\"p-2 fkd-highlight\">Flex item</div>\n    <div class=\"p-2 fkd-highlight\">Flex item</div>\n    <div class=\"p-2 fkd-highlight\">Flex item</div>\n    <div class=\"p-2 fkd-highlight\">Flex item</div>\n    <div class=\"p-2 fkd-highlight\">Flex item</div>\n    <div class=\"p-2 fkd-highlight\">Flex item</div>\n    <div class=\"p-2 fkd-highlight\">Flex item</div>\n    <div class=\"p-2 fkd-highlight\">Flex item</div>\n    <div class=\"p-2 fkd-highlight\">Flex item</div>\n    <div class=\"p-2 fkd-highlight\">Flex item</div>\n    <div class=\"p-2 fkd-highlight\">Flex item</div>\n  </div>\n</div>\n\n<p><figure class=\"highlight\"><pre><code class=\"language-html\" data-lang=\"html\"></p>\n<div class=\"d-flex align-content-between flex-wrap\">...</div>\n</code></pre>\n\n<div class=\"fkd-example\">\n  <div class=\"d-flex align-content-around flex-wrap fkd-highlight mb-3\" style=\"height: 200px\">\n    <div class=\"p-2 fkd-highlight\">Flex item</div>\n    <div class=\"p-2 fkd-highlight\">Flex item</div>\n    <div class=\"p-2 fkd-highlight\">Flex item</div>\n    <div class=\"p-2 fkd-highlight\">Flex item</div>\n    <div class=\"p-2 fkd-highlight\">Flex item</div>\n    <div class=\"p-2 fkd-highlight\">Flex item</div>\n    <div class=\"p-2 fkd-highlight\">Flex item</div>\n    <div class=\"p-2 fkd-highlight\">Flex item</div>\n    <div class=\"p-2 fkd-highlight\">Flex item</div>\n    <div class=\"p-2 fkd-highlight\">Flex item</div>\n    <div class=\"p-2 fkd-highlight\">Flex item</div>\n    <div class=\"p-2 fkd-highlight\">Flex item</div>\n    <div class=\"p-2 fkd-highlight\">Flex item</div>\n    <div class=\"p-2 fkd-highlight\">Flex item</div>\n    <div class=\"p-2 fkd-highlight\">Flex item</div>\n  </div>\n</div>\n\n<p><figure class=\"highlight\"><pre><code class=\"language-html\" data-lang=\"html\"></p>\n<div class=\"d-flex align-content-around flex-wrap\">...</div>\n</code></pre>\n\n<div class=\"fkd-example\">\n  <div class=\"d-flex align-content-stretch flex-wrap fkd-highlight mb-3\" style=\"height: 200px\">\n    <div class=\"p-2 fkd-highlight\">Flex item</div>\n    <div class=\"p-2 fkd-highlight\">Flex item</div>\n    <div class=\"p-2 fkd-highlight\">Flex item</div>\n    <div class=\"p-2 fkd-highlight\">Flex item</div>\n    <div class=\"p-2 fkd-highlight\">Flex item</div>\n    <div class=\"p-2 fkd-highlight\">Flex item</div>\n    <div class=\"p-2 fkd-highlight\">Flex item</div>\n    <div class=\"p-2 fkd-highlight\">Flex item</div>\n    <div class=\"p-2 fkd-highlight\">Flex item</div>\n    <div class=\"p-2 fkd-highlight\">Flex item</div>\n    <div class=\"p-2 fkd-highlight\">Flex item</div>\n    <div class=\"p-2 fkd-highlight\">Flex item</div>\n    <div class=\"p-2 fkd-highlight\">Flex item</div>\n    <div class=\"p-2 fkd-highlight\">Flex item</div>\n    <div class=\"p-2 fkd-highlight\">Flex item</div>\n  </div>\n</div>\n\n<p><figure class=\"highlight\"><pre><code class=\"language-html\" data-lang=\"html\"></p>\n<p><div class=\"d-flex align-content-stretch flex-wrap\">…</div>\n</code></pre></p>\n<p>Responsive variations also exist for <code>align-content</code>.</p>\n<p>{% for bp in shared.data.breakpoints %}\n- <code>.align-content{{ bp.abbr }}-start</code>\n- <code>.align-content{{ bp.abbr }}-end</code>\n- <code>.align-content{{ bp.abbr }}-center</code>\n- <code>.align-content{{ bp.abbr }}-around</code>\n- <code>.align-content{{ bp.abbr }}-stretch</code>{% endfor %}</p>\n","updatedAt":"2018-06-06T20:04:50.000Z"}