{"layout":"docs","title":"Jumbotron","description":"Lightweight, flexible component for showcasing hero unit style content.","group":"components","body":"<p>A lightweight, flexible component that can optionally extend the entire viewport to showcase key marketing messages on your shared.</p>\n<p>{{capture ‘example’}}</p>\n<p><div class=\"jumbotron\">\n  <h1 class=\"display-4\">Hello, world!</h1>\n  <p class=\"lead\">This is a simple hero unit, a simple jumbotron-style component for calling extra attention to featured content or information.</p>\n  <hr class=\"my-4\">\n  <p>It uses utility classes for typography and spacing to space content out within the larger container.</p>\n  <a class=\"btn btn-primary btn-lg\" href=\"#\" role=\"button\">Learn more</a></p>\n<p></div></p>\n<p></div>\n{{include ‘example’ content=example}}</p>\n<p>To make the jumbotron full width, and without rounded corners, add the <code>.jumbotron-fluid</code> modifier class and add a <code>.container</code> or <code>.container-fluid</code> within.</p>\n<p>{{capture ‘example’}}</p>\n<p><div class=\"jumbotron jumbotron-fluid\">\n  <div class=\"container\">\n    <h1 class=\"display-4\">Fluid jumbotron</h1>\n    <p class=\"lead\">This is a modified jumbotron that occupies the entire horizontal space of its parent.</p>\n  </div></p>\n<p></div></p>\n<p></div>\n{{include ‘example’ content=example}}</p>\n","updatedAt":"2018-06-06T20:04:50.000Z"}