{"layout":"docs","title":"Pagination","description":"Documentation and examples for showing pagination to indicate a series of related content exists across multiple pages.","group":"components","toc":true,"body":"<h2 id=\"overview\">Overview</h2>\n<p>We use a large block of connected links for our pagination, making links hard to miss and easily scalable—all while providing large hit areas. Pagination is built with list HTML elements so screen readers can announce the number of available links. Use a wrapping <code>&lt;nav&gt;</code> element to identify it as a navigation section to screen readers and other assistive technologies.</p>\n<p>In addition, as pages likely have more than one such navigation section, it’s advisable to provide a descriptive <code>aria-label</code> for the <code>&lt;nav&gt;</code> to reflect its purpose. For example, if the pagination component is used to navigate between a set of search results, an appropriate label could be <code>aria-label=&quot;Search results pages&quot;</code>.</p>\n<p>{{capture ‘example’}}</p>\n<p><nav aria-label=\"Page navigation example\">\n  <ul class=\"pagination\">\n    <li class=\"page-item\"><a class=\"page-link\" href=\"#\">Previous</a></li>\n    <li class=\"page-item\"><a class=\"page-link\" href=\"#\">1</a></li>\n    <li class=\"page-item\"><a class=\"page-link\" href=\"#\">2</a></li>\n    <li class=\"page-item\"><a class=\"page-link\" href=\"#\">3</a></li>\n    <li class=\"page-item\"><a class=\"page-link\" href=\"#\">Next</a></li>\n  </ul></p>\n<p></nav></p>\n<p></div>\n{{include ‘example’ content=example}}</p>\n<h2 id=\"working-with-icons\">Working with icons</h2>\n<p>Looking to use an icon or symbol in place of text for some pagination links? Be sure to provide proper screen reader support with <code>aria</code> attributes and the <code>.sr-only</code> utility.</p>\n<p>{{capture ‘example’}}</p>\n<p><nav aria-label=\"Page navigation example\">\n  <ul class=\"pagination\">\n    <li class=\"page-item\">\n      <a class=\"page-link\" href=\"#\" aria-label=\"Previous\">\n        <span aria-hidden=\"true\">&laquo;</span>\n        <span class=\"sr-only\">Previous</span>\n      </a>\n    </li>\n    <li class=\"page-item\"><a class=\"page-link\" href=\"#\">1</a></li>\n    <li class=\"page-item\"><a class=\"page-link\" href=\"#\">2</a></li>\n    <li class=\"page-item\"><a class=\"page-link\" href=\"#\">3</a></li>\n    <li class=\"page-item\">\n      <a class=\"page-link\" href=\"#\" aria-label=\"Next\">\n        <span aria-hidden=\"true\">&raquo;</span>\n        <span class=\"sr-only\">Next</span>\n      </a>\n    </li>\n  </ul></p>\n<p></nav></p>\n<p></div>\n{{include ‘example’ content=example}}</p>\n<h2 id=\"disabled-and-active-states\">Disabled and active states</h2>\n<p>Pagination links are customizable for different circumstances. Use <code>.disabled</code> for links that appear un-clickable and <code>.active</code> to indicate the current page.</p>\n<p>While the <code>.disabled</code> class uses <code>pointer-events: none</code> to <em>try</em> to disable the link functionality of <code>&lt;a&gt;</code>s, that CSS property is not yet standardized and doesn’t account for keyboard navigation. As such, you should always add <code>tabindex=&quot;-1&quot;</code> on disabled links and use custom JavaScript to fully disable their functionality.</p>\n<p>{{capture ‘example’}}</p>\n<p><nav aria-label=\"...\">\n  <ul class=\"pagination\">\n    <li class=\"page-item disabled\">\n      <a class=\"page-link\" href=\"#\" tabindex=\"-1\">Previous</a>\n    </li>\n    <li class=\"page-item\"><a class=\"page-link\" href=\"#\">1</a></li>\n    <li class=\"page-item active\">\n      <a class=\"page-link\" href=\"#\">2 <span class=\"sr-only\">(current)</span></a>\n    </li>\n    <li class=\"page-item\"><a class=\"page-link\" href=\"#\">3</a></li>\n    <li class=\"page-item\">\n      <a class=\"page-link\" href=\"#\">Next</a>\n    </li>\n  </ul></p>\n<p></nav></p>\n<p></div>\n{{include ‘example’ content=example}}</p>\n<p>You can optionally swap out active or disabled anchors for <code>&lt;span&gt;</code>, or omit the anchor in the case of the prev/next arrows, to remove click functionality and prevent keyboard focus while retaining intended styles.</p>\n<p>{{capture ‘example’}}</p>\n<p><nav aria-label=\"...\">\n  <ul class=\"pagination\">\n    <li class=\"page-item disabled\">\n      <span class=\"page-link\">Previous</span>\n    </li>\n    <li class=\"page-item\"><a class=\"page-link\" href=\"#\">1</a></li>\n    <li class=\"page-item active\">\n      <span class=\"page-link\">\n        2\n        <span class=\"sr-only\">(current)</span>\n      </span>\n    </li>\n    <li class=\"page-item\"><a class=\"page-link\" href=\"#\">3</a></li>\n    <li class=\"page-item\">\n      <a class=\"page-link\" href=\"#\">Next</a>\n    </li>\n  </ul></p>\n<p></nav></p>\n<p></div>\n{{include ‘example’ content=example}}</p>\n<h2 id=\"sizing\">Sizing</h2>\n<p>Fancy larger or smaller pagination? Add <code>.pagination-lg</code> or <code>.pagination-sm</code> for additional sizes.</p>\n<p>{{capture ‘example’}}</p>\n<p><nav aria-label=\"...\">\n  <ul class=\"pagination pagination-lg\">\n    <li class=\"page-item disabled\">\n      <a class=\"page-link\" href=\"#\" tabindex=\"-1\">1</a>\n    </li>\n    <li class=\"page-item\"><a class=\"page-link\" href=\"#\">2</a></li>\n    <li class=\"page-item\"><a class=\"page-link\" href=\"#\">3</a></li>\n  </ul></p>\n<p></nav></p>\n<p></div>\n{{include ‘example’ content=example}}</p>\n<p>{{capture ‘example’}}</p>\n<p><nav aria-label=\"...\">\n  <ul class=\"pagination pagination-sm\">\n    <li class=\"page-item disabled\">\n      <a class=\"page-link\" href=\"#\" tabindex=\"-1\">1</a>\n    </li>\n    <li class=\"page-item\"><a class=\"page-link\" href=\"#\">2</a></li>\n    <li class=\"page-item\"><a class=\"page-link\" href=\"#\">3</a></li>\n  </ul></p>\n<p></nav></p>\n<p></div>\n{{include ‘example’ content=example}}</p>\n<h2 id=\"alignment\">Alignment</h2>\n<p>Change the alignment of pagination components with <a href=\"%7B%7B%20shared.baseurl%20%7D%7D/docs/%7B%7B%20shared.docs_version%20%7D%7D/utilities/flex/\">flexbox utilities</a>.</p>\n<p>{{capture ‘example’}}</p>\n<p><nav aria-label=\"Page navigation example\">\n  <ul class=\"pagination justify-content-center\">\n    <li class=\"page-item disabled\">\n      <a class=\"page-link\" href=\"#\" tabindex=\"-1\">Previous</a>\n    </li>\n    <li class=\"page-item\"><a class=\"page-link\" href=\"#\">1</a></li>\n    <li class=\"page-item\"><a class=\"page-link\" href=\"#\">2</a></li>\n    <li class=\"page-item\"><a class=\"page-link\" href=\"#\">3</a></li>\n    <li class=\"page-item\">\n      <a class=\"page-link\" href=\"#\">Next</a>\n    </li>\n  </ul></p>\n<p></nav></p>\n<p></div>\n{{include ‘example’ content=example}}</p>\n<p>{{capture ‘example’}}</p>\n<p><nav aria-label=\"Page navigation example\">\n  <ul class=\"pagination justify-content-end\">\n    <li class=\"page-item disabled\">\n      <a class=\"page-link\" href=\"#\" tabindex=\"-1\">Previous</a>\n    </li>\n    <li class=\"page-item\"><a class=\"page-link\" href=\"#\">1</a></li>\n    <li class=\"page-item\"><a class=\"page-link\" href=\"#\">2</a></li>\n    <li class=\"page-item\"><a class=\"page-link\" href=\"#\">3</a></li>\n    <li class=\"page-item\">\n      <a class=\"page-link\" href=\"#\">Next</a>\n    </li>\n  </ul></p>\n<p></nav></p>\n<p></div>\n{{include ‘example’ content=example}}</p>\n","updatedAt":"2018-06-06T20:04:50.000Z"}