{"layout":"docs","title":"Progress","description":"Documentation and examples for using framekit custom progress bars featuring support for stacked bars, animated backgrounds, and text labels.","group":"components","toc":true,"body":"<h2 id=\"how-it-works\">How it works</h2>\n<p>Progress components are built with two HTML elements, some CSS to set the width, and a few attributes. We don’t use <a href=\"https://developer.mozilla.org/en-US/docs/Web/HTML/Element/progress\">the HTML5 <code>&lt;progress&gt;</code> element</a>, ensuring you can stack progress bars, animate them, and place text labels over them.</p>\n<ul>\n<li>We use the <code>.progress</code> as a wrapper to indicate the max value of the progress bar.</li>\n<li>We use the inner <code>.progress-bar</code> to indicate the progress so far.</li>\n<li>The <code>.progress-bar</code> requires an inline style, utility class, or custom CSS to set their width.</li>\n<li>The <code>.progress-bar</code> also requires some <code>role</code> and <code>aria</code> attributes to make it accessible.</li>\n</ul>\n<p>Put that all together, and you have the following examples.</p>\n<p>{{capture ‘example’}}</p>\n<div class=\"progress\">\n  <div class=\"progress-bar\" role=\"progressbar\" aria-valuenow=\"0\" aria-valuemin=\"0\" aria-valuemax=\"100\"></div>\n</div>\n<div class=\"progress\">\n  <div class=\"progress-bar\" role=\"progressbar\" style=\"width: 25%\" aria-valuenow=\"25\" aria-valuemin=\"0\" aria-valuemax=\"100\"></div>\n</div>\n<div class=\"progress\">\n  <div class=\"progress-bar\" role=\"progressbar\" style=\"width: 50%\" aria-valuenow=\"50\" aria-valuemin=\"0\" aria-valuemax=\"100\"></div>\n</div>\n<div class=\"progress\">\n  <div class=\"progress-bar\" role=\"progressbar\" style=\"width: 75%\" aria-valuenow=\"75\" aria-valuemin=\"0\" aria-valuemax=\"100\"></div>\n</div>\n<div class=\"progress\">\n  <div class=\"progress-bar\" role=\"progressbar\" style=\"width: 100%\" aria-valuenow=\"100\" aria-valuemin=\"0\" aria-valuemax=\"100\"></div>\n</div>\n</div>\n{{include 'example' content=example}}\n\nframekit provides a handful of [utilities for setting width]({{ shared.baseurl }}/docs/{{ shared.docs_version }}/utilities/sizing/). Depending on your needs, these may help with quickly configuring progress.\n\n{{capture 'example'}}\n<div class=\"progress\">\n  <div class=\"progress-bar w-75\" role=\"progressbar\" aria-valuenow=\"75\" aria-valuemin=\"0\" aria-valuemax=\"100\"></div>\n</div>\n</div>\n{{include 'example' content=example}}\n\n## Labels\n\nAdd labels to your progress bars by placing text within the `.progress-bar`.\n\n{{capture 'example'}}\n<div class=\"progress\">\n  <div class=\"progress-bar\" role=\"progressbar\" style=\"width: 25%;\" aria-valuenow=\"25\" aria-valuemin=\"0\" aria-valuemax=\"100\">25%</div>\n</div>\n</div>\n{{include 'example' content=example}}\n\n## Height\n\nWe only set a `height` value on the `.progress`, so if you change that value the inner `.progress-bar` will automatically resize accordingly.\n\n{{capture 'example'}}\n<div class=\"progress\" style=\"height: 1px;\">\n  <div class=\"progress-bar\" role=\"progressbar\" style=\"width: 25%;\" aria-valuenow=\"25\" aria-valuemin=\"0\" aria-valuemax=\"100\"></div>\n</div>\n<div class=\"progress\" style=\"height: 20px;\">\n  <div class=\"progress-bar\" role=\"progressbar\" style=\"width: 25%;\" aria-valuenow=\"25\" aria-valuemin=\"0\" aria-valuemax=\"100\"></div>\n</div>\n</div>\n{{include 'example' content=example}}\n\n## Backgrounds\n\nUse background utility classes to change the appearance of individual progress bars.\n\n{{capture 'example'}}\n<div class=\"progress\">\n  <div class=\"progress-bar bg-success\" role=\"progressbar\" style=\"width: 25%\" aria-valuenow=\"25\" aria-valuemin=\"0\" aria-valuemax=\"100\"></div>\n</div>\n<div class=\"progress\">\n  <div class=\"progress-bar bg-info\" role=\"progressbar\" style=\"width: 50%\" aria-valuenow=\"50\" aria-valuemin=\"0\" aria-valuemax=\"100\"></div>\n</div>\n<div class=\"progress\">\n  <div class=\"progress-bar bg-warning\" role=\"progressbar\" style=\"width: 75%\" aria-valuenow=\"75\" aria-valuemin=\"0\" aria-valuemax=\"100\"></div>\n</div>\n<div class=\"progress\">\n  <div class=\"progress-bar bg-danger\" role=\"progressbar\" style=\"width: 100%\" aria-valuenow=\"100\" aria-valuemin=\"0\" aria-valuemax=\"100\"></div>\n</div>\n</div>\n{{include 'example' content=example}}\n\n## Multiple bars\n\nInclude multiple progress bars in a progress component if you need.\n\n{{capture 'example'}}\n<div class=\"progress\">\n  <div class=\"progress-bar\" role=\"progressbar\" style=\"width: 15%\" aria-valuenow=\"15\" aria-valuemin=\"0\" aria-valuemax=\"100\"></div>\n  <div class=\"progress-bar bg-success\" role=\"progressbar\" style=\"width: 30%\" aria-valuenow=\"30\" aria-valuemin=\"0\" aria-valuemax=\"100\"></div>\n  <div class=\"progress-bar bg-info\" role=\"progressbar\" style=\"width: 20%\" aria-valuenow=\"20\" aria-valuemin=\"0\" aria-valuemax=\"100\"></div>\n</div>\n</div>\n{{include 'example' content=example}}\n\n## Striped\n\nAdd `.progress-bar-striped` to any `.progress-bar` to apply a stripe via CSS gradient over the progress bar's background shared.color.\n\n{{capture 'example'}}\n<div class=\"progress\">\n  <div class=\"progress-bar progress-bar-striped\" role=\"progressbar\" style=\"width: 10%\" aria-valuenow=\"10\" aria-valuemin=\"0\" aria-valuemax=\"100\"></div>\n</div>\n<div class=\"progress\">\n  <div class=\"progress-bar progress-bar-striped bg-success\" role=\"progressbar\" style=\"width: 25%\" aria-valuenow=\"25\" aria-valuemin=\"0\" aria-valuemax=\"100\"></div>\n</div>\n<div class=\"progress\">\n  <div class=\"progress-bar progress-bar-striped bg-info\" role=\"progressbar\" style=\"width: 50%\" aria-valuenow=\"50\" aria-valuemin=\"0\" aria-valuemax=\"100\"></div>\n</div>\n<div class=\"progress\">\n  <div class=\"progress-bar progress-bar-striped bg-warning\" role=\"progressbar\" style=\"width: 75%\" aria-valuenow=\"75\" aria-valuemin=\"0\" aria-valuemax=\"100\"></div>\n</div>\n<div class=\"progress\">\n  <div class=\"progress-bar progress-bar-striped bg-danger\" role=\"progressbar\" style=\"width: 100%\" aria-valuenow=\"100\" aria-valuemin=\"0\" aria-valuemax=\"100\"></div>\n</div>\n</div>\n{{include 'example' content=example}}\n\n## Animated stripes\n\nThe striped gradient can also be animated. Add `.progress-bar-animated` to `.progress-bar` to animate the stripes right to left via CSS3 animations.\n\n<div class=\"fkd-example\">\n  <div class=\"progress\">\n    <div class=\"progress-bar progress-bar-striped\" role=\"progressbar\" aria-valuenow=\"75\" aria-valuemin=\"0\" aria-valuemax=\"100\" style=\"width: 75%\"></div>\n  </div>\n  <button type=\"button\" class=\"btn btn-secondary fkd-toggle-animated-progress\" data-toggle=\"button\" aria-pressed=\"false\" autocomplete=\"off\">\n    Toggle animation\n  </button>\n</div>\n\n<p><code>`</code>html</p>\n<p><div class=\"progress\">\n  <div class=\"progress-bar progress-bar-striped progress-bar-animated\" role=\"progressbar\" aria-valuenow=\"75\" aria-valuemin=\"0\" aria-valuemax=\"100\" style=\"width: 75%\"></div></p>\n<p></div>\n<code>`</code></p>\n","updatedAt":"2018-06-06T20:04:50.000Z"}