{"layout":"docs","title":"Visibility","description":"Control the visibility, without modifying the display, of elements with visibility utilities.","group":"utilities","body":"<p>Set the <code>visibility</code> of elements with our visibility utilities. These do not modify the <code>display</code> value at all and are helpful for hiding content from most users, but still keeping them for screen readers.</p>\n<p>Apply <code>.visible</code> or <code>.invisible</code> as needed.</p>\n<p><figure class=\"highlight\"><pre><code class=\"language-html\" data-lang=\"html\"></p>\n<p><div class=\"visible\">…</div></p>\n<p><div class=\"invisible\">…</div>\n</code></pre></p>\n<p><figure class=\"highlight\"><pre><code class=\"language-scss\" data-lang=\"scss\">\n// Class\n.visible {\n  visibility: visible;\n}\n.invisible {\n  visibility: hidden;\n}</p>\n<p>// Usage as a mixin\n.element {\n  @include invisible(visible);\n}\n.element {\n  @include invisible(hidden);\n}\n</code></pre></p>\n","updatedAt":"2018-06-06T20:04:50.000Z"}