{"layout":"docs","title":"Badges","description":"Documentation and examples for badges, our small count and labeling component.","group":"components","toc":true,"body":"<h2 id=\"example\">Example</h2>\n<p>Badges scale to match the size of the immediate parent element by using relative font sizing and <code>em</code> units.</p>\n<div class=\"bd-example\">\n<div class=\"h1\">Example heading <span class=\"badge badge-secondary\">New</span></div>\n<div class=\"h2\">Example heading <span class=\"badge badge-secondary\">New</span></div>\n<div class=\"h3\">Example heading <span class=\"badge badge-secondary\">New</span></div>\n<div class=\"h4\">Example heading <span class=\"badge badge-secondary\">New</span></div>\n<div class=\"h5\">Example heading <span class=\"badge badge-secondary\">New</span></div>\n<div class=\"h6\">Example heading <span class=\"badge badge-secondary\">New</span></div>\n</div>\n\n<p><code>`</code>html</p>\n<p><h1>Example heading <span class=\"badge badge-secondary\">New</span></h1></p>\n<p><h2>Example heading <span class=\"badge badge-secondary\">New</span></h2></p>\n<p><h3>Example heading <span class=\"badge badge-secondary\">New</span></h3></p>\n<p><h4>Example heading <span class=\"badge badge-secondary\">New</span></h4></p>\n<p><h5>Example heading <span class=\"badge badge-secondary\">New</span></h5></p>\n<p><h6>Example heading <span class=\"badge badge-secondary\">New</span></h6>\n<code>`</code></p>\n<p>Badges can be used as part of links or buttons to provide a counter.</p>\n<p>{{#capture ‘example’}}\n<button type=\"button\" class=\"btn btn-primary\">\n  Notifications <span class=\"badge badge-light\">4</span>\n</button></p>\n<p></div>\n{{include ‘example’ content=example}}</p>\n<p>Note that depending on how they are used, badges may be confusing for users of screen readers and similar assistive technologies. While the styling of badges provides a visual cue as to their purpose, these users will simply be presented with the content of the badge. Depending on the specific situation, these badges may seem like random additional words or numbers at the end of a sentence, link, or button.</p>\n<p>Unless the context is clear (as with the “Notifications” example, where it is understood that the “4” is the number of notifications), consider including additional context with a visually hidden piece of additional text.</p>\n<p>{{#capture ‘example’}}\n<button type=\"button\" class=\"btn btn-primary\">\n  Profile <span class=\"badge badge-light\">9</span>\n  <span class=\"sr-only\">unread messages</span>\n</button></p>\n<p></div>\n{{include ‘example’ content=example}}</p>\n<h2 id=\"contextual-variations\">Contextual variations</h2>\n<p>Add any of the below mentioned modifier classes to change the appearance of a badge.</p>\n<p>{{#capture ‘example’}}\n{{#each shared.data.theme-colors as |color|}}\n<span class=\"badge badge-{{ shared.color.name }}\">{{capitalize shared.color.name}}</span>{{/each}}</p>\n<p></div>\n{{include ‘example’ content=example}}</p>\n<p>{{include ‘callout-warning-color-assistive-technologies.md’}}</p>\n<h2 id=\"pill-badges\">Pill badges</h2>\n<p>Use the <code>.badge-pill</code> modifier class to make badges more rounded (with a larger <code>border-radius</code> and additional horizontal <code>padding</code>). Useful if you miss the badges from v3.</p>\n<p>{{#capture ‘example’}}\n{{#each shared.data.theme-colors as |color|}}\n<span class=\"badge badge-pill badge-{{ shared.color.name }}\">{{capitalize shared.color.name}}</span>{{/each}}</p>\n<p></div>\n{{include ‘example’ content=example}}</p>\n<h2 id=\"links\">Links</h2>\n<p>Using the contextual <code>.badge-*</code> classes on an <code>&lt;a&gt;</code> element quickly provide <em>actionable</em> badges with hover and focus states.</p>\n<p>{{#capture ‘example’}}\n{{#each shared.data.theme-colors as |color|}}\n<a href=\"#\" class=\"badge badge-{{ shared.color.name }}\">{{capitalize shared.color.name}}</a>{{/each}}</p>\n<p></div>\n{{include ‘example’ content=example}}</p>\n","updatedAt":"2018-06-06T20:04:50.000Z"}