{"layout":"docs","title":"Borders","description":"Use border utilities to quickly style the border and border-radius of an element. Great for images, buttons, or any other element.","group":"utilities","redirect_from":"/utilities/","toc":true,"body":"<h2 id=\"border\">Border</h2>\n<p>Use border utilities to add or remove an element’s borders. Choose from all borders or one at a time.</p>\n<h3 id=\"additive\">Additive</h3>\n<div class=\"bd-example-border-utils\">\n<div class=\"bd-example\">\n<span class=\"border\"></span>\n<span class=\"border-top\"></span>\n<span class=\"border-right\"></span>\n<span class=\"border-bottom\"></span>\n<span class=\"border-left\"></span>\n</div>\n\n<p></div></p>\n<h3 id=\"subtractive\">Subtractive</h3>\n<div class=\"bd-example-border-utils bd-example-border-utils-0\">\n<div class=\"bd-example\">\n<span class=\"border-0\"></span>\n<span class=\"border-top-0\"></span>\n<span class=\"border-right-0\"></span>\n<span class=\"border-bottom-0\"></span>\n<span class=\"border-left-0\"></span>\n</div>\n\n<p></div></p>\n<h2 id=\"border-color\">Border color</h2>\n<p>Change the border color using utilities built on our theme colors.</p>\n<div class=\"bd-example-border-utils\">\n<div class=\"bd-example\">\n{% for color in shared.data.theme-colors %}\n<span class=\"border border-{{ shared.color.name }}\"></span>{% endfor %}\n<span class=\"border border-white\"></span>\n</div>\n\n<p></div></p>\n<h2 id=\"border-radius\">Border-radius</h2>\n<p>Add classes to an element to easily round its corners.</p>\n<div class=\"bd-example bd-example-images\">\n  <img data-src=\"holder.js/75x75\" class=\"rounded\" alt=\"Example rounded image\">\n  <img data-src=\"holder.js/75x75\" class=\"rounded-top\" alt=\"Example top rounded image\">\n  <img data-src=\"holder.js/75x75\" class=\"rounded-right\" alt=\"Example right rounded image\">\n  <img data-src=\"holder.js/75x75\" class=\"rounded-bottom\" alt=\"Example bottom rounded image\">\n  <img data-src=\"holder.js/75x75\" class=\"rounded-left\" alt=\"Example left rounded image\">\n  <img data-src=\"holder.js/75x75\" class=\"rounded-circle\" alt=\"Completely round image\">\n  <img data-src=\"holder.js/75x75\" class=\"rounded-0\" alt=\"Example non-rounded image (overrides rounding applied elsewhere)\">\n</div>\n\n<p><figure class=\"highlight\"><pre><code class=\"language-html\" data-lang=\"html\">\n<img src=\"...\" alt=\"...\" class=\"rounded\">\n<img src=\"...\" alt=\"...\" class=\"rounded-top\">\n<img src=\"...\" alt=\"...\" class=\"rounded-right\">\n<img src=\"...\" alt=\"...\" class=\"rounded-bottom\">\n<img src=\"...\" alt=\"...\" class=\"rounded-left\">\n<img src=\"...\" alt=\"...\" class=\"rounded-circle\">\n<img src=\"...\" alt=\"...\" class=\"rounded-0\">\n</code></pre></figure></p>\n","updatedAt":"2018-06-07T16:11:59.000Z"}