{
"layout": "docs",
"title": "Build tools",
"description": "Learn how to use Bootstrap's included npm scripts to build our documentation, compile source code, run tests, and more.",
"group": "getting-started",
"toc": true,
"body": "<h2 id=\"tooling-setup\">Tooling setup</h2>\n<p>framekit uses <a href=\"https://docs.npmjs.com/misc/scripts\">NPM scripts</a> for its build system. Our <a href=\"%7B%7B%20shared.repo%20%7D%7D/blob/v%7B%7B%20shared.current_version%20%7D%7D/package.json\">package.json</a> includes convenient methods for working with the framework, including compiling code, running tests, and more.</p>\n<p>To use our build system and run our documentation locally, you’ll need a copy of framekit’s source files and Node. Follow these steps and you should be ready to rock:</p>\n<ol>\n<li><a href=\"https://nodejs.org/download/\">Download and install Node.js</a>, which we use to manage our dependencies.</li>\n<li>Navigate to the root <code>/framekit</code> directory and run <code>npm install</code> to install our local dependencies listed in <a href=\"%7B%7B%20shared.repo%20%7D%7D/blob/v%7B%7B%20shared.current_version%20%7D%7D/package.json\">package.json</a>.</li>\n<li><a href=\"https://www.ruby-lang.org/en/documentation/installation/\">Install Ruby</a>, install <a href=\"https://bundler.io/\">Bundler</a> with <code>gem install bundler</code>, and finally run <code>bundle install</code>. This will install all Ruby dependencies, such as Jekyll and plugins.<ul>\n<li><strong>Windows users:</strong> Read <a href=\"https://jekyllrb.com/docs/windows/\">this guide</a> to get Jekyll up and running without problems.</li>\n</ul>\n</li>\n</ol>\n<p>When completed, you’ll be able to run the various commands provided from the command line.</p>\n<h2 id=\"using-npm-scripts\">Using NPM scripts</h2>\n<p>Our <a href=\"%7B%7B%20shared.repo%20%7D%7D/blob/v%7B%7B%20shared.current_version%20%7D%7D/package.json\">package.json</a> includes the following commands and tasks:</p>\n<p>| Task | Description |\n| — | — |\n| <code>npm run dist</code> | <code>npm run dist</code> creates the <code>/dist</code> directory with compiled files. <strong>Uses <a href=\"https://sass-lang.com/\">Sass</a>, <a href=\"https://github.com/postcss/autoprefixer\">Autoprefixer</a>, and <a href=\"https://github.com/mishoo/UglifyJS2\">UglifyJS</a>.</strong> |\n| <code>npm test</code> | Same as <code>npm run dist</code> plus it runs tests locally |\n| <code>npm run docs</code> | Builds and lints CSS and JavaScript for docs. You can then run the documentation locally via <code>npm run docs-serve</code>. |</p>\n<p>Run <code>npm run</code> to see all the npm scripts.</p>\n<h2 id=\"autoprefixer\">Autoprefixer</h2>\n<p>framekit uses <a href=\"https://github.com/postcss/autoprefixer\">Autoprefixer</a> (included in our build process) to automatically add vendor prefixes to some CSS properties at build time. Doing so saves us time and code by allowing us to write key parts of our CSS a single time while eliminating the need for vendor mixins like those found in v3.</p>\n<p>We maintain the list of browsers supported through Autoprefixer in a separate file within our GitHub repository. See <a href=\"%7B%7B%20shared.repo%20%7D%7D/blob/v%7B%7B%20shared.current_version%20%7D%7D/package.json\">/package.json</a> for details.</p>\n<h2 id=\"local-documentation\">Local documentation</h2>\n<p>Running our documentation locally requires the use of Jekyll, a decently flexible static site generator that provides us: basic includes, Markdown-based files, templates, and more. Here’s how to get it started:</p>\n<ol>\n<li>Run through the <a href=\"#tooling-setup\">tooling setup</a> above to install Jekyll (the site builder) and other Ruby dependencies with <code>bundle install</code>.</li>\n<li>From the root <code>/framekit</code> directory, run <code>npm run docs-serve</code> in the command line.</li>\n<li>Open <code>http://localhost:9001</code> in your browser, and voilà.</li>\n</ol>\n<p>Learn more about using Jekyll by reading its <a href=\"https://jekyllrb.com/docs/home/\">documentation</a>.</p>\n<h2 id=\"troubleshooting\">Troubleshooting</h2>\n<p>Should you encounter problems with installing dependencies, uninstall all previous dependency versions (global and local). Then, rerun <code>npm install</code>.</p>\n",
"updatedAt": "2018-06-06T20:04:50.000Z"
}