{"layout":"docs","title":"Code","description":"Documentation and examples for displaying inline and multiline blocks of code with framekit.","group":"content","toc":true,"body":"<h2 id=\"inline-code\">Inline code</h2>\n<p>Wrap inline snippets of code with <code>&lt;code&gt;</code>. Be sure to escape HTML angle brackets.</p>\n<div class=\"bd-example\">\nFor example, <code>&lt;section&gt;</code> should be wrapped as inline.\n</div>\n\n\n<h2 id=\"code-blocks\">Code blocks</h2>\n<p>Use <code>&lt;pre&gt;</code>s for multiple lines of code. Once again, be sure to escape any angle brackets in the code for proper rendering. You may optionally add the <code>.pre-scrollable</code> class, which will set a max-height of 340px and provide a y-axis scrollbar.</p>\n<div class=\"bd-example\">\n<pre><code>&lt;p&gt;Sample text here...&lt;/p&gt;\n&lt;p&gt;And another line of sample text here...&lt;/p&gt;\n</code></pre>\n</div>\n\n\n<h2 id=\"variables\">Variables</h2>\n<p>For indicating variables use the <code>&lt;var&gt;</code> tag.</p>\n<div class=\"bd-example\">\n<var>y</var> = <var>m</var><var>x</var> + <var>b</var>\n</div>\n\n\n<h2 id=\"user-input\">User input</h2>\n<p>Use the <code>&lt;kbd&gt;</code> to indicate input that is typically entered via keyboard.</p>\n<div class=\"bd-example\">\nTo switch directories, type <kbd>cd</kbd> followed by the name of the directory.<br>\nTo edit settings, press <kbd><kbd>ctrl</kbd> + <kbd>,</kbd></kbd>\n</div>\n\n\n<h2 id=\"sample-output\">Sample output</h2>\n<p>For indicating sample output from a program use the <code>&lt;samp&gt;</code> tag.</p>\n<div class=\"bd-example\">\n<samp>This text is meant to be treated as sample output from a computer program.</samp>\n</div>\n\n","updatedAt":"2018-06-06T20:04:50.000Z"}