{"layout":"docs","title":"Embeds","description":"Create responsive video or slideshow embeds based on the width of the parent by creating an intrinsic ratio that scales on any device.","group":"utilities","toc":true,"body":"<h2 id=\"about\">About</h2>\n<p>Rules are directly applied to <code>&lt;iframe&gt;</code>, <code>&lt;embed&gt;</code>, <code>&lt;video&gt;</code>, and <code>&lt;object&gt;</code> elements; optionally use an explicit descendant class <code>.embed-responsive-item</code> when you want to match the styling for other attributes.</p>\n<p><strong>Pro-Tip!</strong> You don’t need to include <code>frameborder=&quot;0&quot;</code> in your <code>&lt;iframe&gt;</code>s as we override that for you.</p>\n<h2 id=\"example\">Example</h2>\n<p>Wrap any embed like an <code>&lt;iframe&gt;</code> in a parent element with <code>.embed-responsive</code> and an aspect ratio. The <code>.embed-responsive-item</code> isn’t strictly required, but we encourage it.</p>\n<div class=\"bd-example\">\n<div class=\"embed-responsive embed-responsive-16by9\">\n  <iframe class=\"embed-responsive-item\" src=\"https://www.youtube.com/embed/zpOULjyy-n8?rel=0\" allowfullscreen></iframe>\n</div>\n</div>\n\n\n<h2 id=\"aspect-ratios\">Aspect ratios</h2>\n<p>Aspect ratios can be customized with modifier classes.</p>\n<p><figure class=\"highlight\"><pre><code class=\"language-html\" data-lang=\"html\"></p>\n<!-- 21:9 aspect ratio -->\n<div class=\"embed-responsive embed-responsive-21by9\">\n  <iframe class=\"embed-responsive-item\" src=\"...\"></iframe>\n</div>\n\n<!-- 16:9 aspect ratio -->\n<div class=\"embed-responsive embed-responsive-16by9\">\n  <iframe class=\"embed-responsive-item\" src=\"...\"></iframe>\n</div>\n\n<!-- 4:3 aspect ratio -->\n<div class=\"embed-responsive embed-responsive-4by3\">\n  <iframe class=\"embed-responsive-item\" src=\"...\"></iframe>\n</div>\n\n<!-- 1:1 aspect ratio -->\n<p><div class=\"embed-responsive embed-responsive-1by1\">\n  <iframe class=\"embed-responsive-item\" src=\"...\"></iframe></p>\n<p></div>\n</code></pre></figure></p>\n","updatedAt":"2018-06-06T20:04:50.000Z"}