{"layout":"docs","title":"Grid system","description":"Use our powerful mobile-first flexbox grid to build layouts of all shapes and sizes thanks to a twelve column system, five default responsive tiers, Sass variables and mixins, and dozens of predefined classes.","group":"layout","toc":true,"body":"<h2 id=\"how-it-works\">How it works</h2>\n<p>framekit’s grid system uses a series of containers, rows, and columns to layout and align content. It’s built with <a href=\"https://developer.mozilla.org/en-US/docs/Web/CSS/CSS_Flexible_Box_Layout/Basic_Concepts_of_Flexbox\">flexbox</a> and is fully responsive. Below is an example and an in-depth look at how the grid comes together.</p>\n<p><strong>New to or unfamiliar with flexbox?</strong> <a href=\"https://css-tricks.com/snippets/css/a-guide-to-flexbox/#flexbox-background\">Read this CSS Tricks flexbox guide</a> for background, terminology, guidelines, and code snippets.</p>\n<div class=\"bd-example-row\">\n<div class=\"bd-example\">\n<div class=\"container\">\n  <div class=\"row\">\n    <div class=\"col-sm\">\n      One of three columns\n    </div>\n    <div class=\"col-sm\">\n      One of three columns\n    </div>\n    <div class=\"col-sm\">\n      One of three columns\n    </div>\n  </div>\n</div>\n</div>\n\n<p></div></p>\n<p>The above example creates three equal-width columns on small, medium, large, and extra large devices using our predefined grid classes. Those columns are centered in the page with the parent <code>.container</code>.</p>\n<p>Breaking it down, here’s how it works:</p>\n<ul>\n<li>Containers provide a means to center and horizontally pad your site’s contents. Use <code>.container</code> for a responsive pixel width or <code>.container-fluid</code> for <code>width: 100%</code> across all viewport and device sizes.</li>\n<li>Rows are wrappers for columns. Each column has horizontal <code>padding</code> (called a gutter) for controlling the space between them. This <code>padding</code> is then counteracted on the rows with negative margins. This way, all the content in your columns is visually aligned down the left side.</li>\n<li>In a grid layout, content must be placed within columns and only columns may be immediate children of rows.</li>\n<li>Thanks to flexbox, grid columns without a specified <code>width</code> will automatically layout as equal width columns. For example, four instances of <code>.col-sm</code> will each automatically be 25% wide from the small breakpoint and up. See the <a href=\"#auto-layout-columns\">auto-layout columns</a> section for more examples.</li>\n<li>Column classes indicate the number of columns you’d like to use out of the possible 12 per row. So, if you want three equal-width columns across, you can use <code>.col-4</code>.</li>\n<li>Column <code>width</code>s are set in percentages, so they’re always fluid and sized relative to their parent element.</li>\n<li>Columns have horizontal <code>padding</code> to create the gutters between individual columns, however, you can remove the <code>margin</code> from rows and <code>padding</code> from columns with <code>.no-gutters</code> on the <code>.row</code>.</li>\n<li>To make the grid responsive, there are five grid breakpoints, one for each <a href=\"%7B%7B%20%7B%7Bshared.baseurl%20%7D%7D/docs/%7B%7B%20shared.docs_version%20%7D%7D/layout/overview/#responsive-breakpoints\">responsive breakpoint</a>: all breakpoints (extra small), small, medium, large, and extra large.</li>\n<li>Grid breakpoints are based on minimum width media queries, meaning <strong>they apply to that one breakpoint and all those above it</strong> (e.g., <code>.col-sm-4</code> applies to small, medium, large, and extra large devices, but not the first <code>xs</code> breakpoint).</li>\n<li>You can use predefined grid classes (like <code>.col-4</code>) or <a href=\"#sass-mixins\">Sass mixins</a> for more semantic markup.</li>\n</ul>\n<p>Be aware of the limitations and <a href=\"https://github.com/philipwalton/flexbugs\">bugs around flexbox</a>, like the <a href=\"https://github.com/philipwalton/flexbugs#flexbug-9\">inability to use some HTML elements as flex containers</a>.</p>\n<h2 id=\"grid-options\">Grid options</h2>\n<p>While framekit uses <code>em</code>s or <code>rem</code>s for defining most sizes, <code>px</code>s are used for grid breakpoints and container widths. This is because the viewport width is in pixels and does not change with the <a href=\"https://drafts.csswg.org/mediaqueries-3/#units\">font size</a>.</p>\n<p>See how aspects of the framekit grid system work across multiple devices with a handy table.</p>\n<table class=\"table table-bordered table-striped\">\n  <thead>\n    <tr>\n      <th></th>\n      <th class=\"text-center\">\n        Extra small<br>\n        <small>&lt;576px</small>\n      </th>\n      <th class=\"text-center\">\n        Small<br>\n        <small>&ge;576px</small>\n      </th>\n      <th class=\"text-center\">\n        Medium<br>\n        <small>&ge;768px</small>\n      </th>\n      <th class=\"text-center\">\n        Large<br>\n        <small>&ge;992px</small>\n      </th>\n      <th class=\"text-center\">\n        Extra large<br>\n        <small>&ge;1200px</small>\n      </th>\n    </tr>\n  </thead>\n  <tbody>\n    <tr>\n      <th class=\"text-nowrap\" scope=\"row\">Max container width</th>\n      <td>None (auto)</td>\n      <td>540px</td>\n      <td>720px</td>\n      <td>960px</td>\n      <td>1140px</td>\n    </tr>\n    <tr>\n      <th class=\"text-nowrap\" scope=\"row\">Class prefix</th>\n      <td><code>.col-</code></td>\n      <td><code>.col-sm-</code></td>\n      <td><code>.col-md-</code></td>\n      <td><code>.col-lg-</code></td>\n      <td><code>.col-xl-</code></td>\n    </tr>\n    <tr>\n      <th class=\"text-nowrap\" scope=\"row\"># of columns</th>\n      <td colspan=\"5\">12</td>\n    </tr>\n    <tr>\n      <th class=\"text-nowrap\" scope=\"row\">Gutter width</th>\n      <td colspan=\"5\">30px (15px on each side of a column)</td>\n    </tr>\n    <tr>\n      <th class=\"text-nowrap\" scope=\"row\">Nestable</th>\n      <td colspan=\"5\">Yes</td>\n    </tr>\n    <tr>\n      <th class=\"text-nowrap\" scope=\"row\">Column ordering</th>\n      <td colspan=\"5\">Yes</td>\n    </tr>\n  </tbody>\n</table>\n\n<h2 id=\"auto-layout-columns\">Auto-layout columns</h2>\n<p>Utilize breakpoint-specific column classes for easy column sizing without an explicit numbered class like <code>.col-sm-6</code>.</p>\n<h3 id=\"equal-width\">Equal-width</h3>\n<p>For example, here are two grid layouts that apply to every device and viewport, from <code>xs</code> to <code>xl</code>. Add any number of unit-less classes for each breakpoint you need and every column will be the same width.</p>\n<div class=\"bd-example-row\">\n<div class=\"bd-example\">\n<div class=\"container\">\n  <div class=\"row\">\n    <div class=\"col\">\n      1 of 2\n    </div>\n    <div class=\"col\">\n      2 of 2\n    </div>\n  </div>\n  <div class=\"row\">\n    <div class=\"col\">\n      1 of 3\n    </div>\n    <div class=\"col\">\n      2 of 3\n    </div>\n    <div class=\"col\">\n      3 of 3\n    </div>\n  </div>\n</div>\n</div>\n\n<p></div></p>\n<p>Equal-width columns can be broken into multiple lines, but there was a <a href=\"https://github.com/philipwalton/flexbugs#flexbug-11\">Safari flexbox bug</a> that prevented this from working without an explicit <code>flex-basis</code> or <code>border</code>. There are workarounds for older browser versions, but they shouldn’t be necessary if you’re up-to-date.</p>\n<div class=\"bd-example-row\">\n<div class=\"bd-example\">\n<div class=\"container\">\n  <div class=\"row\">\n    <div class=\"col\">Column</div>\n    <div class=\"col\">Column</div>\n    <div class=\"w-100\"></div>\n    <div class=\"col\">Column</div>\n    <div class=\"col\">Column</div>\n  </div>\n</div>\n</div>\n\n<p></div></p>\n<h3 id=\"setting-one-column-width\">Setting one column width</h3>\n<p>Auto-layout for flexbox grid columns also means you can set the width of one column and have the sibling columns automatically resize around it. You may use predefined grid classes (as shown below), grid mixins, or inline widths. Note that the other columns will resize no matter the width of the center column.</p>\n<div class=\"bd-example-row\">\n<div class=\"bd-example\">\n<div class=\"container\">\n  <div class=\"row\">\n    <div class=\"col\">\n      1 of 3\n    </div>\n    <div class=\"col-6\">\n      2 of 3 (wider)\n    </div>\n    <div class=\"col\">\n      3 of 3\n    </div>\n  </div>\n  <div class=\"row\">\n    <div class=\"col\">\n      1 of 3\n    </div>\n    <div class=\"col-5\">\n      2 of 3 (wider)\n    </div>\n    <div class=\"col\">\n      3 of 3\n    </div>\n  </div>\n</div>\n</div>\n\n<p></div></p>\n<h3 id=\"variable-width-content\">Variable width content</h3>\n<p>Use <code>col-{breakpoint}-auto</code> classes to size columns based on the natural width of their content.</p>\n<div class=\"bd-example-row\">\n<div class=\"bd-example\">\n<div class=\"container\">\n  <div class=\"row justify-content-md-center\">\n    <div class=\"col col-lg-2\">\n      1 of 3\n    </div>\n    <div class=\"col-md-auto\">\n      Variable width content\n    </div>\n    <div class=\"col col-lg-2\">\n      3 of 3\n    </div>\n  </div>\n  <div class=\"row\">\n    <div class=\"col\">\n      1 of 3\n    </div>\n    <div class=\"col-md-auto\">\n      Variable width content\n    </div>\n    <div class=\"col col-lg-2\">\n      3 of 3\n    </div>\n  </div>\n</div>\n</div>\n\n<p></div></p>\n<h3 id=\"equal-width-multi-row\">Equal-width multi-row</h3>\n<p>Create equal-width columns that span multiple rows by inserting a <code>.w-100</code> where you want the columns to break to a new line. Make the breaks responsive by mixing the <code>.w-100</code> with some <a href=\"%7B%7B%20%7B%7Bshared.baseurl%20%7D%7D/docs/%7B%7B%20shared.docs_version%20%7D%7D/utilities/display/\">responsive display utilities</a>.</p>\n<div class=\"bd-example-row\">\n<div class=\"bd-example\">\n<div class=\"row\">\n  <div class=\"col\">col</div>\n  <div class=\"col\">col</div>\n  <div class=\"w-100\"></div>\n  <div class=\"col\">col</div>\n  <div class=\"col\">col</div>\n</div>\n</div>\n\n<p></div></p>\n<h2 id=\"responsive-classes\">Responsive classes</h2>\n<p>framekit’s grid includes five tiers of predefined classes for building complex responsive layouts. Customize the size of your columns on extra small, small, medium, large, or extra large devices however you see fit.</p>\n<h3 id=\"all-breakpoints\">All breakpoints</h3>\n<p>For grids that are the same from the smallest of devices to the largest, use the <code>.col</code> and <code>.col-*</code> classes. Specify a numbered class when you need a particularly sized column; otherwise, feel free to stick to <code>.col</code>.</p>\n<div class=\"bd-example-row\">\n<div class=\"bd-example\">\n<div class=\"row\">\n  <div class=\"col\">col</div>\n  <div class=\"col\">col</div>\n  <div class=\"col\">col</div>\n  <div class=\"col\">col</div>\n</div>\n<div class=\"row\">\n  <div class=\"col-8\">col-8</div>\n  <div class=\"col-4\">col-4</div>\n</div>\n</div>\n\n<p></div></p>\n<h3 id=\"stacked-to-horizontal\">Stacked to horizontal</h3>\n<p>Using a single set of <code>.col-sm-*</code> classes, you can create a basic grid system that starts out stacked and becomes horizontal at the small breakpoint (<code>sm</code>).</p>\n<div class=\"bd-example-row\">\n<div class=\"bd-example\">\n<div class=\"row\">\n  <div class=\"col-sm-8\">col-sm-8</div>\n  <div class=\"col-sm-4\">col-sm-4</div>\n</div>\n<div class=\"row\">\n  <div class=\"col-sm\">col-sm</div>\n  <div class=\"col-sm\">col-sm</div>\n  <div class=\"col-sm\">col-sm</div>\n</div>\n</div>\n\n<p></div></p>\n<h3 id=\"mix-and-match\">Mix and match</h3>\n<p>Don’t want your columns to simply stack in some grid tiers? Use a combination of different classes for each tier as needed. See the example below for a better idea of how it all works.</p>\n<div class=\"bd-example-row\">\n<div class=\"bd-example\">\n<!-- Stack the columns on mobile by making one full-width and the other half-width -->\n<div class=\"row\">\n  <div class=\"col-12 col-md-8\">.col-12 .col-md-8</div>\n  <div class=\"col-6 col-md-4\">.col-6 .col-md-4</div>\n</div>\n\n<!-- Columns start at 50% wide on mobile and bump up to 33.3% wide on desktop -->\n<div class=\"row\">\n  <div class=\"col-6 col-md-4\">.col-6 .col-md-4</div>\n  <div class=\"col-6 col-md-4\">.col-6 .col-md-4</div>\n  <div class=\"col-6 col-md-4\">.col-6 .col-md-4</div>\n</div>\n\n<!-- Columns are always 50% wide, on mobile and desktop -->\n<div class=\"row\">\n  <div class=\"col-6\">.col-6</div>\n  <div class=\"col-6\">.col-6</div>\n</div>\n</div>\n\n<p></div></p>\n<h2 id=\"alignment\">Alignment</h2>\n<p>Use flexbox alignment utilities to vertically and horizontally align columns.</p>\n<h3 id=\"vertical-alignment\">Vertical alignment</h3>\n<div class=\"bd-example-row bd-example-row-flex-cols\">\n<div class=\"bd-example\">\n<div class=\"container\">\n  <div class=\"row align-items-start\">\n    <div class=\"col\">\n      One of three columns\n    </div>\n    <div class=\"col\">\n      One of three columns\n    </div>\n    <div class=\"col\">\n      One of three columns\n    </div>\n  </div>\n  <div class=\"row align-items-center\">\n    <div class=\"col\">\n      One of three columns\n    </div>\n    <div class=\"col\">\n      One of three columns\n    </div>\n    <div class=\"col\">\n      One of three columns\n    </div>\n  </div>\n  <div class=\"row align-items-end\">\n    <div class=\"col\">\n      One of three columns\n    </div>\n    <div class=\"col\">\n      One of three columns\n    </div>\n    <div class=\"col\">\n      One of three columns\n    </div>\n  </div>\n</div>\n</div>\n\n<p></div></p>\n<div class=\"bd-example-row bd-example-row-flex-cols\">\n<div class=\"bd-example\">\n<div class=\"container\">\n  <div class=\"row\">\n    <div class=\"col align-self-start\">\n      One of three columns\n    </div>\n    <div class=\"col align-self-center\">\n      One of three columns\n    </div>\n    <div class=\"col align-self-end\">\n      One of three columns\n    </div>\n  </div>\n</div>\n</div>\n\n<p></div></p>\n<h3 id=\"horizontal-alignment\">Horizontal alignment</h3>\n<div class=\"bd-example-row\">\n<div class=\"bd-example\">\n<div class=\"container\">\n  <div class=\"row justify-content-start\">\n    <div class=\"col-4\">\n      One of two columns\n    </div>\n    <div class=\"col-4\">\n      One of two columns\n    </div>\n  </div>\n  <div class=\"row justify-content-center\">\n    <div class=\"col-4\">\n      One of two columns\n    </div>\n    <div class=\"col-4\">\n      One of two columns\n    </div>\n  </div>\n  <div class=\"row justify-content-end\">\n    <div class=\"col-4\">\n      One of two columns\n    </div>\n    <div class=\"col-4\">\n      One of two columns\n    </div>\n  </div>\n  <div class=\"row justify-content-around\">\n    <div class=\"col-4\">\n      One of two columns\n    </div>\n    <div class=\"col-4\">\n      One of two columns\n    </div>\n  </div>\n  <div class=\"row justify-content-between\">\n    <div class=\"col-4\">\n      One of two columns\n    </div>\n    <div class=\"col-4\">\n      One of two columns\n    </div>\n  </div>\n</div>\n</div>\n\n<p></div></p>\n<h3 id=\"no-gutters\">No gutters</h3>\n<p>The gutters between columns in our predefined grid classes can be removed with <code>.no-gutters</code>. This removes the negative <code>margin</code>s from <code>.row</code> and the horizontal <code>padding</code> from all immediate children columns.</p>\n<p>Here’s the source code for creating these styles. Note that column overrides are scoped to only the first children columns and are targeted via <a href=\"https://developer.mozilla.org/en-US/docs/Web/CSS/Attribute_selectors\">attribute selector</a>. While this generates a more specific selector, column padding can still be further customized with <a href=\"%7B%7B%20%7B%7Bshared.baseurl%20%7D%7D/docs/%7B%7B%20shared.docs_version%20%7D%7D/utilities/spacing/\">spacing utilities</a>.</p>\n<p><strong>Need an edge-to-edge design?</strong> Drop the parent <code>.container</code> or <code>.container-fluid</code>.</p>\n<p><figure class=\"highlight\"><pre><code class=\"language-sass\" data-lang=\"sass\">\n.no-gutters {\n  margin-right: 0;\n  margin-left: 0;</p>\n<blockquote>\n<p>.col,\n[class*=”col-“] {\n    padding-right: 0;\n    padding-left: 0;\n  }\n}\n</code></pre></figure></p>\n</blockquote>\n<p>In practice, here’s how it looks. Note you can continue to use this with all other predefined grid classes (including column widths, responsive tiers, reorders, and more).</p>\n<div class=\"bd-example-row\">\n<div class=\"bd-example\">\n<div class=\"row no-gutters\">\n  <div class=\"col-12 col-sm-6 col-md-8\">.col-12 .col-sm-6 .col-md-8</div>\n  <div class=\"col-6 col-md-4\">.col-6 .col-md-4</div>\n</div>\n</div>\n\n<p></div></p>\n<h3 id=\"column-wrapping\">Column wrapping</h3>\n<p>If more than 12 columns are placed within a single row, each group of extra columns will, as one unit, wrap onto a new line.</p>\n<div class=\"bd-example-row\">\n<div class=\"bd-example\">\n<div class=\"row\">\n  <div class=\"col-9\">.col-9</div>\n  <div class=\"col-4\">.col-4<br>Since 9 + 4 = 13 &gt; 12, this 4-column-wide div gets wrapped onto a new line as one contiguous unit.</div>\n  <div class=\"col-6\">.col-6<br>Subsequent columns continue along the new line.</div>\n</div>\n</div>\n\n<p></div></p>\n<h3 id=\"column-breaks\">Column breaks</h3>\n<p>Breaking columns to a new line in flexbox requires a small hack: add an element with <code>width: 100%</code> wherever you want to wrap your columns to a new line. Normally this is accomplished with multiple <code>.row</code>s, but not every implementation method can account for this.</p>\n<div class=\"bd-example-row\">\n<div class=\"bd-example\">\n<div class=\"row\">\n  <div class=\"col-6 col-sm-3\">.col-6 .col-sm-3</div>\n  <div class=\"col-6 col-sm-3\">.col-6 .col-sm-3</div>\n\n  <!-- Force next columns to break to new line -->\n  <div class=\"w-100\"></div>\n\n  <div class=\"col-6 col-sm-3\">.col-6 .col-sm-3</div>\n  <div class=\"col-6 col-sm-3\">.col-6 .col-sm-3</div>\n</div>\n</div>\n\n<p></div></p>\n<p>You may also apply this break at specific breakpoints with our <a href=\"%7B%7B%20%7B%7Bshared.baseurl%20%7D%7D/docs/%7B%7B%20shared.docs_version%20%7D%7D/utilities/display/\">responsive display utilities</a>.</p>\n<div class=\"bd-example-row\">\n<div class=\"bd-example\">\n<div class=\"row\">\n  <div class=\"col-6 col-sm-4\">.col-6 .col-sm-4</div>\n  <div class=\"col-6 col-sm-4\">.col-6 .col-sm-4</div>\n\n  <!-- Force next columns to break to new line at md breakpoint and up -->\n  <div class=\"w-100 d-none d-md-block\"></div>\n\n  <div class=\"col-6 col-sm-4\">.col-6 .col-sm-4</div>\n  <div class=\"col-6 col-sm-4\">.col-6 .col-sm-4</div>\n</div>\n</div>\n\n<p></div></p>\n<h2 id=\"reordering\">Reordering</h2>\n<h3 id=\"order-classes\">Order classes</h3>\n<p>Use <code>.order-</code> classes for controlling the <strong>visual order</strong> of your content. These classes are responsive, so you can set the <code>order</code> by breakpoint (e.g., <code>.order-1.order-md-2</code>). Includes support for <code>1</code> through <code>12</code> across all five grid tiers.</p>\n<div class=\"bd-example-row\">\n<div class=\"bd-example\">\n<div class=\"container\">\n  <div class=\"row\">\n    <div class=\"col\">\n      First, but unordered\n    </div>\n    <div class=\"col order-12\">\n      Second, but last\n    </div>\n    <div class=\"col order-1\">\n      Third, but first\n    </div>\n  </div>\n</div>\n</div>\n\n<p></div></p>\n<p>There are also responsive <code>.order-first</code> and <code>.order-last</code> classes that change the <code>order</code> of an element by applying <code>order: -1</code> and <code>order: 13</code> (<code>order: $columns + 1</code>), respectively. These classes can also be intermixed with the numbered <code>.order-*</code> classes as needed.</p>\n<div class=\"bd-example-row\">\n<div class=\"bd-example\">\n<div class=\"container\">\n  <div class=\"row\">\n    <div class=\"col order-last\">\n      First, but last\n    </div>\n    <div class=\"col\">\n      Second, but unordered\n    </div>\n    <div class=\"col order-first\">\n      Third, but first\n    </div>\n  </div>\n</div>\n</div>\n\n<p></div></p>\n<h3 id=\"offsetting-columns\">Offsetting columns</h3>\n<p>You can offset grid columns in two ways: our responsive <code>.offset-</code> grid classes and our <a href=\"%7B%7B%20%7B%7Bshared.baseurl%20%7D%7D/docs/%7B%7B%20shared.docs_version%20%7D%7D/utilities/spacing/\">margin utilities</a>. Grid classes are sized to match columns while margins are more useful for quick layouts where the width of the offset is variable.</p>\n<h4 id=\"offset-classes\">Offset classes</h4>\n<p>Move columns to the right using <code>.offset-md-*</code> classes. These classes increase the left margin of a column by <code>*</code> columns. For example, <code>.offset-md-4</code> moves <code>.col-md-4</code> over four columns.</p>\n<div class=\"bd-example-row\">\n<div class=\"bd-example\">\n<div class=\"row\">\n  <div class=\"col-md-4\">.col-md-4</div>\n  <div class=\"col-md-4 offset-md-4\">.col-md-4 .offset-md-4</div>\n</div>\n<div class=\"row\">\n  <div class=\"col-md-3 offset-md-3\">.col-md-3 .offset-md-3</div>\n  <div class=\"col-md-3 offset-md-3\">.col-md-3 .offset-md-3</div>\n</div>\n<div class=\"row\">\n  <div class=\"col-md-6 offset-md-3\">.col-md-6 .offset-md-3</div>\n</div>\n</div>\n\n<p></div></p>\n<p>In addition to column clearing at responsive breakpoints, you may need to reset offsets. See this in action in <a href=\"%7B%7B%20%7B%7Bshared.baseurl%20%7D%7D/docs/%7B%7B%20shared.docs_version%20%7D%7D/examples/grid/\">the grid example</a>.</p>\n<div class=\"bd-example-row\">\n<div class=\"bd-example\">\n<div class=\"row\">\n  <div class=\"col-sm-5 col-md-6\">.col-sm-5 .col-md-6</div>\n  <div class=\"col-sm-5 offset-sm-2 col-md-6 offset-md-0\">.col-sm-5 .offset-sm-2 .col-md-6 .offset-md-0</div>\n</div>\n\n<div class=\"row\">\n  <div class=\"col-sm-6 col-md-5 col-lg-6\">.col-sm-6 .col-md-5 .col-lg-6</div>\n  <div class=\"col-sm-6 col-md-5 offset-md-2 col-lg-6 offset-lg-0\">.col-sm-6 .col-md-5 .offset-md-2 .col-lg-6 .offset-lg-0</div>\n</div>\n</div>\n\n<p></div></p>\n<h4 id=\"margin-utilities\">Margin utilities</h4>\n<p>With the move to flexbox in v4, you can use margin utilities like <code>.mr-auto</code> to force sibling columns away from one another.</p>\n<div class=\"bd-example-row\">\n<div class=\"bd-example\">\n<div class=\"row\">\n  <div class=\"col-md-4\">.col-md-4</div>\n  <div class=\"col-md-4 ml-auto\">.col-md-4 .ml-auto</div>\n</div>\n<div class=\"row\">\n  <div class=\"col-md-3 ml-md-auto\">.col-md-3 .ml-md-auto</div>\n  <div class=\"col-md-3 ml-md-auto\">.col-md-3 .ml-md-auto</div>\n</div>\n<div class=\"row\">\n  <div class=\"col-auto mr-auto\">.col-auto .mr-auto</div>\n  <div class=\"col-auto\">.col-auto</div>\n</div>\n</div>\n\n<p></div></p>\n<h2 id=\"nesting\">Nesting</h2>\n<p>To nest your content with the default grid, add a new <code>.row</code> and set of <code>.col-sm-*</code> columns within an existing <code>.col-sm-*</code> column. Nested rows should include a set of columns that add up to 12 or fewer (it is not required that you use all 12 available columns).</p>\n<div class=\"bd-example-row\">\n<div class=\"bd-example\">\n<div class=\"row\">\n  <div class=\"col-sm-9\">\n    Level 1: .col-sm-9\n    <div class=\"row\">\n      <div class=\"col-8 col-sm-6\">\n        Level 2: .col-8 .col-sm-6\n      </div>\n      <div class=\"col-4 col-sm-6\">\n        Level 2: .col-4 .col-sm-6\n      </div>\n    </div>\n  </div>\n</div>\n</div>\n\n<p></div></p>\n<h2 id=\"sass-mixins\">Sass mixins</h2>\n<p>When using framekit’s source Sass files, you have the option of using Sass variables and mixins to create custom, semantic, and responsive page layouts. Our predefined grid classes use these same variables and mixins to provide a whole suite of ready-to-use classes for fast responsive layouts.</p>\n<h3 id=\"variables\">Variables</h3>\n<p>Variables and maps determine the number of columns, the gutter width, and the media query point at which to begin floating columns. We use these to generate the predefined grid classes documented above, as well as for the custom mixins listed below.</p>\n<p><figure class=\"highlight\"><pre><code class=\"language-scss\" data-lang=\"scss\">\n$grid-columns:      12;\n$grid-gutter-width: 30px;</p>\n<p>$grid-breakpoints: (\n  // Extra small screen / phone\n  xs: 0,\n  // Small screen / phone\n  sm: 576px,\n  // Medium screen / tablet\n  md: 768px,\n  // Large screen / desktop\n  lg: 992px,\n  // Extra large screen / wide desktop\n  xl: 1200px\n);</p>\n<p>$container-max-widths: (\n  sm: 540px,\n  md: 720px,\n  lg: 960px,\n  xl: 1140px\n);\n</code></pre></figure></p>\n<h3 id=\"mixins\">Mixins</h3>\n<p>Mixins are used in conjunction with the grid variables to generate semantic CSS for individual grid columns.</p>\n<p><figure class=\"highlight\"><pre><code class=\"language-scss\" data-lang=\"scss\">\n// Creates a wrapper for a series of columns\n@include make-row();</p>\n<p>// Make the element grid-ready (applying everything but the width)\n@include make-col-ready();\n@include make-col($size, $columns: $grid-columns);</p>\n<p>// Get fancy by offsetting, or changing the sort order\n@include make-col-offset($size, $columns: $grid-columns);\n</code></pre></figure></p>\n<h3 id=\"example-usage\">Example usage</h3>\n<p>You can modify the variables to your own custom values, or just use the mixins with their default values. Here’s an example of using the default settings to create a two-column layout with a gap between.</p>\n<p><figure class=\"highlight\"><pre><code class=\"language-scss\" data-lang=\"scss\">\n.example-container {\n  width: 800px;\n  @include make-container();\n}</p>\n<p>.example-row {\n  @include make-row();\n}</p>\n<p>.example-content-main {\n  @include make-col-ready();</p>\n<p>  @include media-breakpoint-up(sm) {\n    @include make-col(6);\n  }\n  @include media-breakpoint-up(lg) {\n    @include make-col(8);\n  }\n}</p>\n<p>.example-content-secondary {\n  @include make-col-ready();</p>\n<p>  @include media-breakpoint-up(sm) {\n    @include make-col(6);\n  }\n  @include media-breakpoint-up(lg) {\n    @include make-col(4);\n  }\n}\n</code></pre></figure></p>\n<div class=\"bd-example\">\n<div class=\"example-container\">\n  <div class=\"example-row\">\n    <div class=\"example-content-main\">Main content</div>\n    <div class=\"example-content-secondary\">Secondary content</div>\n  </div>\n</div>\n</div>\n\n\n<h2 id=\"customizing-the-grid\">Customizing the grid</h2>\n<p>Using our built-in grid Sass variables and maps, it’s possible to completely customize the predefined grid classes. Change the number of tiers, the media query dimensions, and the container widths—then recompile.</p>\n<h3 id=\"columns-and-gutters\">Columns and gutters</h3>\n<p>The number of grid columns can be modified via Sass variables. <code>$grid-columns</code> is used to generate the widths (in percent) of each individual column while <code>$grid-gutter-width</code> allows breakpoint-specific widths that are divided evenly across <code>padding-left</code> and <code>padding-right</code> for the column gutters.</p>\n<p><figure class=\"highlight\"><pre><code class=\"language-scss\" data-lang=\"scss\">\n$grid-columns: 12 !default;\n$grid-gutter-width: 30px !default;\n</code></pre></figure></p>\n<h3 id=\"grid-tiers\">Grid tiers</h3>\n<p>Moving beyond the columns themselves, you may also customize the number of grid tiers. If you wanted just four grid tiers, you’d update the <code>$grid-breakpoints</code> and <code>$container-max-widths</code> to something like this:</p>\n<p><figure class=\"highlight\"><pre><code class=\"language-scss\" data-lang=\"scss\">\n$grid-breakpoints: (\n  xs: 0,\n  sm: 480px,\n  md: 768px,\n  lg: 1024px\n);</p>\n<p>$container-max-widths: (\n  sm: 420px,\n  md: 720px,\n  lg: 960px\n);\n</code></pre></figure></p>\n<p>When making any changes to the Sass variables or maps, you’ll need to save your changes and recompile. Doing so will output a brand new set of predefined grid classes for column widths, offsets, and ordering. Responsive visibility utilities will also be updated to use the custom breakpoints. Make sure to set grid values in <code>px</code> (not <code>rem</code>, <code>em</code>, or <code>%</code>).</p>\n","updatedAt":"2018-06-06T20:04:50.000Z"}