{"layout":"docs","title":"Icons","description":"Guidance and suggestions for using external icon libraries with framekit.","group":"extend","body":"<p>framekit doesn’t include an icon library by default, but we have a handful of recommendations for you to choose from. While most icon sets include multiple file formats, we prefer SVG implementations for their improved accessibility and vector support.</p>\n<h2 id=\"preferred\">Preferred</h2>\n<p>We’ve tested and used these icon sets ourselves.</p>\n<ul>\n<li><a href=\"https://fontawesome.com/\">Font Awesome</a></li>\n<li><a href=\"https://useiconic.com/open/\">Iconic</a></li>\n<li><a href=\"https://octicons.github.com/\">Octicons</a></li>\n</ul>\n<h2 id=\"more-options\">More options</h2>\n<p>While we haven’t tried these out, they do look promising and provide multiple formats—including SVG.</p>\n<ul>\n<li><a href=\"https://github.com/danklammer/bytesize-icons\">Bytesize</a></li>\n<li><a href=\"https://material.io/icons/\">Google Material icons</a></li>\n<li><a href=\"http://ionicons.com/\">Ionicons</a></li>\n<li><a href=\"https://feathericons.com/\">Feather</a></li>\n<li><a href=\"http://demo.amitjakhu.com/dripicons/\">Dripicons</a></li>\n<li><a href=\"http://ikons.piotrkwiatkowski.co.uk/\">Ikons</a></li>\n<li><a href=\"https://glyph.smarticons.co/\">Glyph</a></li>\n<li><a href=\"https://icons8.com/\">Icons8</a></li>\n</ul>\n","updatedAt":"2018-06-06T20:04:50.000Z"}