{"layout":"docs","title":"Image replacement","description":"Swap text for background images with the image replacement class.","group":"utilities","toc":true,"body":"<div class=\"bd-callout bd-callout-warning\">\n##### Warning\nThe `text-hide()` class and mixin has been deprecated as of v1.0. It will be removed entirely in v5.\n</div>\n{% include callout.html content=callout type=\"warning\" %}\n\nUtilize the `.text-hide` class or mixin to help replace an element's text content with a background image.\n\n<figure class=\"highlight\"><pre><code class=\"language-html\" data-lang=\"html\">\n<h1 class=\"text-hide\">Custom heading</h1>\n</code></pre></figure>\n\n<figure class=\"highlight\"><pre><code class=\"language-scss\" data-lang=\"scss\">\n// Usage as a mixin\n.heading {\n  @include text-hide;\n}\n</code></pre></figure>\n\nUse the `.text-hide` class to maintain the accessibility and SEO benefits of heading tags, but want to utilize a `background-image` instead of text.\n\n<div class=\"bd-example\">\n<h1 class=\"text-hide\" style=\"background-image: url('/assets/brand/framekit-solid.svg'); width: 50px; height: 50px;\">framekit</h1>\n</div>\n\n","updatedAt":"2018-06-06T20:04:50.000Z"}