{"layout":"docs","title":"Images","description":"Documentation and examples for opting images into responsive behavior (so they never become larger than their parent elements) and add lightweight styles to them—all via classes.","group":"content","toc":true,"body":"<h2 id=\"responsive-images\">Responsive images</h2>\n<p>Images in framekit are made responsive with <code>.img-fluid</code>. <code>max-width: 100%;</code> and <code>height: auto;</code> are applied to the image so that it scales with the parent element.</p>\n<div class=\"bd-example\">\n  <img data-src=\"holder.js/100px250\" class=\"img-fluid\" alt=\"Generic responsive image\">\n</div>\n\n<p><figure class=\"highlight\"><pre><code class=\"language-html\" data-lang=\"html\">\n<img src=\"...\" class=\"img-fluid\" alt=\"Responsive image\">\n</code></pre></figure></p>\n<div class=\"bd-callout bd-callout-warning\">\n##### SVG images and IE 10\n\nIn Internet Explorer 10, SVG images with `.img-fluid` are disproportionately sized. To fix this, add `width: 100% \\9;` where necessary. This fix improperly sizes other image formats, so framekit doesn't apply it automatically.\n</div>\n{% include callout.html content=callout type=\"warning\" %}\n\n## Image thumbnails\n\nIn addition to our [border-radius utilities]({{ {{shared.baseurl }}/docs/{{ shared.docs_version }}/utilities/borders/), you can use `.img-thumbnail` to give an image a rounded 1px border appearance.\n\n<div class=\"bd-example bd-example-images\">\n  <img data-src=\"holder.js/200x200\" class=\"img-thumbnail\" alt=\"A generic square placeholder image with a white border around it, making it resemble a photograph taken with an old instant camera\">\n</div>\n\n<p><figure class=\"highlight\"><pre><code class=\"language-html\" data-lang=\"html\">\n<img src=\"...\" alt=\"...\" class=\"img-thumbnail\">\n</code></pre></figure></p>\n<h2 id=\"aligning-images\">Aligning images</h2>\n<p>Align images with the <a href=\"%7B%7B%20%7B%7Bshared.baseurl%20%7D%7D/docs/%7B%7B%20shared.docs_version%20%7D%7D/utilities/float\">helper float classes</a> or <a href=\"%7B%7B%20%7B%7Bshared.baseurl%20%7D%7D/docs/%7B%7B%20shared.docs_version%20%7D%7D/utilities/text/#text-alignment\">text alignment classes</a>. <code>block</code>-level images can be centered using <a href=\"%7B%7B%20%7B%7Bshared.baseurl%20%7D%7D/docs/%7B%7B%20shared.docs_version%20%7D%7D/utilities/spacing/#horizontal-centering\">the <code>.mx-auto</code> margin utility class</a>.</p>\n<div class=\"bd-example bd-example-images\">\n  <img data-src=\"holder.js/200x200\" class=\"rounded float-left\" alt=\"A generic square placeholder image with rounded corners\">\n  <img data-src=\"holder.js/200x200\" class=\"rounded float-right\" alt=\"A generic square placeholder image with rounded corners\">\n</div>\n\n<p><figure class=\"highlight\"><pre><code class=\"language-html\" data-lang=\"html\">\n<img src=\"...\" class=\"rounded float-left\" alt=\"...\">\n<img src=\"...\" class=\"rounded float-right\" alt=\"...\">\n</code></pre></figure></p>\n<div class=\"bd-example bd-example-images\">\n  <img data-src=\"holder.js/200x200\" class=\"rounded mx-auto d-block\" alt=\"A generic square placeholder image with rounded corners\">\n</div>\n\n<p><figure class=\"highlight\"><pre><code class=\"language-html\" data-lang=\"html\">\n<img src=\"...\" class=\"rounded mx-auto d-block\" alt=\"...\">\n</code></pre></figure></p>\n<div class=\"bd-example bd-example-images\">\n  <div class=\"text-center\">\n    <img data-src=\"holder.js/200x200\" class=\"rounded\" alt=\"A generic square placeholder image with rounded corners\">\n  </div>\n</div>\n\n<p><figure class=\"highlight\"><pre><code class=\"language-html\" data-lang=\"html\"></p>\n<p><div class=\"text-center\">\n  <img src=\"...\" class=\"rounded\" alt=\"...\"></p>\n<p></div>\n</code></pre></figure></p>\n<h2 id=\"picture\">Picture</h2>\n<p>If you are using the <code>&lt;picture&gt;</code> element to specify multiple <code>&lt;source&gt;</code> elements for a specific <code>&lt;img&gt;</code>, make sure to add the <code>.img-*</code> classes to the <code>&lt;img&gt;</code> and not to the <code>&lt;picture&gt;</code> tag.</p>\n<p><figure class=\"highlight\"><pre><code class=\"language-html\" data-lang=\"html\">\n​<picture>\n  <source srcset=\"...\" type=\"image/svg+xml\">\n  <img src=\"...\" class=\"img-fluid img-thumbnail\" alt=\"...\">\n</picture>\n</code></pre></figure></p>\n","updatedAt":"2018-06-06T20:04:50.000Z"}