{"layout":"docs","title":"License FAQs","description":"Commonly asked questions about framekit's open source license.","group":"about","body":"<p>framekit is released under the MIT license and is copyright {{ shared.time | date: “%Y” }} Twitter. Boiled down to smaller chunks, it can be described with the following conditions.</p>\n<h4 id=\"it-requires-you-to-\">It requires you to:</h4>\n<ul>\n<li>Keep the license and copyright notice included in framekit’s CSS and JavaScript files when you use them in your works</li>\n</ul>\n<h4 id=\"it-permits-you-to-\">It permits you to:</h4>\n<ul>\n<li>Freely download and use framekit, in whole or in part, for personal, private, company internal, or commercial purposes</li>\n<li>Use framekit in packages or distributions that you create</li>\n<li>Modify the source code</li>\n<li>Grant a sublicense to modify and distribute framekit to third parties not included in the license</li>\n</ul>\n<h4 id=\"it-forbids-you-to-\">It forbids you to:</h4>\n<ul>\n<li>Hold the authors and license owners liable for damages as framekit is provided without warranty</li>\n<li>Hold the creators or copyright holders of framekit liable</li>\n<li>Redistribute any piece of framekit without proper attribution</li>\n<li>Use any marks owned by Twitter in any way that might state or imply that Twitter endorses your distribution</li>\n<li>Use any marks owned by Twitter in any way that might state or imply that you created the Twitter software in question</li>\n</ul>\n<h4 id=\"it-does-not-require-you-to-\">It does not require you to:</h4>\n<ul>\n<li>Include the source of framekit itself, or of any modifications you may have made to it, in any redistribution you may assemble that includes it</li>\n<li>Submit changes that you make to framekit back to the framekit project (though such feedback is encouraged)</li>\n</ul>\n<p>The full framekit license is located <a href=\"%7B%7B%20shared.repo%20%7D%7D/blob/v%7B%7B%20shared.current_version%20%7D%7D/LICENSE\">in the project repository</a> for more information.</p>\n","updatedAt":"2018-06-06T20:04:50.000Z"}