{
  "layout": "docs",
  "title": "Overview",
  "description": "Components and options for laying out your framekit project, including wrapping containers, a powerful grid system, a flexible media object, and responsive utility classes.",
  "group": "layout",
  "redirect_from": "/layout/",
  "toc": true,
  "body": "<h2 id=\"containers\">Containers</h2>\n<p>Containers are the most basic layout element in framekit and are <strong>required when using our default grid system</strong>. Choose from a responsive, fixed-width container (meaning its <code>max-width</code> changes at each breakpoint) or fluid-width (meaning it’s <code>100%</code> wide all the time).</p>\n<p>While containers <em>can</em> be nested, most layouts do not require a nested container.</p>\n<div class=\"bd-example\">\n  <div class=\"bd-example-container\">\n    <div class=\"bd-example-container-header\"></div>\n    <div class=\"bd-example-container-sidebar\"></div>\n    <div class=\"bd-example-container-body\"></div>\n  </div>\n</div>\n\n<p><figure class=\"highlight\"><pre><code class=\"language-html\" data-lang=\"html\"></p>\n<div class=\"container\">\n  <!-- Content here -->\n</div>\n</code></pre></figure>\n\nUse `.container-fluid` for a full width container, spanning the entire width of the viewport.\n\n<div class=\"bd-example\">\n  <div class=\"bd-example-container bd-example-container-fluid\">\n    <div class=\"bd-example-container-header\"></div>\n    <div class=\"bd-example-container-sidebar\"></div>\n    <div class=\"bd-example-container-body\"></div>\n  </div>\n</div>\n\n<p><figure class=\"highlight\"><pre><code class=\"language-html\" data-lang=\"html\"></p>\n<p><div class=\"container-fluid\">\n  …</p>\n<p></div>\n</code></pre></figure></p>\n<h2 id=\"responsive-breakpoints\">Responsive breakpoints</h2>\n<p>Since framekit is developed to be mobile first, we use a handful of <a href=\"https://developer.mozilla.org/en-US/docs/Web/CSS/Media_Queries/Using_media_queries\">media queries</a> to create sensible breakpoints for our layouts and interfaces. These breakpoints are mostly based on minimum viewport widths and allow us to scale up elements as the viewport changes.</p>\n<p>framekit primarily uses the following media query ranges—or breakpoints—in our source Sass files for our layout, grid system, and components.</p>\n<p><figure class=\"highlight\"><pre><code class=\"language-scss\" data-lang=\"scss\">\n// Extra small devices (portrait phones, less than 576px)\n// No media query for <code>xs</code> since this is the default in framekit</p>\n<p>// Small devices (landscape phones, 576px and up)\n@media (min-width: 576px) { … }</p>\n<p>// Medium devices (tablets, 768px and up)\n@media (min-width: 768px) { … }</p>\n<p>// Large devices (desktops, 992px and up)\n@media (min-width: 992px) { … }</p>\n<p>// Extra large devices (large desktops, 1200px and up)\n@media (min-width: 1200px) { … }\n</code></pre></figure></p>\n<p>Since we write our source CSS in Sass, all our media queries are available via Sass mixins:</p>\n<p><figure class=\"highlight\"><pre><code class=\"language-scss\" data-lang=\"scss\">\n// No media query necessary for xs breakpoint as it’s effectively <code>@media (min-width: 0) { ... }</code>\n@include media-breakpoint-up(sm) { … }\n@include media-breakpoint-up(md) { … }\n@include media-breakpoint-up(lg) { … }\n@include media-breakpoint-up(xl) { … }</p>\n<p>// Example: Hide starting at <code>min-width: 0</code>, and then show at the <code>sm</code> breakpoint\n.custom-class {\n  display: none;\n}\n@include media-breakpoint-up(sm) {\n  .custom-class {\n    display: block;\n  }\n}\n</code></pre></figure></p>\n<p>We occasionally use media queries that go in the other direction (the given screen size <em>or smaller</em>):</p>\n<p><figure class=\"highlight\"><pre><code class=\"language-scss\" data-lang=\"scss\">\n// Extra small devices (portrait phones, less than 576px)\n@media (max-width: 575.98px) { … }</p>\n<p>// Small devices (landscape phones, less than 768px)\n@media (max-width: 767.98px) { … }</p>\n<p>// Medium devices (tablets, less than 992px)\n@media (max-width: 991.98px) { … }</p>\n<p>// Large devices (desktops, less than 1200px)\n@media (max-width: 1199.98px) { … }</p>\n<p>// Extra large devices (large desktops)\n// No media query since the extra-large breakpoint has no upper bound on its width\n</code></pre></figure></p>\n<p>{% include calloutInfoMediaqueriesBreakpoints.html %}</p>\n<p>Once again, these media queries are also available via Sass mixins:</p>\n<p><figure class=\"highlight\"><pre><code class=\"language-scss\" data-lang=\"scss\">\n@include media-breakpoint-down(xs) { … }\n@include media-breakpoint-down(sm) { … }\n@include media-breakpoint-down(md) { … }\n@include media-breakpoint-down(lg) { … }\n// No media query necessary for xl breakpoint as it has no upper bound on its width</p>\n<p>// Example: Style from medium breakpoint and down\n@include media-breakpoint-down(md) {\n  .custom-class {\n    display: block;\n  }\n}\n</code></pre></figure></p>\n<p>There are also media queries and mixins for targeting a single segment of screen sizes using the minimum and maximum breakpoint widths.</p>\n<p><figure class=\"highlight\"><pre><code class=\"language-scss\" data-lang=\"scss\">\n// Extra small devices (portrait phones, less than 576px)\n@media (max-width: 575.98px) { … }</p>\n<p>// Small devices (landscape phones, 576px and up)\n@media (min-width: 576px) and (max-width: 767.98px) { … }</p>\n<p>// Medium devices (tablets, 768px and up)\n@media (min-width: 768px) and (max-width: 991.98px) { … }</p>\n<p>// Large devices (desktops, 992px and up)\n@media (min-width: 992px) and (max-width: 1199.98px) { … }</p>\n<p>// Extra large devices (large desktops, 1200px and up)\n@media (min-width: 1200px) { … }\n</code></pre></figure></p>\n<p>These media queries are also available via Sass mixins:</p>\n<p><figure class=\"highlight\"><pre><code class=\"language-scss\" data-lang=\"scss\">\n@include media-breakpoint-only(xs) { … }\n@include media-breakpoint-only(sm) { … }\n@include media-breakpoint-only(md) { … }\n@include media-breakpoint-only(lg) { … }\n@include media-breakpoint-only(xl) { … }\n</code></pre></figure></p>\n<p>Similarly, media queries may span multiple breakpoint widths:</p>\n<p><figure class=\"highlight\"><pre><code class=\"language-scss\" data-lang=\"scss\">\n// Example\n// Apply styles starting from medium devices and up to extra large devices\n@media (min-width: 768px) and (max-width: 1199.98px) { … }\n</code></pre></figure></p>\n<p>The Sass mixin for targeting the same screen size range would be:</p>\n<p><figure class=\"highlight\"><pre><code class=\"language-scss\" data-lang=\"scss\">\n@include media-breakpoint-between(md, xl) { … }\n</code></pre></figure></p>\n<h2 id=\"z-index\">Z-index</h2>\n<p>Several framekit components utilize <code>z-index</code>, the CSS property that helps control layout by providing a third axis to arrange content. We utilize a default z-index scale in framekit that’s been designed to properly layer navigation, tooltips and popovers, modals, and more.</p>\n<p>These higher values start at an arbitrary number, high and specific enough to ideally avoid conflicts. We need a standard set of these across our layered components—tooltips, popovers, navbars, dropdowns, modals—so we can be reasonably consistent in the behaviors. There’s no reason we couldn’t have used <code>100</code>+ or <code>500</code>+.</p>\n<p>We don’t encourage customization of these individual values; should you change one, you likely need to change them all.</p>\n<p><figure class=\"highlight\"><pre><code class=\"language-scss\" data-lang=\"scss\">\n$zindex-dropdown:          1000 !default;\n$zindex-sticky:            1020 !default;\n$zindex-fixed:             1030 !default;\n$zindex-modal-backdrop:    1040 !default;\n$zindex-modal:             1050 !default;\n$zindex-popover:           1060 !default;\n$zindex-tooltip:           1070 !default;\n</code></pre></figure></p>\n<p>To handle overlapping borders within components (e.g., buttons and inputs in input groups), we use low single digit <code>z-index</code> values of <code>1</code>, <code>2</code>, and <code>3</code> for default, hover, and active states. On hover/focus/active, we bring a particular element to the forefront with a higher <code>z-index</code> value to show their border over the sibling elements.</p>\n",
  "updatedAt": "2018-06-07T16:11:59.000Z"
}
