{"layout":"docs","title":"Popovers","description":"Documentation and examples for adding framekit popovers, like those found in iOS, to any element on your shared.","group":"components","toc":true,"body":"<h2 id=\"overview\">Overview</h2>\n<p>Things to know when using the popover plugin:</p>\n<ul>\n<li>Popovers rely on the 3rd party library <a href=\"https://popper.js.org/\">Popper.js</a> for positioning. You must include <a href=\"%7B%7B%20shared.cdn.popper%20%7D%7D\">popper.min.js</a> before framekit.js or use <code>framekit.bundle.min.js</code> / <code>framekit.bundle.js</code> which contains Popper.js in order for popovers to work!</li>\n<li>Popovers require the <a href=\"%7B%7B%20shared.baseurl%20%7D%7D/docs/%7B%7B%20shared.docs_version%20%7D%7D/components/tooltips/\">tooltip plugin</a> as a dependency.</li>\n<li>If you’re building our JavaScript from source, it <a href=\"%7B%7B%20shared.baseurl%20%7D%7D/docs/%7B%7B%20shared.docs_version%20%7D%7D/getting-started/javascript/#util\">requires <code>util.js</code></a>.</li>\n<li>Popovers are opt-in for performance reasons, so <strong>you must initialize them yourself</strong>.</li>\n<li>Zero-length <code>title</code> and <code>content</code> values will never show a popover.</li>\n<li>Specify <code>container: &#39;body&#39;</code> to avoid rendering problems in more complex components (like our input groups, button groups, etc).</li>\n<li>Triggering popovers on hidden elements will not work.</li>\n<li>Popovers for <code>.disabled</code> or <code>disabled</code> elements must be triggered on a wrapper element.</li>\n<li>When triggered from anchors that wrap across multiple lines, popovers will be centered between the anchors’ overall width. Use <code>white-space: nowrap;</code> on your <code>&lt;a&gt;</code>s to avoid this behavior.</li>\n<li>Popovers must be hidden before their corresponding elements have been removed from the DOM.</li>\n</ul>\n<p>Keep reading to see how popovers work with some examples.</p>\n<h2 id=\"example-enable-popovers-everywhere\">Example: Enable popovers everywhere</h2>\n<p>One way to initialize all popovers on a page would be to select them by their <code>data-toggle</code> attribute:</p>\n<p><code>js\n$(function () {\n  $(&#39;[data-toggle=&quot;popover&quot;]&#39;).popover()\n})</code></p>\n<h2 id=\"example-using-the-container-option\">Example: Using the <code>container</code> option</h2>\n<p>When you have some styles on a parent element that interfere with a popover, you’ll want to specify a custom <code>container</code> so that the popover’s HTML appears within that element instead.</p>\n<p><code>js\n$(function () {\n  $(&#39;.example-popover&#39;).popover({\n    container: &#39;body&#39;\n  })\n})</code></p>\n<h2 id=\"example\">Example</h2>\n<p>{{#capture ‘example’}}\n<button type=\"button\" class=\"btn btn-lg btn-danger\" data-toggle=\"popover\" title=\"Popover title\" data-content=\"And here's some amazing content. It's very engaging. Right?\">Click to toggle popover</button></p>\n<p></div>\n{{include ‘example’ content=example}}</p>\n<h3 id=\"four-directions\">Four directions</h3>\n<p>Four options are available: top, right, bottom, and left aligned.</p>\n<div class=\"bd-example popover-demo\">\n  <div class=\"bd-example-popovers\">\n    <button type=\"button\" class=\"btn btn-secondary\" data-container=\"body\" data-toggle=\"popover\" data-placement=\"top\" data-content=\"Vivamus sagittis lacus vel augue laoreet rutrum faucibus.\">\n      Popover on top\n    </button>\n    <button type=\"button\" class=\"btn btn-secondary\" data-container=\"body\" data-toggle=\"popover\" data-placement=\"right\" data-content=\"Vivamus sagittis lacus vel augue laoreet rutrum faucibus.\">\n      Popover on right\n    </button>\n    <button type=\"button\" class=\"btn btn-secondary\" data-container=\"body\" data-toggle=\"popover\" data-placement=\"bottom\" data-content=\"Vivamus sagittis lacus vel augue laoreet rutrum faucibus.\">\n      Popover on bottom\n    </button>\n    <button type=\"button\" class=\"btn btn-secondary\" data-container=\"body\" data-toggle=\"popover\" data-placement=\"left\" data-content=\"Vivamus sagittis lacus vel augue laoreet rutrum faucibus.\">\n      Popover on left\n    </button>\n  </div>\n</div>\n\n<p><code>`</code>html\n<button type=\"button\" class=\"btn btn-secondary\" data-container=\"body\" data-toggle=\"popover\" data-placement=\"top\" data-content=\"Vivamus sagittis lacus vel augue laoreet rutrum faucibus.\">\n  Popover on top\n</button></p>\n<button type=\"button\" class=\"btn btn-secondary\" data-container=\"body\" data-toggle=\"popover\" data-placement=\"right\" data-content=\"Vivamus sagittis lacus vel augue laoreet rutrum faucibus.\">\n  Popover on right\n</button>\n\n<button type=\"button\" class=\"btn btn-secondary\" data-container=\"body\" data-toggle=\"popover\" data-placement=\"bottom\" data-content=\"Vivamus\nsagittis lacus vel augue laoreet rutrum faucibus.\">\n  Popover on bottom\n</button>\n\n<p><button type=\"button\" class=\"btn btn-secondary\" data-container=\"body\" data-toggle=\"popover\" data-placement=\"left\" data-content=\"Vivamus sagittis lacus vel augue laoreet rutrum faucibus.\">\n  Popover on left\n</button>\n<code>`</code></p>\n<h3 id=\"dismiss-on-next-click\">Dismiss on next click</h3>\n<p>Use the <code>focus</code> trigger to dismiss popovers on the user’s next click of a different element than the toggle element.</p>\n<div class=\"bd-callout bd-callout-warning\">\n#### Specific markup required for dismiss-on-next-click\n\nFor proper cross-browser and cross-platform behavior, you must use the `<a>` tag, _not_ the `<button>` tag, and you also must include a [`tabindex`](https://developer.mozilla.org/en-US/docs/Web/HTML/Global_attributes/tabindex) attribute.\n</div>\n{{include \"callout\" content=callout type=\"danger\"}}\n\n{{#capture 'example'}}\n<a tabindex=\"0\" class=\"btn btn-lg btn-danger\" role=\"button\" data-toggle=\"popover\" data-trigger=\"focus\" title=\"Dismissible popover\" data-content=\"And here's some amazing content. It's very engaging. Right?\">Dismissible popover</a>\n</div>\n{{include 'example' content=example}}\n\n```js\n$('.popover-dismiss').popover({\n  trigger: 'focus'\n})\n```\n\n### Disabled elements\n\nElements with the `disabled` attribute aren't interactive, meaning users cannot hover or click them to trigger a popover (or tooltip). As a workaround, you'll want to trigger the popover from a wrapper `<div>` or `<span>` and override the `pointer-events` on the disabled element.\n\nFor disabled popover triggers, you may also prefer `data-trigger=\"hover\"` so that the popover appears as immediate visual feedback to your users as they may not expect to _click_ on a disabled element.\n\n{{#capture 'example'}}\n<span class=\"d-inline-block\" data-toggle=\"popover\" data-content=\"Disabled popover\">\n  <button class=\"btn btn-primary\" style=\"pointer-events: none;\" type=\"button\" disabled>Disabled button</button>\n</span>\n</div>\n{{include 'example' content=example}}\n\n## Usage\n\nEnable popovers via JavaScript:\n\n```js$('#example').popover(options)```\n\n### Options\n\nOptions can be passed via data attributes or JavaScript. For data attributes, append the option name to `data-`, as in `data-animation=\"\"`.\n\n<table class=\"table table-bordered table-striped\">\n  <thead>\n    <tr>\n      <th style=\"width: 100px;\">Name</th>\n      <th style=\"width: 100px;\">Type</th>\n      <th style=\"width: 50px;\">Default</th>\n      <th>Description</th>\n    </tr>\n  </thead>\n  <tbody>\n    <tr>\n      <td>animation</td>\n      <td>boolean</td>\n      <td>true</td>\n      <td>Apply a CSS fade transition to the popover</td>\n    </tr>\n    <tr>\n      <td>container</td>\n      <td>string | element | false</td>\n      <td>false</td>\n      <td>\n        <p>Appends the popover to a specific element. Example: <code>container: 'body'</code>. This option is particularly useful in that it allows you to position the popover in the flow of the document near the triggering element - which will prevent the popover from floating away from the triggering element during a window resize.</p>\n      </td>\n    </tr>\n    <tr>\n      <td>content</td>\n      <td>string | element | function</td>\n      <td>''</td>\n      <td>\n        <p>Default content value if <code>data-content</code> attribute isn't present.</p>\n        <p>If a function is given, it will be called with its <code>this</code> reference set to the element that the popover is attached to.</p>\n      </td>\n    </tr>\n    <tr>\n      <td>delay</td>\n      <td>number | object</td>\n      <td>0</td>\n      <td>\n        <p>Delay showing and hiding the popover (ms) - does not apply to manual trigger type</p>\n        <p>If a number is supplied, delay is applied to both hide/show</p>\n        <p>Object structure is: <code>delay: { \"show\": 500, \"hide\": 100 }</code></p>\n      </td>\n    </tr>\n    <tr>\n      <td>html</td>\n      <td>boolean</td>\n      <td>false</td>\n      <td>Insert HTML into the popover. If false, jQuery's <code>text</code> method will be used to insert content into the DOM. Use text if you're worried about XSS attacks.</td>\n    </tr>\n    <tr>\n      <td>placement</td>\n      <td>string | function</td>\n      <td>'right'</td>\n      <td>\n        <p>How to position the popover - auto | top | bottom | left | right.<br>When <code>auto</code> is specified, it will dynamically reorient the popover.</p>\n        <p>When a function is used to determine the placement, it is called with the popover DOM node as its first argument and the triggering element DOM node as its second. The <code>this</code> context is set to the popover instance.</p>\n      </td>\n    </tr>\n    <tr>\n      <td>selector</td>\n      <td>string | false</td>\n      <td>false</td>\n      <td>If a selector is provided, popover objects will be delegated to the specified targets. In practice, this is used to enable dynamic HTML content to have popovers added. See <a href=\"https://github.com/twbs/framekit/issues/4215\">this</a> and <a href=\"https://jsbin.com/zopod/1/edit\">an informative example</a>.</td>\n    </tr>\n    <tr>\n      <td>template</td>\n      <td>string</td>\n      <td><code>'&lt;div class=\"popover\" role=\"tooltip\"&gt;&lt;div class=\"arrow\"&gt;&lt;/div&gt;&lt;h3 class=\"popover-header\"&gt;&lt;/h3&gt;&lt;div class=\"popover-body\"&gt;&lt;/div&gt;&lt;/div&gt;'</code></td>\n      <td>\n        <p>Base HTML to use when creating the popover.</p>\n        <p>The popover's <code>title</code> will be injected into the <code>.popover-header</code>.</p>\n        <p>The popover's <code>content</code> will be injected into the <code>.popover-body</code>.</p>\n        <p><code>.arrow</code> will become the popover's arrow.</p>\n        <p>The outermost wrapper element should have the <code>.popover</code> class.</p>\n      </td>\n    </tr>\n    <tr>\n      <td>title</td>\n      <td>string | element | function</td>\n      <td>''</td>\n      <td>\n        <p>Default title value if <code>title</code> attribute isn't present.</p>\n        <p>If a function is given, it will be called with its <code>this</code> reference set to the element that the popover is attached to.</p>\n      </td>\n    </tr>\n    <tr>\n      <td>trigger</td>\n      <td>string</td>\n      <td>'click'</td>\n      <td>How popover is triggered - click | hover | focus | manual. You may pass multiple triggers; separate them with a space. `manual` cannot be combined with any other trigger.</td>\n    </tr>\n    <tr>\n      <td>offset</td>\n      <td>number | string</td>\n      <td>0</td>\n      <td>Offset of the popover relative to its target. For more information refer to Popper.js's <a href=\"https://popper.js.org/popper-documentation.html#modifiers..offset.offset\">offset docs</a>.</td>\n    </tr>\n    <tr>\n      <td>fallbackPlacement</td>\n      <td>string | array</td>\n      <td>'flip'</td>\n      <td>Allow to specify which position Popper will use on fallback. For more information refer to\n      Popper.js's <a href=\"https://popper.js.org/popper-documentation.html#modifiers..flip.behavior\">behavior docs</a></td>\n    </tr>\n    <tr>\n      <td>boundary</td>\n      <td>string | element</td>\n      <td>'scrollParent'</td>\n      <td>Overflow constraint boundary of the popover. Accepts the values of <code>'viewport'</code>, <code>'window'</code>, <code>'scrollParent'</code>, or an HTMLElement reference (JavaScript only). For more information refer to Popper.js's <a href=\"https://popper.js.org/popper-documentation.html#modifiers..preventOverflow.boundariesElement\">preventOverflow docs</a>.</td>\n    </tr>\n  </tbody>\n</table>\n\n<div class=\"bd-callout bd-callout-warning\">\n#### Data attributes for individual popovers\n\nOptions for individual popovers can alternatively be specified through the use of data attributes, as explained above.\n</div>\n\n\n<h3 id=\"methods\">Methods</h3>\n<p>{{include ‘callout-danger-async-methods.md’}}</p>\n<h4 id=\"-popover-options-\"><code>$().popover(options)</code></h4>\n<p>Initializes popovers for an element collection.</p>\n<h4 id=\"-popover-show-\"><code>.popover(&#39;show&#39;)</code></h4>\n<p>Reveals an element’s popover. <strong>Returns to the caller before the popover has actually been shown</strong> (i.e. before the <code>shown.bs.popover</code> event occurs). This is considered a “manual” triggering of the popover. Popovers whose both title and content are zero-length are never displayed.</p>\n<p><code>js$(&#39;#element&#39;).popover(&#39;show&#39;)</code></p>\n<h4 id=\"-popover-hide-\"><code>.popover(&#39;hide&#39;)</code></h4>\n<p>Hides an element’s popover. <strong>Returns to the caller before the popover has actually been hidden</strong> (i.e. before the <code>hidden.bs.popover</code> event occurs). This is considered a “manual” triggering of the popover.</p>\n<p><code>js$(&#39;#element&#39;).popover(&#39;hide&#39;)</code></p>\n<h4 id=\"-popover-toggle-\"><code>.popover(&#39;toggle&#39;)</code></h4>\n<p>Toggles an element’s popover. <strong>Returns to the caller before the popover has actually been shown or hidden</strong> (i.e. before the <code>shown.bs.popover</code> or <code>hidden.bs.popover</code> event occurs). This is considered a “manual” triggering of the popover.</p>\n<p><code>js$(&#39;#element&#39;).popover(&#39;toggle&#39;)</code></p>\n<h4 id=\"-popover-dispose-\"><code>.popover(&#39;dispose&#39;)</code></h4>\n<p>Hides and destroys an element’s popover. Popovers that use delegation (which are created using <a href=\"#options\">the <code>selector</code> option</a>) cannot be individually destroyed on descendant trigger elements.</p>\n<p><code>js$(&#39;#element&#39;).popover(&#39;dispose&#39;)</code></p>\n<h4 id=\"-popover-enable-\"><code>.popover(&#39;enable&#39;)</code></h4>\n<p>Gives an element’s popover the ability to be shown. <strong>Popovers are enabled by default.</strong></p>\n<p><code>js$(&#39;#element&#39;).popover(&#39;enable&#39;)</code></p>\n<h4 id=\"-popover-disable-\"><code>.popover(&#39;disable&#39;)</code></h4>\n<p>Removes the ability for an element’s popover to be shown. The popover will only be able to be shown if it is re-enabled.</p>\n<p><code>js$(&#39;#element&#39;).popover(&#39;disable&#39;)</code></p>\n<h4 id=\"-popover-toggleenabled-\"><code>.popover(&#39;toggleEnabled&#39;)</code></h4>\n<p>Toggles the ability for an element’s popover to be shown or hidden.</p>\n<p><code>js$(&#39;#element&#39;).popover(&#39;toggleEnabled&#39;)</code></p>\n<h4 id=\"-popover-update-\"><code>.popover(&#39;update&#39;)</code></h4>\n<p>Updates the position of an element’s popover.</p>\n<p><code>js$(&#39;#element&#39;).popover(&#39;update&#39;)</code></p>\n<h3 id=\"events\">Events</h3>\n<table class=\"table table-bordered table-striped\">\n  <thead>\n    <tr>\n      <th style=\"width: 150px;\">Event Type</th>\n      <th>Description</th>\n    </tr>\n  </thead>\n  <tbody>\n    <tr>\n      <td>show.bs.popover</td>\n      <td>This event fires immediately when the <code>show</code> instance method is called.</td>\n    </tr>\n    <tr>\n      <td>shown.bs.popover</td>\n      <td>This event is fired when the popover has been made visible to the user (will wait for CSS transitions to complete).</td>\n    </tr>\n    <tr>\n      <td>hide.bs.popover</td>\n      <td>This event is fired immediately when the <code>hide</code> instance method has been called.</td>\n    </tr>\n    <tr>\n      <td>hidden.bs.popover</td>\n      <td>This event is fired when the popover has finished being hidden from the user (will wait for CSS transitions to complete).</td>\n    </tr>\n    <tr>\n      <td>inserted.bs.popover</td>\n      <td>This event is fired after the <code>show.bs.popover</code> event when the popover template has been added to the DOM.</td>\n    </tr>\n  </tbody>\n</table>\n\n<p><code>js\n$(&#39;#myPopover&#39;).on(&#39;hidden.bs.popover&#39;, function () {\n  // do something…\n})</code></p>\n","updatedAt":"2018-06-06T20:04:50.000Z"}