{"layout":"docs","title":"Position","description":"Use these shorthand utilities for quickly configuring the position of an element.","group":"utilities","toc":true,"body":"<h2 id=\"common-values\">Common values</h2>\n<p>Quick positioning classes are available, though they are not responsive.</p>\n<p><figure class=\"highlight\"><pre><code class=\"language-html\" data-lang=\"html\"></p>\n<p><div class=\"position-static\">…</div></p>\n<p><div class=\"position-relative\">…</div></p>\n<p><div class=\"position-absolute\">…</div></p>\n<p><div class=\"position-fixed\">…</div></p>\n<p><div class=\"position-sticky\">…</div>\n</code></pre></figure></p>\n<h2 id=\"fixed-top\">Fixed top</h2>\n<p>Position an element at the top of the viewport, from edge to edge. Be sure you understand the ramifications of fixed position in your project; you may need to add additional CSS.</p>\n<p><figure class=\"highlight\"><pre><code class=\"language-html\" data-lang=\"html\"></p>\n<p><div class=\"fixed-top\">…</div>\n</code></pre></figure></p>\n<h2 id=\"fixed-bottom\">Fixed bottom</h2>\n<p>Position an element at the bottom of the viewport, from edge to edge. Be sure you understand the ramifications of fixed position in your project; you may need to add additional CSS.</p>\n<p><figure class=\"highlight\"><pre><code class=\"language-html\" data-lang=\"html\"></p>\n<p><div class=\"fixed-bottom\">…</div>\n</code></pre></figure></p>\n<h2 id=\"sticky-top\">Sticky top</h2>\n<p>Position an element at the top of the viewport, from edge to edge, but only after you scroll past it. The <code>.sticky-top</code> utility uses CSS’s <code>position: sticky</code>, which isn’t fully supported in all browsers.</p>\n<p><strong>IE11 and IE10 will render <code>position: sticky</code> as <code>position: relative</code>.</strong> As such, we wrap the styles in a <code>@supports</code> query, limiting the stickiness to only browsers that can render it properly.</p>\n<p><figure class=\"highlight\"><pre><code class=\"language-html\" data-lang=\"html\"></p>\n<p><div class=\"sticky-top\">…</div>\n</code></pre></figure></p>\n","updatedAt":"2018-06-06T20:04:50.000Z"}