{"layout":"docs","title":"Scrollspy","description":"Automatically update framekit navigation or list group components based on scroll position to indicate which link is currently active in the viewport.","group":"components","toc":true,"body":"<h2 id=\"how-it-works\">How it works</h2>\n<p>Scrollspy has a few requirements to function properly:</p>\n<ul>\n<li>If you’re building our JavaScript from source, it <a href=\"%7B%7B%20shared.baseurl%20%7D%7D/docs/%7B%7B%20shared.docs_version%20%7D%7D/getting-started/javascript/#util\">requires <code>util.js</code></a>.</li>\n<li>It must be used on a framekit <a href=\"%7B%7B%20shared.baseurl%20%7D%7D/docs/%7B%7B%20shared.docs_version%20%7D%7D/components/navs/\">nav component</a> or <a href=\"%7B%7B%20shared.baseurl%20%7D%7D/docs/%7B%7B%20shared.docs_version%20%7D%7D/components/list-group/\">list group</a>.</li>\n<li>Scrollspy requires <code>position: relative;</code> on the element you’re spying on, usually the <code>&lt;body&gt;</code>.</li>\n<li>When spying on elements other than the <code>&lt;body&gt;</code>, be sure to have a <code>height</code> set and <code>overflow-y: scroll;</code> applied.</li>\n<li>Anchors (<code>&lt;a&gt;</code>) are required and must point to an element with that <code>id</code>.</li>\n</ul>\n<p>When successfully implemented, your nav or list group will update accordingly, moving the <code>.active</code> class from one item to the next based on their associated targets.</p>\n<h2 id=\"example-in-navbar\">Example in navbar</h2>\n<p>Scroll the area below the navbar and watch the active class change. The dropdown items will be highlighted as well.</p>\n<div class=\"bd-example\">\n  <nav id=\"navbar-example2\" class=\"navbar navbar-light bg-light\">\n    <a class=\"navbar-brand\" href=\"#\">Navbar</a>\n    <ul class=\"nav nav-pills\">\n      <li class=\"nav-item\">\n        <a class=\"nav-link\" href=\"#fat\">@fat</a>\n      </li>\n      <li class=\"nav-item\">\n        <a class=\"nav-link\" href=\"#mdo\">@mdo</a>\n      </li>\n      <li class=\"nav-item dropdown\">\n        <a class=\"nav-link dropdown-toggle\" data-toggle=\"dropdown\" href=\"#\" role=\"button\" aria-haspopup=\"true\" aria-expanded=\"false\">Dropdown</a>\n        <div class=\"dropdown-menu\">\n          <a class=\"dropdown-item\" href=\"#one\">one</a>\n          <a class=\"dropdown-item\" href=\"#two\">two</a>\n          <div role=\"separator\" class=\"dropdown-divider\"></div>\n          <a class=\"dropdown-item\" href=\"#three\">three</a>\n        </div>\n      </li>\n    </ul>\n  </nav>\n  <div data-spy=\"scroll\" data-target=\"#navbar-example2\" data-offset=\"0\" class=\"scrollspy-example\">\n    <h4 id=\"fat\">@fat</h4>\n    <p>Ad leggings keytar, brunch id art party dolor labore. Pitchfork yr enim lo-fi before they sold out qui. Tumblr farm-to-table bicycle rights whatever. Anim keffiyeh carles cardigan. Velit seitan mcsweeney's photo booth 3 wolf moon irure. Cosby sweater lomo jean shorts, williamsburg hoodie minim qui you probably haven't heard of them et cardigan trust fund culpa biodiesel wes anderson aesthetic. Nihil tattooed accusamus, cred irony biodiesel keffiyeh artisan ullamco consequat.</p>\n    <h4 id=\"mdo\">@mdo</h4>\n    <p>Veniam marfa mustache skateboard, adipisicing fugiat velit pitchfork beard. Freegan beard aliqua cupidatat mcsweeney's vero. Cupidatat four loko nisi, ea helvetica a carles. Tattooed cosby sweater food truck, mcsweeney's quis non freegan vinyl. Lo-fi wes anderson +1 sartorial. Carles non aesthetic exercitation quis gentrify. Brooklyn adipisicing craft beer vice keytar deserunt.</p>\n    <h4 id=\"one\">one</h4>\n    <p>Occaecat commodo aliqua delectus. Fap craft beer deserunt skateboard ea. Lomo bicycle rights adipisicing banh mi, velit ea sunt next level locavore single-origin coffee in magna veniam. High life id vinyl, echo park consequat quis aliquip banh mi pitchfork. Vero VHS est adipisicing. Consectetur nisi DIY minim messenger bag. Cred ex in, sustainable delectus consectetur fanny pack iphone.</p>\n    <h4 id=\"two\">two</h4>\n    <p>In incididunt echo park, officia deserunt mcsweeney's proident master cleanse thundercats sapiente veniam. Excepteur VHS elit, proident shoreditch +1 biodiesel laborum craft beer. Single-origin coffee wayfarers irure four loko, cupidatat terry richardson master cleanse. Assumenda you probably haven't heard of them art party fanny pack, tattooed a cardigan tempor ad. Proident wolf nesciunt sartorial keffiyeh eu banh mi sustainable. Elit wolf voluptate, lo-fi ea portland before they sold out four loko. Locavore enim nostrud mlkshk brooklyn nesciunt.</p>\n    <h4 id=\"three\">three</h4>\n    <p>Ad leggings keytar, brunch id art party dolor labore. Pitchfork yr enim lo-fi before they sold out qui. Tumblr farm-to-table bicycle rights whatever. Anim keffiyeh carles cardigan. Velit seitan mcsweeney's photo booth 3 wolf moon irure. Cosby sweater lomo jean shorts, williamsburg hoodie minim qui you probably haven't heard of them et cardigan trust fund culpa biodiesel wes anderson aesthetic. Nihil tattooed accusamus, cred irony biodiesel keffiyeh artisan ullamco consequat.</p>\n    <p>Keytar twee blog, culpa messenger bag marfa whatever delectus food truck. Sapiente synth id assumenda. Locavore sed helvetica cliche irony, thundercats you probably haven't heard of them consequat hoodie gluten-free lo-fi fap aliquip. Labore elit placeat before they sold out, terry richardson proident brunch nesciunt quis cosby sweater pariatur keffiyeh ut helvetica artisan. Cardigan craft beer seitan readymade velit. VHS chambray laboris tempor veniam. Anim mollit minim commodo ullamco thundercats.\n    </p>\n  </div>\n</div>\n\n<p><code>`</code>html</p>\n<nav id=\"navbar-example2\" class=\"navbar navbar-light bg-light\">\n  <a class=\"navbar-brand\" href=\"#\">Navbar</a>\n  <ul class=\"nav nav-pills\">\n    <li class=\"nav-item\">\n      <a class=\"nav-link\" href=\"#fat\">@fat</a>\n    </li>\n    <li class=\"nav-item\">\n      <a class=\"nav-link\" href=\"#mdo\">@mdo</a>\n    </li>\n    <li class=\"nav-item dropdown\">\n      <a class=\"nav-link dropdown-toggle\" data-toggle=\"dropdown\" href=\"#\" role=\"button\" aria-haspopup=\"true\" aria-expanded=\"false\">Dropdown</a>\n      <div class=\"dropdown-menu\">\n        <a class=\"dropdown-item\" href=\"#one\">one</a>\n        <a class=\"dropdown-item\" href=\"#two\">two</a>\n        <div role=\"separator\" class=\"dropdown-divider\"></div>\n        <a class=\"dropdown-item\" href=\"#three\">three</a>\n      </div>\n    </li>\n  </ul>\n</nav>\n<div data-spy=\"scroll\" data-target=\"#navbar-example2\" data-offset=\"0\">\n  <h4 id=\"fat\">@fat</h4>\n  <p>...</p>\n  <h4 id=\"mdo\">@mdo</h4>\n  <p>...</p>\n  <h4 id=\"one\">one</h4>\n  <p>...</p>\n  <h4 id=\"two\">two</h4>\n  <p>...</p>\n  <h4 id=\"three\">three</h4>\n  <p>...</p>\n</div>\n```\n\n## Example with nested nav\n\nScrollspy also works with nested `.nav`s. If a nested `.nav` is `.active`, its parents will also be `.active`. Scroll the area next to the navbar and watch the active class change.\n\n<div class=\"bd-example\">\n  <div class=\"row\">\n    <div class=\"col-4\">\n      <nav id=\"navbar-example3\" class=\"navbar navbar-light bg-light flex-column\">\n        <a class=\"navbar-brand\" href=\"#\">Navbar</a>\n        <nav class=\"nav nav-pills flex-column\">\n          <a class=\"nav-link\" href=\"#item-1\">Item 1</a>\n          <nav class=\"nav nav-pills flex-column\">\n            <a class=\"nav-link ml-3 my-1\" href=\"#item-1-1\">Item 1-1</a>\n            <a class=\"nav-link ml-3 my-1\" href=\"#item-1-2\">Item 1-2</a>\n          </nav>\n          <a class=\"nav-link\" href=\"#item-2\">Item 2</a>\n          <a class=\"nav-link\" href=\"#item-3\">Item 3</a>\n          <nav class=\"nav nav-pills flex-column\">\n            <a class=\"nav-link ml-3 my-1\" href=\"#item-3-1\">Item 3-1</a>\n            <a class=\"nav-link ml-3 my-1\" href=\"#item-3-2\">Item 3-2</a>\n          </nav>\n        </nav>\n      </nav>\n    </div>\n    <div class=\"col-8\">\n      <div data-spy=\"scroll\" data-target=\"#navbar-example3\" data-offset=\"0\" class=\"scrollspy-example-2\">\n        <h4 id=\"item-1\">Item 1</h4>\n        <p>Ex consequat commodo adipisicing exercitation aute excepteur occaecat ullamco duis aliqua id magna ullamco eu. Do aute ipsum ipsum ullamco cillum consectetur ut et aute consectetur labore. Fugiat laborum incididunt tempor eu consequat enim dolore proident. Qui laborum do non excepteur a magna eiusmod consectetur in. Aliqua et aliqua officia quis et incididunt voluptate non anim reprehenderit adipisicing dolore ut consequat deserunt mollit dolore. Aliquip a enim veniam non fugiat id cupidatat a elit cupidatat commodo velit ut eiusmod cupidatat elit dolore.</p>\n        <h5 id=\"item-1-1\">Item 1-1</h5>\n        <p>Amet tempor mollit aliquip pariatur excepteur commodo do ea cillum commodo Lorem et occaecat elit qui et. Aliquip labore ex ex esse voluptate occaecat Lorem ullamco deserunt. Aliqua cillum excepteur irure consequat id quis ea. Sit proident ullamco aute magna pariatur nostrud labore. Reprehenderit aliqua commodo eiusmod aliquip est do duis amet proident magna consectetur consequat eu commodo fugiat non quis. Enim aliquip exercitation ullamco adipisicing voluptate excepteur minim exercitation minim minim commodo adipisicing exercitation officia nisi adipisicing. Anim id duis qui consequat labore adipisicing sint dolor elit cillum anim et fugiat.</p>\n        <h5 id=\"item-1-2\">Item 2-2</h5>\n        <p>Cillum nisi deserunt magna eiusmod qui eiusmod velit voluptate pariatur laborum sunt enim. Irure laboris mollit consequat incididunt sint et culpa culpa incididunt adipisicing magna magna occaecat. Nulla ipsum cillum eiusmod sint elit excepteur ea labore enim consectetur in labore anim. Proident ullamco ipsum esse elit ut Lorem eiusmod dolor et eiusmod. Anim occaecat a in non consequat eiusmod velit incididunt.</p>\n        <h4 id=\"item-2\">Item 2</h4>\n        <p>Quis magna Lorem anim amet ipsum do mollit sit cillum voluptate ex a tempor. Laborum consequat non elit enim exercitation cillum aliqua consequat id aliqua. Esse ex consectetur mollit voluptate est in duis laboris ad sit ipsum anim Lorem. Incididunt veniam velit elit elit veniam Lorem aliqua quis ullamco deserunt sit enim elit aliqua esse irure. Laborum nisi sit est tempor laborum mollit labore officia laborum excepteur commodo non commodo dolor excepteur commodo. Ipsum fugiat ex est consectetur ipsum commodo tempor sunt in proident.</p>\n        <h4 id=\"item-3\">Item 3</h4>\n        <p>Quis anim sit do amet fugiat dolor velit sit ea ea do reprehenderit culpa duis. Nostrud aliqua ipsum fugiat minim proident occaecat excepteur aliquip culpa aute tempor reprehenderit. Deserunt tempor mollit elit ex pariatur dolore velit fugiat mollit culpa irure ullamco est ex ullamco excepteur.</p>\n        <h5 id=\"item-3-1\">Item 3-1</h5>\n        <p>Deserunt quis elit Lorem eiusmod amet enim enim amet minim Lorem proident nostrud. Ea id dolore anim exercitation aute fugiat labore voluptate cillum do laboris labore. Ex velit exercitation nisi enim labore reprehenderit labore nostrud ut ut. Esse officia sunt duis aliquip ullamco tempor eiusmod deserunt irure nostrud irure. Ullamco proident veniam laboris ea consectetur magna sunt ex exercitation aliquip minim enim culpa occaecat exercitation. Est tempor excepteur aliquip laborum consequat do deserunt laborum esse eiusmod irure proident ipsum esse qui.</p>\n        <h5 id=\"item-3-2\">Item 3-2</h5>\n        <p>Labore sit culpa commodo elit adipisicing sit aliquip elit proident voluptate minim mollit nostrud aute reprehenderit do. Mollit excepteur eu Lorem ipsum anim commodo sint labore Lorem in exercitation velit incididunt. Occaecat consectetur nisi in occaecat proident minim enim sunt reprehenderit exercitation cupidatat et do officia. Aliquip consequat ad labore labore mollit ut amet. Sit pariatur tempor proident in veniam culpa aliqua excepteur elit magna fugiat eiusmod amet officia.</p>\n      </div>\n    </div>\n  </div>\n</div>\n\n```html\n<nav id=\"navbar-example3\" class=\"navbar navbar-light bg-light\">\n  <a class=\"navbar-brand\" href=\"#\">Navbar</a>\n  <nav class=\"nav nav-pills flex-column\">\n    <a class=\"nav-link\" href=\"#item-1\">Item 1</a>\n    <nav class=\"nav nav-pills flex-column\">\n      <a class=\"nav-link ml-3 my-1\" href=\"#item-1-1\">Item 1-1</a>\n      <a class=\"nav-link ml-3 my-1\" href=\"#item-1-2\">Item 1-2</a>\n    </nav>\n    <a class=\"nav-link\" href=\"#item-2\">Item 2</a>\n    <a class=\"nav-link\" href=\"#item-3\">Item 3</a>\n    <nav class=\"nav nav-pills flex-column\">\n      <a class=\"nav-link ml-3 my-1\" href=\"#item-3-1\">Item 3-1</a>\n      <a class=\"nav-link ml-3 my-1\" href=\"#item-3-2\">Item 3-2</a>\n    </nav>\n  </nav>\n</nav>\n\n<div data-spy=\"scroll\" data-target=\"#navbar-example3\" data-offset=\"0\">\n  <h4 id=\"item-1\">Item 1</h4>\n  <p>...</p>\n  <h5 id=\"item-1-1\">Item 1-1</h5>\n  <p>...</p>\n  <h5 id=\"item-1-2\">Item 2-2</h5>\n  <p>...</p>\n  <h4 id=\"item-2\">Item 2</h4>\n  <p>...</p>\n  <h4 id=\"item-3\">Item 3</h4>\n  <p>...</p>\n  <h5 id=\"item-3-1\">Item 3-1</h5>\n  <p>...</p>\n  <h5 id=\"item-3-2\">Item 3-2</h5>\n  <p>...</p>\n</div>\n```\n\n## Example with list-group\n\nScrollspy also works with `.list-group`s. Scroll the area next to the list group and watch the active class change.\n\n<div class=\"bd-example\">\n  <div class=\"row\">\n    <div class=\"col-4\">\n      <div id=\"list-example\" class=\"list-group\">\n        <a class=\"list-group-item list-group-item-action\" href=\"#list-item-1\">Item 1</a>\n        <a class=\"list-group-item list-group-item-action\" href=\"#list-item-2\">Item 2</a>\n        <a class=\"list-group-item list-group-item-action\" href=\"#list-item-3\">Item 3</a>\n        <a class=\"list-group-item list-group-item-action\" href=\"#list-item-4\">Item 4</a>\n      </div>\n    </div>\n    <div class=\"col-8\">\n      <div data-spy=\"scroll\" data-target=\"#list-example\" data-offset=\"0\" class=\"scrollspy-example\">\n        <h4 id=\"list-item-1\">Item 1</h4>\n        <p>Ex consequat commodo adipisicing exercitation aute excepteur occaecat ullamco duis aliqua id magna ullamco eu. Do aute ipsum ipsum ullamco cillum consectetur ut et aute consectetur labore. Fugiat laborum incididunt tempor eu consequat enim dolore proident. Qui laborum do non excepteur a magna eiusmod consectetur in. Aliqua et aliqua officia quis et incididunt voluptate non anim reprehenderit adipisicing dolore ut consequat deserunt mollit dolore. Aliquip a enim veniam non fugiat id cupidatat a elit cupidatat commodo velit ut eiusmod cupidatat elit dolore.</p>\n        <h4 id=\"list-item-2\">Item 2</h4>\n        <p>Quis magna Lorem anim amet ipsum do mollit sit cillum voluptate ex a tempor. Laborum consequat non elit enim exercitation cillum aliqua consequat id aliqua. Esse ex consectetur mollit voluptate est in duis laboris ad sit ipsum anim Lorem. Incididunt veniam velit elit elit veniam Lorem aliqua quis ullamco deserunt sit enim elit aliqua esse irure. Laborum nisi sit est tempor laborum mollit labore officia laborum excepteur commodo non commodo dolor excepteur commodo. Ipsum fugiat ex est consectetur ipsum commodo tempor sunt in proident.</p>\n        <h4 id=\"list-item-3\">Item 3</h4>\n        <p>Quis anim sit do amet fugiat dolor velit sit ea ea do reprehenderit culpa duis. Nostrud aliqua ipsum fugiat minim proident occaecat excepteur aliquip culpa aute tempor reprehenderit. Deserunt tempor mollit elit ex pariatur dolore velit fugiat mollit culpa irure ullamco est ex ullamco excepteur.</p>\n        <h4 id=\"list-item-4\">Item 4</h4>\n        <p>Quis anim sit do amet fugiat dolor velit sit ea ea do reprehenderit culpa duis. Nostrud aliqua ipsum fugiat minim proident occaecat excepteur aliquip culpa aute tempor reprehenderit. Deserunt tempor mollit elit ex pariatur dolore velit fugiat mollit culpa irure ullamco est ex ullamco excepteur.</p>\n      </div>\n    </div>\n  </div>\n</div>\n\n<p><code>`</code>html</p>\n<div id=\"list-example\" class=\"list-group\">\n  <a class=\"list-group-item list-group-item-action\" href=\"#list-item-1\">Item 1</a>\n  <a class=\"list-group-item list-group-item-action\" href=\"#list-item-2\">Item 2</a>\n  <a class=\"list-group-item list-group-item-action\" href=\"#list-item-3\">Item 3</a>\n  <a class=\"list-group-item list-group-item-action\" href=\"#list-item-4\">Item 4</a>\n</div>\n<div data-spy=\"scroll\" data-target=\"#list-example\" data-offset=\"0\" class=\"scrollspy-example\">\n  <h4 id=\"list-item-1\">Item 1</h4>\n  <p>...</p>\n  <h4 id=\"list-item-2\">Item 2</h4>\n  <p>...</p>\n  <h4 id=\"list-item-3\">Item 3</h4>\n  <p>...</p>\n  <h4 id=\"list-item-4\">Item 4</h4>\n  <p>...</p>\n</div>\n```\n\n\n## Usage\n\n### Via data attributes\n\nTo easily add scrollspy behavior to your topbar navigation, add `data-spy=\"scroll\"` to the element you want to spy on (most typically this would be the `<body>`). Then add the `data-target` attribute with the ID or class of the parent element of any framekit `.nav` component.\n\n```css\nbody {\n  position: relative;\n}\n```\n\n```html\n<body data-spy=\"scroll\" data-target=\"#navbar-example\">\n  ...\n  <div id=\"navbar-example\">\n    <ul class=\"nav nav-tabs\" role=\"tablist\">\n      ...\n    </ul>\n  </div>\n  ...\n</body>\n```\n\n### Via JavaScript\n\nAfter adding `position: relative;` in your CSS, call the scrollspy via JavaScript:\n\n```js\n$('body').scrollspy({ target: '#navbar-example' })\n```\n\n<div class=\"bd-callout bd-callout-warning\">\n#### Resolvable ID targets required\n\nNavbar links must have resolvable id targets. For example, a `<a href=\"#home\">home</a>` must correspond to something in the DOM like `<div id=\"home\"></div>`.\n</div>\n{{include \"callout\" content=callout type=\"danger\"}}\n\n<div class=\"bd-callout bd-callout-warning\">\n#### Non-`:visible` target elements ignored\n\nTarget elements that are not [`:visible` according to jQuery](https://api.jquery.com/visible-selector/) will be ignored and their corresponding nav items will never be highlighted.\n</div>\n\n\n<h3 id=\"methods\">Methods</h3>\n<h4 id=\"-scrollspy-refresh-\"><code>.scrollspy(&#39;refresh&#39;)</code></h4>\n<p>When using scrollspy in conjunction with adding or removing of elements from the DOM, you’ll need to call the refresh method like so:</p>\n<p><code>js\n$(&#39;[data-spy=&quot;scroll&quot;]&#39;).each(function () {\n  var $spy = $(this).scrollspy(&#39;refresh&#39;)\n})</code></p>\n<h4 id=\"-scrollspy-dispose-\"><code>.scrollspy(&#39;dispose&#39;)</code></h4>\n<p>Destroys an element’s scrollspy.</p>\n<h3 id=\"options\">Options</h3>\n<p>Options can be passed via data attributes or JavaScript. For data attributes, append the option name to <code>data-</code>, as in <code>data-offset=&quot;&quot;</code>.</p>\n<table class=\"table table-bordered table-striped\">\n  <thead>\n    <tr>\n      <th style=\"width: 100px;\">Name</th>\n      <th style=\"width: 100px;\">Type</th>\n      <th style=\"width: 50px;\">Default</th>\n      <th>Description</th>\n    </tr>\n  </thead>\n  <tbody>\n    <tr>\n      <td>offset</td>\n      <td>number</td>\n      <td>10</td>\n      <td>Pixels to offset from top when calculating position of scroll.</td>\n    </tr>\n  </tbody>\n</table>\n\n<h3 id=\"events\">Events</h3>\n<table class=\"table table-bordered table-striped\">\n  <thead>\n    <tr>\n      <th style=\"width: 150px;\">Event Type</th>\n      <th>Description</th>\n    </tr>\n  </thead>\n  <tbody>\n    <tr>\n      <td>activate.bs.scrollspy</td>\n      <td>This event fires on the scroll element whenever a new item becomes activated by the scrollspy.</td>\n    </tr>\n  </tbody>\n</table>\n\n<p><code>js\n$(&#39;[data-spy=&quot;scroll&quot;]&#39;).on(&#39;activate.bs.scrollspy&#39;, function () {\n  // do something…\n})</code></p>\n","updatedAt":"2018-06-06T20:04:50.000Z"}