{"layout":"docs","title":"Shadows","description":"Add or remove shadows to elements with `box-shadow` utilities.","group":"utilities","toc":false,"body":"<h2 id=\"examples\">Examples</h2>\n<p>While shadows on components are disabled by default in framekit and can be enabled via <code>$enable-shadows</code>, you can also quickly add or remove a shadow with our <code>box-shadow</code> utility classes. Includes support for <code>.shadow-none</code> and three default sizes (which have associated variables to match).</p>\n<div class=\"bd-example\">\n<div class=\"shadow-none p-3 mb-5 bg-light rounded\">No shadow</div>\n<div class=\"shadow-sm p-3 mb-5 bg-white rounded\">Small shadow</div>\n<div class=\"shadow p-3 mb-5 bg-white rounded\">Regular shadow</div>\n<div class=\"shadow-lg p-3 mb-5 bg-white rounded\">Larger shadow</div>\n</div>\n\n","updatedAt":"2018-06-06T20:04:50.000Z"}