{"layout":"docs","title":"Tables","description":"Documentation and examples for opt-in styling of tables (given their prevalent use in JavaScript plugins) with framekit.","group":"content","toc":true,"body":"<h2 id=\"examples\">Examples</h2>\n<p>Due to the widespread use of tables across third-party widgets like calendars and date pickers, we’ve designed our tables to be <strong>opt-in</strong>. Just add the base class <code>.table</code> to any <code>&lt;table&gt;</code>, then extend with custom styles or our various included modifier classes.</p>\n<p>Using the most basic table markup, here’s how <code>.table</code>-based tables look in framekit. <strong>All table styles are inherited in framekit 4</strong>, meaning any nested tables will be styled in the same manner as the parent.</p>\n<div class=\"bd-example\">\n<table class=\"table\">\n  <thead>\n    <tr>\n      <th scope=\"col\">#</th>\n      <th scope=\"col\">First</th>\n      <th scope=\"col\">Last</th>\n      <th scope=\"col\">Handle</th>\n    </tr>\n  </thead>\n  <tbody>\n    <tr>\n      <th scope=\"row\">1</th>\n      <td>Mark</td>\n      <td>Otto</td>\n      <td>@mdo</td>\n    </tr>\n    <tr>\n      <th scope=\"row\">2</th>\n      <td>Jacob</td>\n      <td>Thornton</td>\n      <td>@fat</td>\n    </tr>\n    <tr>\n      <th scope=\"row\">3</th>\n      <td>Larry</td>\n      <td>the Bird</td>\n      <td>@twitter</td>\n    </tr>\n  </tbody>\n</table>\n</div>\n\n\n<p>You can also invert the colors—with light text on dark backgrounds—with <code>.table-dark</code>.</p>\n<div class=\"bd-example\">\n<table class=\"table table-dark\">\n  <thead>\n    <tr>\n      <th scope=\"col\">#</th>\n      <th scope=\"col\">First</th>\n      <th scope=\"col\">Last</th>\n      <th scope=\"col\">Handle</th>\n    </tr>\n  </thead>\n  <tbody>\n    <tr>\n      <th scope=\"row\">1</th>\n      <td>Mark</td>\n      <td>Otto</td>\n      <td>@mdo</td>\n    </tr>\n    <tr>\n      <th scope=\"row\">2</th>\n      <td>Jacob</td>\n      <td>Thornton</td>\n      <td>@fat</td>\n    </tr>\n    <tr>\n      <th scope=\"row\">3</th>\n      <td>Larry</td>\n      <td>the Bird</td>\n      <td>@twitter</td>\n    </tr>\n  </tbody>\n</table>\n</div>\n\n\n<h2 id=\"table-head-options\">Table head options</h2>\n<p>Similar to tables and dark tables, use the modifier classes <code>.thead-light</code> or <code>.thead-dark</code> to make <code>&lt;thead&gt;</code>s appear light or dark gray.</p>\n<div class=\"bd-example\">\n<table class=\"table\">\n  <thead class=\"thead-dark\">\n    <tr>\n      <th scope=\"col\">#</th>\n      <th scope=\"col\">First</th>\n      <th scope=\"col\">Last</th>\n      <th scope=\"col\">Handle</th>\n    </tr>\n  </thead>\n  <tbody>\n    <tr>\n      <th scope=\"row\">1</th>\n      <td>Mark</td>\n      <td>Otto</td>\n      <td>@mdo</td>\n    </tr>\n    <tr>\n      <th scope=\"row\">2</th>\n      <td>Jacob</td>\n      <td>Thornton</td>\n      <td>@fat</td>\n    </tr>\n    <tr>\n      <th scope=\"row\">3</th>\n      <td>Larry</td>\n      <td>the Bird</td>\n      <td>@twitter</td>\n    </tr>\n  </tbody>\n</table>\n\n<table class=\"table\">\n  <thead class=\"thead-light\">\n    <tr>\n      <th scope=\"col\">#</th>\n      <th scope=\"col\">First</th>\n      <th scope=\"col\">Last</th>\n      <th scope=\"col\">Handle</th>\n    </tr>\n  </thead>\n  <tbody>\n    <tr>\n      <th scope=\"row\">1</th>\n      <td>Mark</td>\n      <td>Otto</td>\n      <td>@mdo</td>\n    </tr>\n    <tr>\n      <th scope=\"row\">2</th>\n      <td>Jacob</td>\n      <td>Thornton</td>\n      <td>@fat</td>\n    </tr>\n    <tr>\n      <th scope=\"row\">3</th>\n      <td>Larry</td>\n      <td>the Bird</td>\n      <td>@twitter</td>\n    </tr>\n  </tbody>\n</table>\n</div>\n\n\n<h2 id=\"striped-rows\">Striped rows</h2>\n<p>Use <code>.table-striped</code> to add zebra-striping to any table row within the <code>&lt;tbody&gt;</code>.</p>\n<div class=\"bd-example\">\n<table class=\"table table-striped\">\n  <thead>\n    <tr>\n      <th scope=\"col\">#</th>\n      <th scope=\"col\">First</th>\n      <th scope=\"col\">Last</th>\n      <th scope=\"col\">Handle</th>\n    </tr>\n  </thead>\n  <tbody>\n    <tr>\n      <th scope=\"row\">1</th>\n      <td>Mark</td>\n      <td>Otto</td>\n      <td>@mdo</td>\n    </tr>\n    <tr>\n      <th scope=\"row\">2</th>\n      <td>Jacob</td>\n      <td>Thornton</td>\n      <td>@fat</td>\n    </tr>\n    <tr>\n      <th scope=\"row\">3</th>\n      <td>Larry</td>\n      <td>the Bird</td>\n      <td>@twitter</td>\n    </tr>\n  </tbody>\n</table>\n</div>\n\n\n<div class=\"bd-example\">\n<table class=\"table table-striped table-dark\">\n  <thead>\n    <tr>\n      <th scope=\"col\">#</th>\n      <th scope=\"col\">First</th>\n      <th scope=\"col\">Last</th>\n      <th scope=\"col\">Handle</th>\n    </tr>\n  </thead>\n  <tbody>\n    <tr>\n      <th scope=\"row\">1</th>\n      <td>Mark</td>\n      <td>Otto</td>\n      <td>@mdo</td>\n    </tr>\n    <tr>\n      <th scope=\"row\">2</th>\n      <td>Jacob</td>\n      <td>Thornton</td>\n      <td>@fat</td>\n    </tr>\n    <tr>\n      <th scope=\"row\">3</th>\n      <td>Larry</td>\n      <td>the Bird</td>\n      <td>@twitter</td>\n    </tr>\n  </tbody>\n</table>\n</div>\n\n\n<h2 id=\"bordered-table\">Bordered table</h2>\n<p>Add <code>.table-bordered</code> for borders on all sides of the table and cells.</p>\n<div class=\"bd-example\">\n<table class=\"table table-bordered\">\n  <thead>\n    <tr>\n      <th scope=\"col\">#</th>\n      <th scope=\"col\">First</th>\n      <th scope=\"col\">Last</th>\n      <th scope=\"col\">Handle</th>\n    </tr>\n  </thead>\n  <tbody>\n    <tr>\n      <th scope=\"row\">1</th>\n      <td>Mark</td>\n      <td>Otto</td>\n      <td>@mdo</td>\n    </tr>\n    <tr>\n      <th scope=\"row\">2</th>\n      <td>Jacob</td>\n      <td>Thornton</td>\n      <td>@fat</td>\n    </tr>\n    <tr>\n      <th scope=\"row\">3</th>\n      <td colspan=\"2\">Larry the Bird</td>\n      <td>@twitter</td>\n    </tr>\n  </tbody>\n</table>\n</div>\n\n\n<div class=\"bd-example\">\n<table class=\"table table-bordered table-dark\">\n  <thead>\n    <tr>\n      <th scope=\"col\">#</th>\n      <th scope=\"col\">First</th>\n      <th scope=\"col\">Last</th>\n      <th scope=\"col\">Handle</th>\n    </tr>\n  </thead>\n  <tbody>\n    <tr>\n      <th scope=\"row\">1</th>\n      <td>Mark</td>\n      <td>Otto</td>\n      <td>@mdo</td>\n    </tr>\n    <tr>\n      <th scope=\"row\">2</th>\n      <td>Jacob</td>\n      <td>Thornton</td>\n      <td>@fat</td>\n    </tr>\n    <tr>\n      <th scope=\"row\">3</th>\n      <td colspan=\"2\">Larry the Bird</td>\n      <td>@twitter</td>\n    </tr>\n  </tbody>\n</table>\n</div>\n\n\n<h2 id=\"borderless-table\">Borderless table</h2>\n<p>Add <code>.table-borderless</code> for a table without borders.</p>\n<div class=\"bd-example\">\n<table class=\"table table-borderless\">\n  <thead>\n    <tr>\n      <th scope=\"col\">#</th>\n      <th scope=\"col\">First</th>\n      <th scope=\"col\">Last</th>\n      <th scope=\"col\">Handle</th>\n    </tr>\n  </thead>\n  <tbody>\n    <tr>\n      <th scope=\"row\">1</th>\n      <td>Mark</td>\n      <td>Otto</td>\n      <td>@mdo</td>\n    </tr>\n    <tr>\n      <th scope=\"row\">2</th>\n      <td>Jacob</td>\n      <td>Thornton</td>\n      <td>@fat</td>\n    </tr>\n    <tr>\n      <th scope=\"row\">3</th>\n      <td colspan=\"2\">Larry the Bird</td>\n      <td>@twitter</td>\n    </tr>\n  </tbody>\n</table>\n</div>\n\n\n<p><code>.table-borderless</code> can also be used on dark tables.</p>\n<div class=\"bd-example\">\n<table class=\"table table-borderless table-dark\">\n  <thead>\n    <tr>\n      <th scope=\"col\">#</th>\n      <th scope=\"col\">First</th>\n      <th scope=\"col\">Last</th>\n      <th scope=\"col\">Handle</th>\n    </tr>\n  </thead>\n  <tbody>\n    <tr>\n      <th scope=\"row\">1</th>\n      <td>Mark</td>\n      <td>Otto</td>\n      <td>@mdo</td>\n    </tr>\n    <tr>\n      <th scope=\"row\">2</th>\n      <td>Jacob</td>\n      <td>Thornton</td>\n      <td>@fat</td>\n    </tr>\n    <tr>\n      <th scope=\"row\">3</th>\n      <td colspan=\"2\">Larry the Bird</td>\n      <td>@twitter</td>\n    </tr>\n  </tbody>\n</table>\n</div>\n\n\n<h2 id=\"hoverable-rows\">Hoverable rows</h2>\n<p>Add <code>.table-hover</code> to enable a hover state on table rows within a <code>&lt;tbody&gt;</code>.</p>\n<div class=\"bd-example\">\n<table class=\"table table-hover\">\n  <thead>\n    <tr>\n      <th scope=\"col\">#</th>\n      <th scope=\"col\">First</th>\n      <th scope=\"col\">Last</th>\n      <th scope=\"col\">Handle</th>\n    </tr>\n  </thead>\n  <tbody>\n    <tr>\n      <th scope=\"row\">1</th>\n      <td>Mark</td>\n      <td>Otto</td>\n      <td>@mdo</td>\n    </tr>\n    <tr>\n      <th scope=\"row\">2</th>\n      <td>Jacob</td>\n      <td>Thornton</td>\n      <td>@fat</td>\n    </tr>\n    <tr>\n      <th scope=\"row\">3</th>\n      <td colspan=\"2\">Larry the Bird</td>\n      <td>@twitter</td>\n    </tr>\n  </tbody>\n</table>\n</div>\n\n\n<div class=\"bd-example\">\n<table class=\"table table-hover table-dark\">\n  <thead>\n    <tr>\n      <th scope=\"col\">#</th>\n      <th scope=\"col\">First</th>\n      <th scope=\"col\">Last</th>\n      <th scope=\"col\">Handle</th>\n    </tr>\n  </thead>\n  <tbody>\n    <tr>\n      <th scope=\"row\">1</th>\n      <td>Mark</td>\n      <td>Otto</td>\n      <td>@mdo</td>\n    </tr>\n    <tr>\n      <th scope=\"row\">2</th>\n      <td>Jacob</td>\n      <td>Thornton</td>\n      <td>@fat</td>\n    </tr>\n    <tr>\n      <th scope=\"row\">3</th>\n      <td colspan=\"2\">Larry the Bird</td>\n      <td>@twitter</td>\n    </tr>\n  </tbody>\n</table>\n</div>\n\n\n<h2 id=\"small-table\">Small table</h2>\n<p>Add <code>.table-sm</code> to make tables more compact by cutting cell padding in half.</p>\n<div class=\"bd-example\">\n<table class=\"table table-sm\">\n  <thead>\n    <tr>\n      <th scope=\"col\">#</th>\n      <th scope=\"col\">First</th>\n      <th scope=\"col\">Last</th>\n      <th scope=\"col\">Handle</th>\n    </tr>\n  </thead>\n  <tbody>\n    <tr>\n      <th scope=\"row\">1</th>\n      <td>Mark</td>\n      <td>Otto</td>\n      <td>@mdo</td>\n    </tr>\n    <tr>\n      <th scope=\"row\">2</th>\n      <td>Jacob</td>\n      <td>Thornton</td>\n      <td>@fat</td>\n    </tr>\n    <tr>\n      <th scope=\"row\">3</th>\n      <td colspan=\"2\">Larry the Bird</td>\n      <td>@twitter</td>\n    </tr>\n  </tbody>\n</table>\n</div>\n\n\n<div class=\"bd-example\">\n<table class=\"table table-sm table-dark\">\n  <thead>\n    <tr>\n      <th scope=\"col\">#</th>\n      <th scope=\"col\">First</th>\n      <th scope=\"col\">Last</th>\n      <th scope=\"col\">Handle</th>\n    </tr>\n  </thead>\n  <tbody>\n    <tr>\n      <th scope=\"row\">1</th>\n      <td>Mark</td>\n      <td>Otto</td>\n      <td>@mdo</td>\n    </tr>\n    <tr>\n      <th scope=\"row\">2</th>\n      <td>Jacob</td>\n      <td>Thornton</td>\n      <td>@fat</td>\n    </tr>\n    <tr>\n      <th scope=\"row\">3</th>\n      <td colspan=\"2\">Larry the Bird</td>\n      <td>@twitter</td>\n    </tr>\n  </tbody>\n</table>\n</div>\n\n\n<h2 id=\"contextual-classes\">Contextual classes</h2>\n<p>Use contextual classes to color table rows or individual cells.</p>\n<div class=\"bd-example\">\n  <table class=\"table\">\n    <thead>\n      <tr>\n        <th scope=\"col\">Class</th>\n        <th scope=\"col\">Heading</th>\n        <th scope=\"col\">Heading</th>\n      </tr>\n    </thead>\n    <tbody>\n      <tr class=\"table-active\">\n        <th scope=\"row\">Active</th>\n        <td>Cell</td>\n        <td>Cell</td>\n      </tr>\n      <tr>\n        <th scope=\"row\">Default</th>\n        <td>Cell</td>\n        <td>Cell</td>\n      </tr>\n\n      {% for color in shared.data.theme-colors %}\n      <tr class=\"table-{{ shared.color.name }}\">\n        <th scope=\"row\">{{ shared.color.name | capitalize }}</th>\n        <td>Cell</td>\n        <td>Cell</td>\n      </tr>{% endfor %}\n    </tbody>\n  </table>\n</div>\n\n<p><figure class=\"highlight\"><pre><code class=\"language-html\" data-lang=\"html\"></p>\n<!-- On rows -->\n<tr class=\"table-active\">...</tr>\n{% for color in shared.data.theme-colors %}\n<tr class=\"table-{{ shared.color.name }}\">...</tr>{% endfor %}\n\n<!-- On cells (`td` or `th`) -->\n<tr>\n  <td class=\"table-active\">...</td>\n  {% for color in shared.data.theme-colors %}\n  <td class=\"table-{{ shared.color.name }}\">...</td>{% endfor %}\n</tr>\n</code></pre></figure>\n\nRegular table background variants are not available with the dark table, however, you may use [text or background utilities]({{ {{shared.baseurl }}/docs/{{ shared.docs_version }}/utilities/colors/) to achieve similar styles.\n\n<div class=\"bd-example\">\n  <table class=\"table table-dark\">\n    <thead>\n      <tr>\n        <th scope=\"col\">#</th>\n        <th scope=\"col\">Heading</th>\n        <th scope=\"col\">Heading</th>\n      </tr>\n    </thead>\n    <tbody>\n      <tr class=\"bg-primary\">\n        <th scope=\"row\">1</th>\n        <td>Cell</td>\n        <td>Cell</td>\n      </tr>\n      <tr>\n        <th scope=\"row\">2</th>\n        <td>Cell</td>\n        <td>Cell</td>\n      </tr>\n      <tr class=\"bg-success\">\n        <th scope=\"row\">3</th>\n        <td>Cell</td>\n        <td>Cell</td>\n      </tr>\n      <tr>\n        <th scope=\"row\">4</th>\n        <td>Cell</td>\n        <td>Cell</td>\n      </tr>\n      <tr class=\"bg-info\">\n        <th scope=\"row\">5</th>\n        <td>Cell</td>\n        <td>Cell</td>\n      </tr>\n      <tr>\n        <th scope=\"row\">6</th>\n        <td>Cell</td>\n        <td>Cell</td>\n      </tr>\n      <tr class=\"bg-warning\">\n        <th scope=\"row\">7</th>\n        <td>Cell</td>\n        <td>Cell</td>\n      </tr>\n      <tr>\n        <th scope=\"row\">8</th>\n        <td>Cell</td>\n        <td>Cell</td>\n      </tr>\n      <tr class=\"bg-danger\">\n        <th scope=\"row\">9</th>\n        <td>Cell</td>\n        <td>Cell</td>\n      </tr>\n    </tbody>\n  </table>\n</div>\n\n<figure class=\"highlight\"><pre><code class=\"language-html\" data-lang=\"html\">\n<!-- On rows -->\n<tr class=\"bg-primary\">...</tr>\n<tr class=\"bg-success\">...</tr>\n<tr class=\"bg-warning\">...</tr>\n<tr class=\"bg-danger\">...</tr>\n<tr class=\"bg-info\">...</tr>\n\n<!-- On cells (`td` or `th`) -->\n<p><tr>\n  <td class=\"bg-primary\">…</td>\n  <td class=\"bg-success\">…</td>\n  <td class=\"bg-warning\">…</td>\n  <td class=\"bg-danger\">…</td>\n  <td class=\"bg-info\">…</td></p>\n<p></tr>\n</code></pre></figure></p>\n<p>Create responsive tables by wrapping any <code>.table</code> with <code>.table-responsive{-sm|-md|-lg|-xl}</code>, making the table scroll horizontally at each <code>max-width</code> breakpoint of up to (but not including) 576px, 768px, 992px, and 1120px, respectively.</p>\n<p>{% include calloutInfoMediaqueriesBreakpoints.html %}</p>\n<h2 id=\"captions\">Captions</h2>\n<p>A <code>&lt;caption&gt;</code> functions like a heading for a table. It helps users with screen readers to find a table and understand what it’s about and decide if they want to read it.</p>\n<div class=\"bd-example\">\n<table class=\"table\">\n  <caption>List of users</caption>\n  <thead>\n    <tr>\n      <th scope=\"col\">#</th>\n      <th scope=\"col\">First</th>\n      <th scope=\"col\">Last</th>\n      <th scope=\"col\">Handle</th>\n    </tr>\n  </thead>\n  <tbody>\n    <tr>\n      <th scope=\"row\">1</th>\n      <td>Mark</td>\n      <td>Otto</td>\n      <td>@mdo</td>\n    </tr>\n    <tr>\n      <th scope=\"row\">2</th>\n      <td>Jacob</td>\n      <td>Thornton</td>\n      <td>@fat</td>\n    </tr>\n    <tr>\n      <th scope=\"row\">3</th>\n      <td>Larry</td>\n      <td>the Bird</td>\n      <td>@twitter</td>\n    </tr>\n  </tbody>\n</table>\n</div>\n\n\n<h2 id=\"responsive-tables\">Responsive tables</h2>\n<p>Responsive tables allow tables to be scrolled horizontally with ease. Make any table responsive across all viewports by wrapping a <code>.table</code> with <code>.table-responsive</code>. Or, pick a maximum breakpoint with which to have a responsive table up to by using <code>.table-responsive{-sm|-md|-lg|-xl}</code>.</p>\n<div class=\"bd-callout bd-callout-warning\">\n##### Vertical clipping/truncation\n\nResponsive tables make use of `overflow-y: hidden`, which clips off any content that goes beyond the bottom or top edges of the table. In particular, this can clip off dropdown menus and other third-party widgets.\n</div>\n{% include callout.html content=callout type=\"warning\" %}\n\n### Always responsive\n\nAcross every breakpoint, use `.table-responsive` for horizontally scrolling tables.\n\n<div class=\"bd-example\">\n  <div class=\"table-responsive\">\n    <table class=\"table\">\n      <thead>\n        <tr>\n          <th scope=\"col\">#</th>\n          <th scope=\"col\">Heading</th>\n          <th scope=\"col\">Heading</th>\n          <th scope=\"col\">Heading</th>\n          <th scope=\"col\">Heading</th>\n          <th scope=\"col\">Heading</th>\n          <th scope=\"col\">Heading</th>\n          <th scope=\"col\">Heading</th>\n          <th scope=\"col\">Heading</th>\n          <th scope=\"col\">Heading</th>\n        </tr>\n      </thead>\n      <tbody>\n        <tr>\n          <th scope=\"row\">1</th>\n          <td>Cell</td>\n          <td>Cell</td>\n          <td>Cell</td>\n          <td>Cell</td>\n          <td>Cell</td>\n          <td>Cell</td>\n          <td>Cell</td>\n          <td>Cell</td>\n          <td>Cell</td>\n        </tr>\n        <tr>\n          <th scope=\"row\">2</th>\n          <td>Cell</td>\n          <td>Cell</td>\n          <td>Cell</td>\n          <td>Cell</td>\n          <td>Cell</td>\n          <td>Cell</td>\n          <td>Cell</td>\n          <td>Cell</td>\n          <td>Cell</td>\n        </tr>\n        <tr>\n          <th scope=\"row\">3</th>\n          <td>Cell</td>\n          <td>Cell</td>\n          <td>Cell</td>\n          <td>Cell</td>\n          <td>Cell</td>\n          <td>Cell</td>\n          <td>Cell</td>\n          <td>Cell</td>\n          <td>Cell</td>\n        </tr>\n      </tbody>\n    </table>\n  </div>\n</div>\n\n<p><figure class=\"highlight\"><pre><code class=\"language-html\" data-lang=\"html\"></p>\n<div class=\"table-responsive\">\n  <table class=\"table\">\n    ...\n  </table>\n</div>\n</code></pre></figure>\n\n### Breakpoint specific\n\nUse `.table-responsive{-sm|-md|-lg|-xl}` as needed to create responsive tables up to a particular breakpoint. From that breakpoint and up, the table will behave normally and not scroll horizontally.\n\n<div class=\"bd-example\">\n{% for bp in shared.data.breakpoints %}{% unless bp.breakpoint == \"xs\" %}\n<div class=\"table-responsive{{ bp.abbr }}\">\n  <table class=\"table\">\n    <thead>\n      <tr>\n        <th scope=\"col\">#</th>\n        <th scope=\"col\">Heading</th>\n        <th scope=\"col\">Heading</th>\n        <th scope=\"col\">Heading</th>\n        <th scope=\"col\">Heading</th>\n        <th scope=\"col\">Heading</th>\n      </tr>\n    </thead>\n    <tbody>\n      <tr>\n        <th scope=\"row\">1</th>\n        <td>Cell</td>\n        <td>Cell</td>\n        <td>Cell</td>\n        <td>Cell</td>\n        <td>Cell</td>\n      </tr>\n      <tr>\n        <th scope=\"row\">2</th>\n        <td>Cell</td>\n        <td>Cell</td>\n        <td>Cell</td>\n        <td>Cell</td>\n        <td>Cell</td>\n      </tr>\n      <tr>\n        <th scope=\"row\">3</th>\n        <td>Cell</td>\n        <td>Cell</td>\n        <td>Cell</td>\n        <td>Cell</td>\n        <td>Cell</td>\n      </tr>\n    </tbody>\n  </table>\n</div>\n{% endunless %}{% endfor %}\n</div>\n\n<p><figure class=\"highlight\"><pre><code class=\"language-html\" data-lang=\"html\">\n{% for bp in shared.data.breakpoints %}{% unless bp.breakpoint == “xs” %}</p>\n<p><div class=\"table-responsive{{ bp.abbr }}\">\n  <table class=\"table\">\n    …\n  </table></p>\n<p></div>\n{% endunless %}{% endfor %}\n</code></pre></figure></p>\n","updatedAt":"2018-06-06T20:04:50.000Z"}