{"layout":"docs","title":"Typography","description":"Documentation and examples for framekit typography, including global settings, headings, body text, lists, and more.","group":"content","toc":true,"body":"<h2 id=\"global-settings\">Global settings</h2>\n<p>framekit sets basic global display, typography, and link styles. When more control is needed, check out the <a href=\"%7B%7B%20%7B%7Bshared.baseurl%20%7D%7D/docs/%7B%7B%20shared.docs_version%20%7D%7D/utilities/text/\">textual utility classes</a>.</p>\n<ul>\n<li>Use a <a href=\"%7B%7B%20%7B%7Bshared.baseurl%20%7D%7D/docs/%7B%7B%20shared.docs_version%20%7D%7D/content/reboot/#native-font-stack\">native font stack</a> that selects the best <code>font-family</code> for each OS and device.</li>\n<li>For a more inclusive and accessible type scale, we assume the browser default root <code>font-size</code> (typically 16px) so visitors can customize their browser defaults as needed.</li>\n<li>Use the <code>$font-family-base</code>, <code>$font-size-base</code>, and <code>$line-height-base</code> attributes as our typographic base applied to the <code>&lt;body&gt;</code>.</li>\n<li>Set the global link color via <code>$link-color</code> and apply link underlines only on <code>:hover</code>.</li>\n<li>Use <code>$body-bg</code> to set a <code>background-color</code> on the <code>&lt;body&gt;</code> (<code>#fff</code> by default).</li>\n</ul>\n<p>These styles can be found within <code>_reboot.scss</code>, and the global variables are defined in <code>_variables.scss</code>. Make sure to set <code>$font-size-base</code> in <code>rem</code>.</p>\n<h2 id=\"headings\">Headings</h2>\n<p>All HTML headings, <code>&lt;h1&gt;</code> through <code>&lt;h6&gt;</code>, are available.</p>\n<table>\n  <thead>\n    <tr>\n      <th>Heading</th>\n      <th>Example</th>\n    </tr>\n  </thead>\n  <tbody>\n    <tr>\n      <td>\n        {{ \"`<h1></h1>`\" }}\n      </td>\n      <td><span class=\"h1\">h1. framekit heading</span></td>\n    </tr>\n    <tr>\n      <td>\n        {{ \"`<h2></h2>`\" }}\n      </td>\n      <td><span class=\"h2\">h2. framekit heading</span></td>\n    </tr>\n    <tr>\n      <td>\n        {{ \"`<h3></h3>`\" }}\n      </td>\n      <td><span class=\"h3\">h3. framekit heading</span></td>\n    </tr>\n    <tr>\n      <td>\n        {{ \"`<h4></h4>`\" }}\n      </td>\n      <td><span class=\"h4\">h4. framekit heading</span></td>\n    </tr>\n    <tr>\n      <td>\n        {{ \"`<h5></h5>`\" }}\n      </td>\n      <td><span class=\"h5\">h5. framekit heading</span></td>\n    </tr>\n    <tr>\n      <td>\n        {{ \"`<h6></h6>`\" }}\n      </td>\n      <td><span class=\"h6\">h6. framekit heading</span></td>\n    </tr>\n  </tbody>\n</table>\n\n<p><figure class=\"highlight\"><pre><code class=\"language-html\" data-lang=\"html\"></p>\n<p><h1>h1. framekit heading</h1></p>\n<p><h2>h2. framekit heading</h2></p>\n<p><h3>h3. framekit heading</h3></p>\n<p><h4>h4. framekit heading</h4></p>\n<p><h5>h5. framekit heading</h5></p>\n<p><h6>h6. framekit heading</h6>\n</code></pre></figure></p>\n<p><code>.h1</code> through <code>.h6</code> classes are also available, for when you want to match the font styling of a heading but cannot use the associated HTML element.</p>\n<div class=\"bd-example\">\n<p class=\"h1\">h1. framekit heading</p>\n<p class=\"h2\">h2. framekit heading</p>\n<p class=\"h3\">h3. framekit heading</p>\n<p class=\"h4\">h4. framekit heading</p>\n<p class=\"h5\">h5. framekit heading</p>\n<p class=\"h6\">h6. framekit heading</p>\n</div>\n\n\n<h3 id=\"customizing-headings\">Customizing headings</h3>\n<p>Use the included utility classes to recreate the small secondary heading text from framekit 3.</p>\n<div class=\"bd-example\">\n  <span class=\"h3\">\n    Fancy display heading\n    <small class=\"text-muted\">With faded secondary text</small>\n  </span>\n</div>\n\n<p><figure class=\"highlight\"><pre><code class=\"language-html\" data-lang=\"html\"></p>\n<p><h3>\n  Fancy display heading\n  <small class=\"text-muted\">With faded secondary text</small></p>\n<p></h3>\n</code></pre></figure></p>\n<h2 id=\"display-headings\">Display headings</h2>\n<p>Traditional heading elements are designed to work best in the meat of your page content. When you need a heading to stand out, consider using a <strong>display heading</strong>—a larger, slightly more opinionated heading style.</p>\n<div class=\"bd-example bd-example-type\">\n  <table class=\"table\">\n    <tbody>\n      <tr>\n        <td><span class=\"display-1\">Display 1</span></td>\n      </tr>\n      <tr>\n      <td><span class=\"display-2\">Display 2</span></td>\n      </tr>\n      <tr>\n      <td><span class=\"display-3\">Display 3</span></td>\n      </tr>\n      <tr>\n      <td><span class=\"display-4\">Display 4</span></td>\n      </tr>\n    </tbody>\n  </table>\n</div>\n\n<p><figure class=\"highlight\"><pre><code class=\"language-html\" data-lang=\"html\"></p>\n<p><h1 class=\"display-1\">Display 1</h1></p>\n<p><h1 class=\"display-2\">Display 2</h1></p>\n<p><h1 class=\"display-3\">Display 3</h1></p>\n<p><h1 class=\"display-4\">Display 4</h1>\n</code></pre></figure></p>\n<h2 id=\"lead\">Lead</h2>\n<p>Make a paragraph stand out by adding <code>.lead</code>.</p>\n<div class=\"bd-example\">\n<p class=\"lead\">\n  Vivamus sagittis lacus vel augue laoreet rutrum faucibus dolor auctor. Duis mollis, est non commodo luctus.\n</p>\n</div>\n\n\n<h2 id=\"inline-text-elements\">Inline text elements</h2>\n<p>Styling for common inline HTML5 elements.</p>\n<div class=\"bd-example\">\n<p>You can use the mark tag to <mark>highlight</mark> text.</p>\n<p><del>This line of text is meant to be treated as deleted text.</del></p>\n<p><s>This line of text is meant to be treated as no longer accurate.</s></p>\n<p><ins>This line of text is meant to be treated as an addition to the document.</ins></p>\n<p><u>This line of text will render as underlined</u></p>\n<p><small>This line of text is meant to be treated as fine print.</small></p>\n<p><strong>This line rendered as bold text.</strong></p>\n<p><em>This line rendered as italicized text.</em></p>\n</div>\n\n\n<p><code>.mark</code> and <code>.small</code> classes are also available to apply the same styles as <code>&lt;mark&gt;</code> and <code>&lt;small&gt;</code> while avoiding any unwanted semantic implications that the tags would bring.</p>\n<p>While not shown above, feel free to use <code>&lt;b&gt;</code> and <code>&lt;i&gt;</code> in HTML5. <code>&lt;b&gt;</code> is meant to highlight words or phrases without conveying additional importance while <code>&lt;i&gt;</code> is mostly for voice, technical terms, etc.</p>\n<h2 id=\"text-utilities\">Text utilities</h2>\n<p>Change text alignment, transform, style, weight, and color with our <a href=\"%7B%7B%20%7B%7Bshared.baseurl%20%7D%7D/docs/%7B%7B%20shared.docs_version%20%7D%7D/utilities/text/\">text utilities</a> and <a href=\"%7B%7B%20%7B%7Bshared.baseurl%20%7D%7D/docs/%7B%7B%20shared.docs_version%20%7D%7D/utilities/colors/\">color utilities</a>.</p>\n<h2 id=\"abbreviations\">Abbreviations</h2>\n<p>Stylized implementation of HTML’s <code>&lt;abbr&gt;</code> element for abbreviations and acronyms to show the expanded version on hover. Abbreviations have a default underline and gain a help cursor to provide additional context on hover and to users of assistive technologies.</p>\n<p>Add <code>.initialism</code> to an abbreviation for a slightly smaller font-size.</p>\n<div class=\"bd-example\">\n<p><abbr title=\"attribute\">attr</abbr></p>\n<p><abbr title=\"HyperText Markup Language\" class=\"initialism\">HTML</abbr></p>\n</div>\n\n\n<h2 id=\"blockquotes\">Blockquotes</h2>\n<p>For quoting blocks of content from another source within your document. Wrap <code>&lt;blockquote class=&quot;blockquote&quot;&gt;</code> around any <abbr title=\"HyperText Markup Language\">HTML</abbr> as the quote.</p>\n<div class=\"bd-example\">\n<blockquote class=\"blockquote\">\n  <p class=\"mb-0\">Lorem ipsum dolor sit amet, consectetur adipiscing elit. Integer posuere erat a ante.</p>\n</blockquote>\n</div>\n\n\n<h3 id=\"naming-a-source\">Naming a source</h3>\n<p>Add a <code>&lt;footer class=&quot;blockquote-footer&quot;&gt;</code> for identifying the source. Wrap the name of the source work in <code>&lt;cite&gt;</code>.</p>\n<div class=\"bd-example\">\n<blockquote class=\"blockquote\">\n  <p class=\"mb-0\">Lorem ipsum dolor sit amet, consectetur adipiscing elit. Integer posuere erat a ante.</p>\n  <footer class=\"blockquote-footer\">Someone famous in <cite title=\"Source Title\">Source Title</cite></footer>\n</blockquote>\n</div>\n\n\n<h3 id=\"alignment\">Alignment</h3>\n<p>Use text utilities as needed to change the alignment of your blockquote.</p>\n<div class=\"bd-example\">\n<blockquote class=\"blockquote text-center\">\n  <p class=\"mb-0\">Lorem ipsum dolor sit amet, consectetur adipiscing elit. Integer posuere erat a ante.</p>\n  <footer class=\"blockquote-footer\">Someone famous in <cite title=\"Source Title\">Source Title</cite></footer>\n</blockquote>\n</div>\n\n\n<div class=\"bd-example\">\n<blockquote class=\"blockquote text-right\">\n  <p class=\"mb-0\">Lorem ipsum dolor sit amet, consectetur adipiscing elit. Integer posuere erat a ante.</p>\n  <footer class=\"blockquote-footer\">Someone famous in <cite title=\"Source Title\">Source Title</cite></footer>\n</blockquote>\n</div>\n\n\n<h2 id=\"lists\">Lists</h2>\n<h3 id=\"unstyled\">Unstyled</h3>\n<p>Remove the default <code>list-style</code> and left margin on list items (immediate children only). <strong>This only applies to immediate children list items</strong>, meaning you will need to add the class for any nested lists as well.</p>\n<div class=\"bd-example\">\n<ul class=\"list-unstyled\">\n  <li>Lorem ipsum dolor sit amet</li>\n  <li>Consectetur adipiscing elit</li>\n  <li>Integer molestie lorem at massa</li>\n  <li>Facilisis in pretium nisl aliquet</li>\n  <li>Nulla volutpat aliquam velit\n    <ul>\n      <li>Phasellus iaculis neque</li>\n      <li>Purus sodales ultricies</li>\n      <li>Vestibulum laoreet porttitor sem</li>\n      <li>Ac tristique libero volutpat at</li>\n    </ul>\n  </li>\n  <li>Faucibus porta lacus fringilla vel</li>\n  <li>Aenean sit amet erat nunc</li>\n  <li>Eget porttitor lorem</li>\n</ul>\n</div>\n\n\n<h3 id=\"inline\">Inline</h3>\n<p>Remove a list’s bullets and apply some light <code>margin</code> with a combination of two classes, <code>.list-inline</code> and <code>.list-inline-item</code>.</p>\n<div class=\"bd-example\">\n<ul class=\"list-inline\">\n  <li class=\"list-inline-item\">Lorem ipsum</li>\n  <li class=\"list-inline-item\">Phasellus iaculis</li>\n  <li class=\"list-inline-item\">Nulla volutpat</li>\n</ul>\n</div>\n\n\n<h3 id=\"description-list-alignment\">Description list alignment</h3>\n<p>Align terms and descriptions horizontally by using our grid system’s predefined classes (or semantic mixins). For longer terms, you can optionally add a <code>.text-truncate</code> class to truncate the text with an ellipsis.</p>\n<div class=\"bd-example\">\n<dl class=\"row\">\n  <dt class=\"col-sm-3\">Description lists</dt>\n  <dd class=\"col-sm-9\">A description list is perfect for defining terms.</dd>\n\n  <dt class=\"col-sm-3\">Euismod</dt>\n  <dd class=\"col-sm-9\">\n    <p>Vestibulum id ligula porta felis euismod semper eget lacinia odio sem nec elit.</p>\n    <p>Donec id elit non mi porta gravida at eget metus.</p>\n  </dd>\n\n  <dt class=\"col-sm-3\">Malesuada porta</dt>\n  <dd class=\"col-sm-9\">Etiam porta sem malesuada magna mollis euismod.</dd>\n\n  <dt class=\"col-sm-3 text-truncate\">Truncated term is truncated</dt>\n  <dd class=\"col-sm-9\">Fusce dapibus, tellus ac cursus commodo, tortor mauris condimentum nibh, ut fermentum massa justo sit amet risus.</dd>\n\n  <dt class=\"col-sm-3\">Nesting</dt>\n  <dd class=\"col-sm-9\">\n    <dl class=\"row\">\n      <dt class=\"col-sm-4\">Nested definition list</dt>\n      <dd class=\"col-sm-8\">Aenean posuere, tortor sed cursus feugiat, nunc augue blandit nunc.</dd>\n    </dl>\n  </dd>\n</dl>\n</div>\n\n\n<h2 id=\"responsive-typography\">Responsive typography</h2>\n<p><em>Responsive typography</em> refers to scaling text and components by simply adjusting the root element’s <code>font-size</code> within a series of media queries. framekit doesn’t do this for you, but it’s fairly easy to add if you need it.</p>\n<p>Here’s an example of it in practice. Choose whatever <code>font-size</code>s and media queries you wish.</p>\n<p><figure class=\"highlight\"><pre><code class=\"language-scss\" data-lang=\"scss\">\nhtml {\n  font-size: 1rem;\n}</p>\n<p>@include media-breakpoint-up(sm) {\n  html {\n    font-size: 1.2rem;\n  }\n}</p>\n<p>@include media-breakpoint-up(md) {\n  html {\n    font-size: 1.4rem;\n  }\n}</p>\n<p>@include media-breakpoint-up(lg) {\n  html {\n    font-size: 1.6rem;\n  }\n}\n</code></pre></figure></p>\n","updatedAt":"2018-06-06T20:04:50.000Z"}